Unnamed: 0,Open,High,Low,Close,Adj Close,Volume,lag1,lag2,lag3,lag7,lag10,SMA_10,SMA_50,returns,EMA_10,EMA_50,RSI,Volatility_10,High_Low_Range,Pct_Change,MACD,MACD_Signal,BB_Middle,BB_Upper,BB_Lower
0.0,0.0007446295776656342,0.0,0.0,0.0,0.0,0.39335148027982647,0.0,0.0,0.005703473648194013,0.024259767652960673,0.03178430696081097,0.0,0.024437930109830863,0.4724069420891793,0.0,0.0,0.7094752375590478,0.24392528895614685,0.0491292619603119,0.4724069420891798,0.43967067016885614,0.3573999142611437,0.0004478005287492093,0.00228748038202764,0.00789203885308426
0.0010152284263959394,0.0,0.006869675190289359,0.002159324272106522,0.010029573158916394,0.00967845401284928,0.3053897002042602,0.003647591861175137,0.012457579645375194,0.0,0.0,0.012383735873246315,0.0048147780537659,0.02238718925188432,0.5395873892651071,0.005681644569472899,0.0007896035739767271,0.7581736245222391,0.28852032577122316,0.10095411734340112,0.5395873892651077,0.4659178721091006,0.37641325554003097,0.0,0.0,0.009306710420274311
0.0020304568527918787,0.022318960622962458,0.0344050899864613,0.025511132997043218,0.03634282985023485,0.035070023921363824,0.4880163065587365,0.013640581230666027,0.01605973134042593,0.012457579645375194,0.007288794848094082,0.025202607160533907,0.01089978122350399,0.021477278363448482,0.7067084024380225,0.015107542609809899,0.0026472193921347476,0.731944019299445,0.400789996144778,0.14925401460592821,0.7067084024380228,0.5059350650244857,0.40055498553185964,0.0042541021278238444,0.012774585803472016,0.00483732349001581
0.003045685279187818,0.026901112725964182,0.030771522254367856,0.030441416104300734,0.031347129485653324,0.03024942205918335,0.30576539052809326,0.03985785790103624,0.02592823224895091,0.01605973134042593,0.0009065690009730232,0.024259767652960673,0.016588430335635784,0.020495660854337294,0.3839444807687579,0.02191265110018853,0.004223341360335753,0.7228691975128356,0.4561704289172693,0.055969781012293,0.3839444807687579,0.5331994896837139,0.4259532573475589,0.007249241001410944,0.0218266918502239,0.001632479800822928
0.004060913705583757,0.03640912349524228,0.034310489589971294,0.03372825206995267,0.03565642439083261,0.03440775179079181,0.3799065627332898,0.034880379812445406,0.05181890510711529,0.02592823224895091,0.039091250895350316,0.0,0.025228986230891814,0.019192779782363334,0.4763564459583403,0.028262837315496114,0.005917632968328701,0.6836898421230796,0.44334215001355576,0.05907974047400937,0.4763564459583406,0.5570226211908778,0.4515887331093368,0.011046057619835903,0.030875173136224787,0.0
0.005076142131979697,0.03127327695745519,0.03194490214172285,0.02323709808558616,0.028239102324107423,0.027250284458056995,0.5458406427844477,0.0391739561686012,0.046903434348246065,0.05181890510711529,0.033579295876311754,0.007288794848094082,0.03237660130927217,0.017626971961895332,0.3599043557825933,0.032111798952992376,0.007235696205787234,0.7386725227711326,0.3959659249641584,0.14697405246190343,0.3599043557825931,0.5692316503623798,0.4748219309065612,0.014653126852928966,0.03718372621283128,0.0007402844313939561
0.006091370558375636,0.018405052387429177,0.021971548497603632,0.023218028243660593,0.01704643385131066,0.016449543160043878,0.3025132141077997,0.03178368946547827,0.051143523134981606,0.046903434348246065,0.04561855876887222,0.0009065690009730232,0.03908067423752021,0.01567103012726856,0.32099768233229203,0.033228874481637305,0.008034607220731904,0.6598726024844916,0.2564464767933234,0.03793505270989058,0.3209976823322921,0.5694184827528519,0.4934501864899401,0.019177617521012935,0.03849414561278253,0.008281470222577914
0.0071065989847715755,0.015216604470480899,0.013587920441875068,0.0013949560209789436,0.0007245778891553645,0.0006992345497519592,0.44804011550479106,0.020631847279107718,0.043845321267913406,0.051143523134981606,0.04909975274636347,0.039091250895350316,0.04019424410216804,0.013578155957954752,0.2660387859722571,0.031179545425008948,0.008120503643360921,0.6015898502839181,0.23632221406972942,0.18283600973728537,0.26603878597225705,0.5564021570752824,0.5054478009340903,0.023352028150090798,0.03479550852138924,0.020154232963454755
0.008121827411167515,0.010118921655179802,0.014818014364244236,0.014332123399489194,0.015463849137902441,0.014922396479749911,0.2649647362102952,0.0043695267859192866,0.0328324040437723,0.043845321267913406,0.0586368763430255,0.033579295876311754,0.04334055661063735,0.011736865095960392,0.5892542310132252,0.032178796844597846,0.0088186194408294,0.7365880756481408,0.18002294476534325,0.055969781012293,0.5892542310132258,0.5560922637281632,0.5149767303384518,0.026124216415485457,0.03685511790967977,0.023516169172464685
0.009137055837563454,0.01443381117032927,0.022104035255569476,0.019434326671874058,0.013423602595213135,0.012953658280592362,0.287666023863187,0.01905503518881979,0.01677267270334626,0.0328324040437723,0.08365815863684872,0.04561855876887222,0.04503167301633787,0.009930819882032482,0.41237150996140953,0.03262595105379135,0.009404146947051717,0.711531756353685,0.15081814073600308,0.08043129494764426,0.4123715099614094,0.5533689600866685,0.5219920856041106,0.02892391720488019,0.03790268238681915,0.027945514959066275
0.010152284263959394,0.016973126213664647,0.024488565884555835,0.023504659048138477,0.0285632770286115,0.027562910526822137,0.29151085462411697,0.017022230632814384,0.03127523521568476,0.01677267270334626,0.07890774592496291,0.04909975274636347,0.047859013027046926,0.008138953042316266,0.5896116223942715,0.035740474532516886,0.010599023351011816,0.7716817616598337,0.12572652169457715,0.062396566645241854,0.5896116223942718,0.5614531978282673,0.5294086140066675,0.031251151014779266,0.04164202086065816,0.02875449355841203
0.011167512690355333,0.02575556013390745,0.02738404261106797,0.029141984245627972,0.028944652188065745,0.027931037798218927,0.2656076348495597,0.0321066817129686,0.02926775448433938,0.03127523521568476,0.08300545551578681,0.0586368763430255,0.04973132479615067,0.00644958392981021,0.4371740990743897,0.038357961240680416,0.0117629700471924,0.682312666968327,0.11622206899991046,0.032960129762995234,0.4371740990743904,0.5670309455180054,0.5365866812254153,0.034612501053651545,0.043964384263798895,0.033006158677341524
0.012182741116751272,0.03201784826989562,0.02982528727506839,0.02579782211908055,0.020192575252930167,0.01948552803262693,0.2510973097889311,0.03248666577149517,0.04416428981375575,0.02926775448433938,0.075952322128578,0.08365815863684872,0.0481326895639132,0.004571019818275124,0.34561081563111373,0.038910565783775664,0.01251573997636557,0.666947594785699,0.10107421359642284,0.09597792915669223,0.345610815631114,0.5638469419991314,0.541618527515381,0.03686763048073638,0.04543829387042053,0.035942891246652287
0.013197969543147212,0.03134966266765227,0.037092422739255504,0.03667113107023101,0.037639470478571746,0.03632127665662599,0.3232549741141944,0.023766512840956544,0.04453954019060935,0.04416428981375575,0.06530921091036762,0.07890774592496291,0.04875553782577341,0.003304195434957413,0.6111307374410938,0.042530252213341224,0.01396766169738628,0.6806295234633252,0.1142551510579375,0.05762851040786263,0.611130737441094,0.5731520197260073,0.5477207164109968,0.040040184238105625,0.04876986505349479,0.03881438600399145
0.014213197969543151,0.04133492389629345,0.04628979901631758,0.045193950789544024,0.049213455921143234,0.047489914930589294,0.4539563816682535,0.04114976891357025,0.035928019259722666,0.04453954019060935,0.04978875404031585,0.08300545551578681,0.050097482506479885,0.002096113386303111,0.5475357192640085,0.047593118400560075,0.015846034539918286,0.7013440903138907,0.15328394526585892,0.06592025952599045,0.5475357192640087,0.587805648119124,0.5558728715824188,0.04505801405464227,0.049893555733106165,0.04750795499941879
0.01522842639593909,0.034251678737667546,0.054749142041397914,0.040416576323047626,0.040194521115812676,0.03878681970797038,0.618257522013997,0.05268153718104007,0.053094722035315844,0.035928019259722666,0.06380433071508779,0.075952322128578,0.0512808913240575,0.0008309098478226362,0.3462068483980982,0.050098038830309444,0.01727406854507174,0.6319277539382016,0.16866765554121216,0.21040621789453945,0.34620684839809823,0.5912988649796971,0.5631742135916004,0.0492457082890988,0.048727524833664826,0.056870281833458824
0.01624365482233503,0.03982667027755682,0.0447001311815266,0.04131472505545131,0.047993160152312586,0.04631235673824041,0.31265571093541467,0.04369549976890197,0.06448283238114172,0.053094722035315844,0.061864259773186214,0.06530921091036762,0.05434415739761206,2.511753143397133e-05,0.5099319565113537,0.05356339410885441,0.01897181253918201,0.5693673133114667,0.1909133897240849,0.09058864017085785,0.509931956511354,0.5984085448531669,0.5706020290804559,0.05415538442670731,0.044408405110838656,0.07080324120302317
0.01725888324873097,0.05107203353093781,0.05853408195859544,0.05686982599323265,0.05638288995319107,0.05440845073747225,0.3531457641344206,0.051465692553124165,0.055608739245761596,0.06448283238114172,0.07626057993524432,0.04978875404031585,0.05985350327797251,0.0,0.5145871184930647,0.05792187467266302,0.02095337665386987,0.6233422627272699,0.17418544726214913,0.07338327656624027,0.5145871184930653,0.6087064457686376,0.5788425721069868,0.05748447655596167,0.047921082538897264,0.07379967267998588
0.01827411167512691,0.0613818903289981,0.06277319618470478,0.06529712155023937,0.06223665533170497,0.06005713745177976,0.3376796554839796,0.05982482004386336,0.06328213423451445,0.055608739245761596,0.0766232296686657,0.06380433071508779,0.06448331610485564,0.0005084321967600003,0.48919286071789914,0.06255067935637554,0.023101715756000285,0.6284690308613623,0.18968265065062057,0.028399572855038906,0.48919286071789986,0.6195150306239158,0.5878472718587118,0.06139324403039714,0.05052030193434964,0.07884525756816735
0.019289340101522848,0.06665139729332392,0.06642570709753615,0.07122107755220675,0.06816664919036619,0.06577928841355396,0.26026232662505333,0.0656572332754255,0.07153712722877192,0.06328213423451445,0.06830087754706243,0.061864259773186214,0.06990206430351459,0.0009577153022193308,0.48934236994256264,0.06741449791346327,0.02541347334382993,0.6847054307359371,0.18693670375113286,0.0041461908690173035,0.48934236994256297,0.6306567551407123,0.5975376472655314,0.0649671071453366,0.055044458102418536,0.08130765448046368
0.020304568527918787,0.07127177138403673,0.0762286876222138,0.07565449505332966,0.08035086980187223,0.07908144127872008,0.3134276460688832,0.07156559693675102,0.07729688270797708,0.07153712722877192,0.08489113453093328,0.07626057993524432,0.07502826648821076,0.0024408773447898158,0.5472201211518077,0.07360608108649352,0.02814344956241499,0.7791919770990301,0.23220798268609105,0.06343279805254279,0.5472201211518083,0.6465439748762256,0.6088356651737381,0.06896505544210785,0.06174927337124303,0.08241595585969114
0.021319796954314726,0.07596847291972164,0.08890820169266556,0.08129176193325982,0.08965586507163326,0.08808501448529571,0.3479934396932814,0.0837053744843198,0.08313164245841786,0.07729688270797708,0.09589684014998451,0.0766232296686657,0.08103777446982091,0.0041282225648485715,0.518519494232597,0.0803612819484128,0.03115499240531583,0.9039625824155163,0.27374410594700516,0.1411691321973165,0.5185194942325977,0.6638451709647943,0.6217353690270503,0.07292695154747186,0.0702666598160897,0.08163840237859771
0.022335025380710666,0.09454529119095045,0.09390435010509413,0.08830497330980258,0.08279151952921293,0.08144300593592269,0.39468295419347194,0.09297642892906643,0.09512018776031061,0.08313164245841786,0.08732073281363123,0.06830087754706243,0.08723413980994604,0.004638679890398345,0.3714902406475437,0.08464201436356816,0.03376174511352115,0.8296695227701694,0.23270472402167452,0.1198175777236816,0.3714902406475439,0.670134799563354,0.633458854540821,0.07523805857403187,0.07629305162819766,0.0801253179749396
0.023350253807106605,0.08370085095196056,0.08682653094108672,0.07359063662596999,0.07562208549716509,0.07450604649331138,0.5040819210450814,0.08613712171757892,0.10427574730591527,0.09512018776031061,0.0947364606016809,0.08489113453093328,0.09099385432189994,0.005381272857907127,0.36799405740271257,0.08684279161837577,0.035966839743688084,0.7944218303172401,0.2053719962229646,0.2019076020668955,0.36799405740271257,0.667500502628933,0.6422497192550509,0.07744100902637063,0.08034459333191146,0.08037842271468054
0.024365482233502544,0.06911432662646211,0.07516890906568652,0.07038025498069866,0.07922588872806557,0.07799306499806868,0.3850566033426732,0.07899383885475564,0.09752164130873409,0.10427574730591527,0.10271425674372742,0.09589684014998451,0.09396463922199144,0.005656758372118209,0.46660075967923687,0.08929771282266546,0.03823597345406282,0.7660966436188712,0.19668787923085224,0.10903836713210607,0.4666007596792373,0.6658480303120823,0.6489136114349136,0.07960885694348441,0.0845556035366809,0.08040312911094266
0.025380710659898484,0.06117190245748727,0.07159211312220692,0.06785778726617431,0.07573648640706543,0.0746167610292664,0.40623685904618617,0.08258449688232183,0.09046734646110377,0.09752164130873409,0.10828060368952114,0.08732073281363123,0.09748276567598807,0.006255936861934042,0.401347828275789,0.09067276940330221,0.04027038612037093,0.741282027812679,0.14149269684697136,0.09722229251332284,0.40134782827578896,0.6597535574804537,0.6528845577085697,0.0819721429447906,0.0877029390041254,0.08187555181779749
0.026395939086294423,0.08564830783802446,0.0878673663168762,0.08717751993381662,0.08956049218692985,0.08799272358506915,0.3172530642598886,0.07910782247682813,0.0940132735803123,0.09046734646110377,0.11391943631593465,0.0947364606016809,0.10159731390804755,0.00730642482234134,0.5608784393301242,0.09430762068712178,0.04280237956098998,0.8344322304444183,0.10812199164691529,0.06592025952599045,0.5608784393301246,0.663014117316312,0.6567890080893339,0.08558016183406592,0.09203619888403947,0.08459596967012767
0.027411167512690363,0.08919945678165264,0.09169013484194966,0.09231797952517151,0.0860902342704859,0.08463495839971846,0.221763774717126,0.0928814039257212,0.09057991012312605,0.0940132735803123,0.12550541470800852,0.10271425674372742,0.10453789958090515,0.00920929542472082,0.40207105311516567,0.09665155035078171,0.04509014330173866,0.7679286907580739,0.073219956720858,0.052031089472698584,0.4020710531151655,0.660815297341949,0.659421834661159,0.08982762650214027,0.09267524936510885,0.09226744973100198
0.028426395939086288,0.09234968271088984,0.09358260480054847,0.09902537362019204,0.09770239214281051,0.0958708429440901,0.249669914941541,0.08942380409380934,0.10418190608411748,0.09057991012312605,0.13435353701071823,0.10828060368952114,0.10804848054802857,0.010582263508875256,0.5386159243096309,0.10067754590901618,0.047773174322799816,0.768036712908999,0.06752420280079434,0.0,0.5386159243096317,0.6654850346240466,0.66257029020205,0.09391949811157185,0.09607304919402693,0.096871549242465
0.029441624365482227,0.09612998878510948,0.09617533715685256,0.09778326792241487,0.09316429541783044,0.09147974208982645,0.22450208899235913,0.10099360555358816,0.10076737957749349,0.10418190608411748,0.12782622913719627,0.11391943631593465,0.11052287609030703,0.012260290416548969,0.3929938069704402,0.10314763218760753,0.05016145415451834,0.8026195042390182,0.04956743232947826,0.041874376869391765,0.3929938069704401,0.6635747576435739,0.6646627180705088,0.0978870863634429,0.09694780700888228,0.10375930025578195
0.030456852791878167,0.09061227196156174,0.09303383009514665,0.09678959502770501,0.09705410092348188,0.09524357572140196,0.16487809334305864,0.09647206195328739,0.1121930493141059,0.10076737957749349,0.12100881254345336,0.12550541470800852,0.11217624778190044,0.015122902068108623,0.4681975823623675,0.10587482202551929,0.05261853426071139,0.7919855625545545,0.061070012893277556,0.018242227631825307,0.4681975823623678,0.6627451547171447,0.6661515091725616,0.10129492467820089,0.0992891113055433,0.10808296476332546
0.031472081218274106,0.10537067870131,0.10251506531527854,0.09898717561878145,0.09293549359802966,0.09125831301791654,0.28968607305121347,0.10034767903603481,0.1077278332033259,0.1121930493141059,0.12443566992677008,0.13435353701071823,0.11250088227477234,0.016693165666450738,0.39668501037774967,0.10735840910068911,0.054807244035088964,0.7316847801901749,0.06439335119119187,0.09825852392062379,0.3966850103777498,0.6568668057301654,0.6660306092108451,0.10447886128093775,0.09997059451170787,0.11363082220259624
0.032487309644670045,0.09131873781674138,0.09204970875437146,0.09247082984837318,0.09556677271541791,0.09380434432784912,0.2537819540179024,0.0962440947091423,0.11155516947759003,0.1077278332033259,0.12111759639696368,0.12782622913719627,0.11376544251567594,0.019768061010656868,0.4569311785670641,0.10904997259524468,0.057020017818390056,0.7197411050589309,0.06876640323541532,0.05431168423663014,0.45693117856706456,0.65207680296274,0.6648648540473577,0.10822918962347694,0.09809218580129675,0.12285075887644015
0.033502538071065985,0.09252150685991456,0.10100111244983945,0.0973246586352502,0.09583374696497182,0.09406262067121562,0.3126351564496122,0.09886577599423751,0.10750270587928135,0.11155516947759003,0.13426284691107254,0.12100881254345336,0.11576609668058829,0.022417171172343098,0.43573059612932735,0.11048244936160417,0.05915716637855939,0.6966074755096194,0.05224944825983595,0.09970975398677051,0.43573059612932796,0.6464507955640911,0.6626766347940877,0.11112471159024984,0.09788713212645617,0.12872211793340393
0.034517766497461924,0.09725643038331055,0.09666734007364042,0.09892984945788585,0.09524265620059336,0.09349056678185086,0.36964987431788365,0.0991317764306916,0.11009172736096262,0.10750270587928135,0.13096297780029192,0.12443566992677008,0.11735151867092702,0.025304494835041935,0.4280758269577385,0.11154716085237654,0.06118581819733826,0.6297031232470756,0.03611838290016091,0.03482572586808099,0.4280758269577383,0.6396012315556782,0.659397370297777,0.11341494644785288,0.09832906898707494,0.13276107589872976
0.035532994923857864,0.09439257803578138,0.09893832712539885,0.1003439336383497,0.10269809250739215,0.10070445649900372,0.16198904617194113,0.09854284172417449,0.11035441407579394,0.11009172736096262,0.14200498159223368,0.12111759639696368,0.12002031705859356,0.028426790927250423,0.49991363513246273,0.11377185349839986,0.06344629245213063,0.6185012590187333,0.0,0.044361838342839445,0.4999136351324631,0.6378040834183554,0.6563728702878157,0.11652488225070401,0.09730895250157434,0.1398682960355595
0.0365482233502538,0.10012028273083984,0.10100111244983945,0.10363076960400164,0.10553914541938403,0.10345355081897956,0.18154892324469685,0.10597108364217911,0.10977281607028921,0.11035441407579394,0.13768970429438926,0.13426284691107254,0.12160196630549586,0.03223901365684423,0.45840621975250295,0.11610786138981716,0.06573677765631547,0.701693799528684,0.013124907003304126,0.03130203298733238,0.4584062197525036,0.6365835152221425,0.6536808632642512,0.11938814775550566,0.09683613731871277,0.14594470094319179
0.03756345177664974,0.10758539817522639,0.10622434801672398,0.1100706610540293,0.10893317485568088,0.10673762146141696,0.22964756193823088,0.10880177355269205,0.11710852007297512,0.10977281607028921,0.14138852131148177,0.13096297780029192,0.12386307800546209,0.03632064465976681,0.4631455132378824,0.11863534054880592,0.06807919205692803,0.8013173852634096,0.014613244323388605,0.018657226290671104,0.46314551323788283,0.6362363219395968,0.651449770876347,0.12200284654518645,0.09740600437694802,0.15049045091652946
0.03857868020304568,0.1070699257281521,0.10512668309872086,0.10716603837272087,0.10359427176139813,0.1015716340031918,0.18131368857384697,0.1121834229548404,0.11990394643847657,0.11710852007297512,0.13747213658736862,0.14200498159223368,0.12444628654162654,0.039376905233716286,0.3867328283719261,0.11973397827199556,0.07010676698527463,0.720519651701343,0.01838021171391839,0.038142552039313486,0.38673282837192613,0.6301382575429733,0.6483039279285322,0.1240606414710076,0.09694388904336071,0.15497998429842574
0.03959390862944162,0.1050843051196022,0.11672753318550722,0.11184788867691109,0.12109830925231035,0.11850830960666514,0.3231681885074731,0.10686399400003199,0.12324346867386493,0.11990394643847657,0.13997422055068648,0.13768970429438926,0.12721133884619268,0.04286016693289918,0.5875082467531281,0.12381079353444119,0.07278588790779139,0.8290285014518592,0.06761869229467458,0.11442765611794045,0.5875082467531285,0.6364469155389136,0.6471952229917497,0.12669431601257408,0.10072643051284091,0.15634534197500627
0.04060913705583756,0.11825801426519156,0.12022861415963482,0.11966366630599201,0.12483554141830822,0.1221244662831058,0.20442035636339756,0.12430418390625464,0.11799030692892887,0.12324346867386493,0.14022808643059753,0.14138852131148177,0.1299612886571852,0.04589941172691525,0.4653509626388257,0.12782487949763027,0.07551603132352391,0.7942735770394036,0.1086650329027664,0.06799335496049913,0.4653509626388265,0.6422533006839691,0.6476041309597385,0.12890770110174476,0.10584187837259451,0.15555335311013074
0.0416243654822335,0.12186649619038648,0.142957139089958,0.12862602547054403,0.14491371576133805,0.14155195986318836,0.35303499829426316,0.12802778417462057,0.13521323428036436,0.11799030692892887,0.13966601807660078,0.13747213658736862,0.135106360318978,0.04979873601228069,0.6042715308282464,0.13475440661305288,0.07897767823758872,0.8910267093731215,0.19312224998094435,0.21973419841996822,0.6042715308282467,0.6596487443487169,0.6518135810816874,0.1316571178858178,0.11609825322028922,0.15066159039510052
0.04263959390862944,0.15195599856807385,0.16029217084115455,0.15553217280612552,0.1617885482477982,0.1578798494535636,0.40710243128164353,0.1480327215323295,0.13889044750181956,0.13521323428036436,0.1467553943041195,0.13997422055068648,0.1416613321226456,0.05377017305678733,0.5726043966658634,0.14348771480889505,0.08300835418788266,0.901408728056956,0.2946307611888741,0.11774448228917295,0.5726043966658636,0.6835637603343463,0.6605185063119557,0.13558770429009948,0.12905596935916375,0.14537573681044935
0.04365482233502538,0.1546480267665783,0.1532711234657611,0.13525702356274338,0.12948803905318873,0.12662622409946278,0.5070509023276527,0.16484600151715334,0.158646171759094,0.13889044750181956,0.14945695222059324,0.14022808643059753,0.1449926069780409,0.057076395475047725,0.17348044378189592,0.14476885876417628,0.08553192883064387,0.6866239650224444,0.27861009035104656,0.2607792105915752,0.17348044378189637,0.676055472517282,0.6658067430960461,0.13826786565990512,0.13138251397085776,0.14829025537648932
0.04467005076142132,0.14588464557496583,0.14710165291957722,0.13284920817001022,0.13501762972719855,0.13197662063655624,0.5027218992344881,0.13266331139699394,0.17524999896940696,0.158646171759094,0.15268433565075407,0.13966601807660078,0.1489297383500477,0.06104216018079589,0.4800790723509474,0.14682098733817422,0.08818748394113829,0.6918159900414312,0.25415208582027227,0.2193198323810292,0.48007907235094777,0.6719068041089153,0.6691114306496466,0.14104384675944237,0.1342728419624989,0.1508276407883845
0.04568527918781726,0.12398571896025001,0.14308962584792384,0.12971522252756007,0.14300695634342564,0.13970700546658066,0.32761709276781853,0.13817273238106564,0.14346822727462183,0.17524999896940696,0.1476075713783373,0.1467553943041195,0.15291971692973522,0.06501481254984476,0.5002885030529619,0.14995049666570764,0.09107257505323463,0.7396646605390673,0.2425713026171652,0.20936998648723854,0.5002885030529627,0.6722512435463429,0.6718320528570599,0.1443909649844003,0.13749525559587228,0.15415004794888187
0.046700507614213196,0.15875287014499184,0.15732103689889032,0.15291418092929498,0.16033939246948736,0.15647769562691405,0.4036115944428664,0.14613291719455113,0.14890901420798464,0.14346822727462183,0.16425216495638267,0.14945695222059324,0.15834412712350593,0.06949832652839583,0.5767976959386181,0.1556577792177551,0.09456841711726738,0.77457067961645,0.255225039466695,0.11359892404006242,0.5767976959386186,0.6830009995397041,0.6764076864989012,0.14791264912459356,0.1447623873495696,0.15376322393871633
0.047715736040609136,0.16579795158113175,0.16148443615564778,0.16508692173911832,0.15940509897540778,0.15557372842513095,0.25795337271991514,0.16340213166766504,0.15677003438516424,0.14890901420798464,0.16780589994707434,0.15268433565075407,0.16334009766071816,0.07310879734775688,0.42581529486408726,0.16015774921436793,0.09788814642852561,0.7686759034457185,0.24716497907412383,0.027155842118315072,0.4258152948640872,0.6883118676976354,0.68125347560276,0.15156051303941864,0.1502439305709523,0.15541159426341988
0.048730964467005075,0.1586574317061642,0.15779415438854005,0.1615134549689885,0.15967207322496157,0.15583200476849757,0.20774904114751125,0.16247124609493035,0.1738241162435662,0.15677003438516424,0.18689824089426305,0.1476075713783373,0.16889096675853604,0.0768480987503043,0.43550373400144776,0.16388801311877427,0.10108884049594802,0.7726084504783463,0.1900042454837772,0.025497745342652207,0.43550373400144826,0.6901867128503649,0.6855485357572064,0.15464388452680566,0.1554526223295868,0.15622862167320628
0.049746192893401014,0.16482428140332495,0.16367970823805422,0.15373587534131816,0.1558394681742603,0.15212361476569192,0.6863705202996958,0.16273724653138444,0.17290482725199463,0.1738241162435662,0.20294452327800167,0.16425216495638267,0.17232982528096835,0.08023696632829114,0.4024163847806046,0.16624422204432948,0.10400394782740285,0.7338325209374115,0.1583761023245565,0.17433676128973463,0.4024163847806045,0.6863253885870225,0.688122811615939,0.15776235854941745,0.15885347035948694,0.15892491105959206
0.050761421319796954,0.15852377127962547,0.16916785956727065,0.1652015740609094,0.17328630521022237,0.16900496188811864,0.31801472215045595,0.15891862125967327,0.17316751396682584,0.17290482725199463,0.1722299610984292,0.16780589994707434,0.17712573097768075,0.083918739484375,0.5749657567558204,0.1713395742222416,0.10753340697521696,0.7664958094226811,0.15315597896693534,0.11007459853940701,0.5749657567558205,0.6937039932345983,0.691828992948943,0.16155537799075992,0.16508799380620276,0.16010320671334133
0.05177664974619289,0.1826946920845992,0.19361859684395055,0.18645132635707573,0.18789208933419244,0.18313738741215457,0.5370067815529199,0.17630181935485967,0.16939645952357285,0.17316751396682584,0.1774880502375566,0.18689824089426305,0.18137995135568613,0.08769774231286298,0.5488818773541669,0.17816023878922954,0.11153446871269779,0.7876163233884267,0.2155084504292516,0.14738841850084364,0.5488818773541673,0.7077099158991732,0.6979197867844309,0.16628005068100804,0.1730186646443399,0.16140586590063422
0.05279187817258883,0.18460392698295203,0.18682463662301307,0.1792852646573313,0.17555535357271246,0.17120048352831974,0.48124588731859597,0.19085432753953302,0.1865631050439971,0.16939645952357285,0.185085102892317,0.20294452327800167,0.1827426605250781,0.09065555788986612,0.3378024096018446,0.1815009975116873,0.11486338045926858,0.7539117908696932,0.2320377396364527,0.15070524467207613,0.3378024096018446,0.7068829102088814,0.7026078503125568,0.17025997288207562,0.1770089523435442,0.16519751902684898
0.05380710659898477,0.17639424022612493,0.17965215930891576,0.17746989735059837,0.1846696612627463,0.18001947493444215,0.3239446913044533,0.17856259115501005,0.20093432419892,0.1865631050439971,0.2015665206900969,0.1722299610984292,0.18820482119286958,0.09391316547192452,0.5052053011698544,0.18588908552853506,0.11844240706718356,0.737321702943694,0.2107900111732115,0.0918323709075817,0.5052053011698548,0.7102606916369033,0.7071121560699933,0.1746801041530207,0.1815871823758729,0.16926174920866022
0.05482233502538071,0.18347748538475095,0.18025776355653123,0.16877504083103922,0.1632949044810592,0.15933750448284478,0.5173121584065705,0.1876436535704935,0.18879571309938714,0.20093432419892,0.20067810077556908,0.1774880502375566,0.19100385122801983,0.09662507008036691,0.26703773787557616,0.18559866453316137,0.12098835978553613,0.6386219001682617,0.15682128716100252,0.19278648825098166,0.2670377378755763,0.6944136777803385,0.7071788562612028,0.17806612064263927,0.18142613102801097,0.17604884570725454
0.05583756345177665,0.16217041692730638,0.17429649473766518,0.16545000686397682,0.17883498209910886,0.17437383963480213,0.304314015447267,0.16634686317767788,0.19776364745656505,0.18879571309938714,0.20093196665548024,0.185085102892317,0.1945502934174888,0.09982474513200923,0.5580937158397385,0.18818241223161408,0.1240835048802682,0.6273364935485934,0.11900071105084149,0.1635575506981591,0.5580937158397388,0.6909036904061134,0.706448855690569,0.18185439759365696,0.18333696439544267,0.18154807836252762
0.05685279187817259,0.17521046564635712,0.18150680065963853,0.18211349133581856,0.18459337459291958,0.1799456652438055,0.33165490731211555,0.18183025693508592,0.17673216352625876,0.19776364745656505,0.1972875415651429,0.2015665206900969,0.19695107726340094,0.10338457536820755,0.47853146520357226,0.1913418474140826,0.12729777185733404,0.5970589921921708,0.1243141848117988,0.061774701276881124,0.4785314652035725,0.6898870866736262,0.7056379691086746,0.18578783007119237,0.1853858514398442,0.18719309119511607
0.05786802030456854,0.1848330258483184,0.18411836068948084,0.189585311999526,0.18327770593938564,0.17867259201497754,0.2474785783718278,0.18756764516330282,0.19202267167275322,0.17673216352625876,0.2138777432164331,0.20067810077556908,0.1993141106352923,0.10726323851818409,0.42311026628955284,0.19368797479183358,0.13033104005148377,0.7438643499329816,0.11604859838937841,0.009327980525428776,0.423110266289553,0.6856196217888395,0.7040368449129407,0.1894869261998744,0.18637942880346758,0.19343645433671297
0.05888324873096447,0.19004525809630257,0.1900039722925949,0.18906937655146583,0.18327770593938564,0.17867259201497754,0.2569119454392593,0.18625677553204145,0.1976885859301607,0.19202267167275322,0.22776638695124946,0.20093196665548024,0.20165071752338642,0.11082873985679842,0.43334820579071687,0.19560753355544797,0.1332453565517452,0.7295420749793255,0.09820192086337078,0.07939443092043655,0.43334820579071714,0.6798239063932559,0.7014624549189197,0.1934516654831987,0.18485649447200125,0.2027199421794056
0.05989847715736042,0.19415010147471612,0.20005298315246633,0.20097455639873674,0.20184958223883387,0.19664254571350215,0.270083945090975,0.18625677553204145,0.19639404656173542,0.1976885859301607,0.21603538186535537,0.1972875415651429,0.20620503516214167,0.11483218209603985,0.5781400299438385,0.20054988200601293,0.13682104331398803,0.7559515815434398,0.09392482450532881,0.060323471210733205,0.578140029943839,0.686590584097214,0.7009131334108466,0.19746953629274466,0.18837444017166638,0.2070589086988025
0.06091370558375635,0.20447906926663195,0.20542759090445484,0.20548442822024038,0.19963773433129406,0.1945023525543479,0.25229517954486086,0.20476090920665313,0.19639404656173542,0.19639404656173542,0.22470217930135422,0.2138777432164331,0.2088134350953404,0.11846696064258755,0.41655325580771185,0.2041920515811439,0.14016412890820107,0.6969200268150565,0.11019170488254827,0.07027331710452273,0.4165532558077118,0.6877979144851035,0.7007431287993542,0.2011914039027486,0.1904730784285944,0.21224010227197676
0.06192893401015227,0.20698016232225613,0.21087791362579522,0.21337660185214236,0.21618839211325014,0.21051669489417146,0.2656201959242167,0.20255712921753888,0.2146676635173269,0.19639404656173542,0.2043769177926616,0.22776638695124946,0.2116143486222522,0.12244528411405264,0.5594114160727535,0.21017684835946443,0.14406735379728397,0.746883752485169,0.17659007959478945,0.044361838342839445,0.5594114160727539,0.6984701221551224,0.7029889537127929,0.2047377559413347,0.1975259173380145,0.21211616507604336
0.06294416243654823,0.22288406338883615,0.21801250457841648,0.2178291475127503,0.21931550548967238,0.21354248919324226,0.2900309316463429,0.2190474169548724,0.2124913372929481,0.2146676635173269,0.21915398144200576,0.21603538186535537,0.21594595344006057,0.12667600193342676,0.45662472052008446,0.21564124053786266,0.14794811540021924,0.7535026747236646,0.21766538194633078,0.07421200864411712,0.4566247205200849,0.7065385637611515,0.7065863324442003,0.20760007468524722,0.20467415926916654,0.21055815540342748
0.06395939086294415,0.21580081823021013,0.21545771633718813,0.21807758031581748,0.2205930017134533,0.2147785424290286,0.18901248542273008,0.22216312389799386,0.2287761959574186,0.2124913372929481,0.2246296382881539,0.22470217930135422,0.21950183036807785,0.13056317235519888,0.44281646954293624,0.2203440415486096,0.15173004509394672,0.7781543001493262,0.2517380386337973,0.04353247364505581,0.4428164695429366,0.7111112824020362,0.710484777044277,0.21213310502073868,0.2083504610253747,0.21574659781080108
0.0649746192893401,0.23054011397610286,0.2455479771281882,0.2223007630152838,0.21721805849203302,0.21151289542231955,0.47846532215588,0.22343596033694635,0.23185308873314447,0.2287761959574186,0.2233785686402046,0.2043769177926616,0.2248394213834975,0.13413272642407714,0.40837822753459974,0.22357905303567877,0.15522270881229216,0.7148505934362058,0.2100198683221043,0.3273219681058332,0.40837822753459996,0.7094626700840112,0.7132355946092701,0.216223080213099,0.21048850679317122,0.22160864218791876
0.06598984771573603,0.2120205121559905,0.2251092669231618,0.21175234118758102,0.22926879197876227,0.2231731569009211,0.41948536706172196,0.22007332753095232,0.2331100687107831,0.23185308873314447,0.2233785686402046,0.21915398144200576,0.22983161917727296,0.13814994275357784,0.5229204166620378,0.22841374074328685,0.1590817060073838,0.7073450439625586,0.21580986936694824,0.21786860231488248,0.5229204166620381,0.7143324728280099,0.7165230936537417,0.22051513529234112,0.2149076114668692,0.22558161675326038
0.06700507614213198,0.2437138231216922,0.24019225480333806,0.23172173146700026,0.23435980703836756,0.22809923407764632,0.36869523264394916,0.23208010486029418,0.22978932617078796,0.2331100687107831,0.2410385704053139,0.2246296382881539,0.2347577565214694,0.14210963083661488,0.4705733272922043,0.23329368900260444,0.16300199698240547,0.8029459910345149,0.2235939871751481,0.16645937821054815,0.4705733272922049,0.7191221563867287,0.7202220568422754,0.22419810463768408,0.22097854298005337,0.22670840381165192
0.06802030456852791,0.2251751685729495,0.22624476044904107,0.22725011596446687,0.22518829889338354,0.21922479904275383,0.24702295393654083,0.23715254997480295,0.2416465281152652,0.22978932617078796,0.2389353236831468,0.2233785686402046,0.2389062824841131,0.14569619944908418,0.3667448764762844,0.23562124899346765,0.1663855016508804,0.7148839299509742,0.18410233838814632,0.06218906731581896,0.3667448764762846,0.7132782292690356,0.7218769768396085,0.2274712220627565,0.22397000916009313,0.23011730131852193
0.06903553299492386,0.2284208912062392,0.2242955187018284,0.22675325035833227,0.2237010288749991,0.21778585551850937,0.19452108761777792,0.22801449574828336,0.24665578284076328,0.2416465281152652,0.2546733482602191,0.2233785686402046,0.2429075908139376,0.1491267948181434,0.4224131218666419,0.23725559628231668,0.16957420380763066,0.8709727756233993,0.10830509586918778,0.0462274344479252,0.4224131218666417,0.7048355800122572,0.7213166781876676,0.2306570550825645,0.22583017461183996,0.23448840809458504
0.07005076142131979,0.22406783796860386,0.23453378810827963,0.22845402366083345,0.2391839060380987,0.2327668046155582,0.18918605663617272,0.22653265068391326,0.23763156665257423,0.24665578284076328,0.25764692114304927,0.2410385704053139,0.246603134127987,0.15276035804014898,0.547415788180255,0.2414037694177555,0.17328450349489877,0.8708505318380771,0.10778136755604088,0.13992540146059265,0.5474157881802554,0.7069657889863554,0.7213438603618219,0.2348039517399958,0.2289888183798111,0.2394396984441639
0.07106598984771574,0.24510758557297085,0.24021119798407586,0.23365180941308394,0.22883021636435763,0.2227487799666913,0.22662719444115348,0.24195905263028517,0.23616818179111565,0.23763156665257423,0.25886169261810815,0.2389353236831468,0.24949275608492533,0.1559150636110448,0.35864340265714123,0.24291797439840163,0.1764168778402153,0.7653881289212664,0.05039097882226086,0.1457296891052728,0.3586434026571415,0.6983050983514302,0.7194327088683852,0.23756760178562997,0.23110233987825068,0.2427309334549117
0.07208121827411167,0.22616794974461174,0.2305595896445023,0.23258168219799347,0.23090857714712054,0.22475971980643905,0.18542801148196414,0.23164312899073125,0.2514024081065991,0.23616818179111565,0.2556524582743926,0.2546733482602191,0.25094983567945556,0.15891622658761506,0.4485540333056557,0.24453420431340017,0.17951321702398226,0.7822124591849656,0.04060135811506027,0.051616723433759566,0.44855403330565613,0.6904552810483267,0.7161518615533733,0.23970793573109728,0.2338556742018073,0.24416167655094567
0.07309644670050762,0.22849721865121142,0.2237656294235647,0.19747754394898764,0.1971398841490032,0.19208551698996024,0.4937532919293668,0.23371390876161835,0.24121499590740048,0.2514024081065991,0.267111503726511,0.25764692114304927,0.24875477866915513,0.1613457592548877,0.18697978870589688,0.23972572942496667,0.18107777664220048,0.5772155325991543,0.11904580147625878,0.35800150310489687,0.18697978870589704,0.6568989365948004,0.7060380620978048,0.2407818984332668,0.23285545453053924,0.24726495064037224
0.07411167512690355,0.18259925364577156,0.1926723618646511,0.17557801740592538,0.19538563988106483,0.19038806682690246,0.4607359362354173,0.20006839017324352,0.24325997877436378,0.24121499590740048,0.27195255120546175,0.25886169261810815,0.24625962439810484,0.1638903471787454,0.4199393291618053,0.2354730324508501,0.1825077147077847,0.48960618822859736,0.1739853815009304,0.2549755555668018,0.4199393291618054,0.6271899290873018,0.6913165514981976,0.24131508405491564,0.23246654635100805,0.2486977906239758
0.0751269035532995,0.20339079139091676,0.20732006086305355,0.2087139380249966,0.2121269852427482,0.20658681824559422,0.27738763904610053,0.19832054467241933,0.2100336019135135,0.24325997877436378,0.26323136184270773,0.2556524582743926,0.24575568379350493,0.16671406535409827,0.5616314367941455,0.23503301307438945,0.18458078155672564,0.5724454997786665,0.17856090308055333,0.055969781012293,0.5616314367941457,0.6144712246000115,0.6767007762408652,0.24374477939723582,0.22943467319846766,0.25648870083263486
0.07614213197969542,0.20841208849602066,0.20463278586385913,0.20693671040211492,0.20024791131054898,0.195092830079441,0.22717645597842917,0.21500082443901625,0.2083075303372236,0.2100336019135135,0.26181711641449296,0.267111503726511,0.2428830478219019,0.169359530160329,0.34443028373734413,0.232516302590352,0.18607642037200256,0.450756489003143,0.19728404218825307,0.045813068408983824,0.3444302837373443,0.5941061199359414,0.6604630618722649,0.2448102038796447,0.22784758337114608,0.26016302332198493
0.07715736040609138,0.2036962759664802,0.20978030646139179,0.21049110733031895,0.21388122951068644,0.2082842684086521,0.1892180302807543,0.20316508052021043,0.22478001419012106,0.2083075303372236,0.2765397881370821,0.27195255120546175,0.24085597293310607,0.17200094347263828,0.5371015087742391,0.23293236070847118,0.18808280425269785,0.4982320563184418,0.18162468918798563,0.0636402973819657,0.5371015087742396,0.5867935036573616,0.6458408570482985,0.24626745418662066,0.22688394028194137,0.26397968788724924
0.0781725888324873,0.20703743703859767,0.21786113239331262,0.21091151861607293,0.22265233447101895,0.21677105863304802,0.3827750554186049,0.21674866993984032,0.21309171499384605,0.22478001419012106,0.26669446206633435,0.26323136184270773,0.24060495013660027,0.17490244612771988,0.49884329399733207,0.23486520200295585,0.19037683291942165,0.5279091458176066,0.17932149967229966,0.14759528521035975,0.4988432939973328,0.5862054511478164,0.6340118513382926,0.24822658330945646,0.2258225586115814,0.26887632171164666
0.07918781725888326,0.27345973546655544,0.2944493939279481,0.26485759376851237,0.2994566014969412,0.29108624777498615,0.9999999999999999,0.22548778148910598,0.22650608576641074,0.21309171499384605,0.2686707758485459,0.26181711641449296,0.24810362619164988,0.17918907011237828,1.0,0.25039074753256635,0.19578864134500318,0.7283895834352174,0.4369414790849801,0.40132711004043536,1.0,0.6410558568758824,0.6367901875337922,0.25400719550146367,0.24604605833371018,0.2599338710623801
0.08020304568527918,0.31405002978518326,0.33398306133120437,0.3188801815588913,0.31987797856967204,0.3108457122413487,0.8110540311771582,0.3020118978957209,0.2351363291375217,0.22650608576641074,0.2365601173272039,0.2765397881370821,0.25609114035772523,0.1840060021355565,0.5697361738769343,0.26680105143023797,0.20184112384839048,0.741146464320195,0.6490901798967593,0.2483412706044324,0.5697361738769348,0.6971428044211804,0.6515303692699557,0.2598798316937668,0.268324803040899,0.24911314659319228
0.08121827411167513,0.32117149693152014,0.3275676182034264,0.3226638248131186,0.3254266554585584,0.31621464756189377,0.42543018112213216,0.3223587861196473,0.3107071402692092,0.2351363291375217,0.23489200601907795,0.26669446206633435,0.26565275252391635,0.18885817980680109,0.4694952579967589,0.2812350487741155,0.20788799541456826,0.7418169229150026,0.8023364610917989,0.13702357394820477,0.4694952579967596,0.7425932243210809,0.6734661619216145,0.26613860156412994,0.2865790306353322,0.24307860620046984
0.08223350253807106,0.32304256810738685,0.3245585978996862,0.3265621787066961,0.3284583959502776,0.3191479206652913,0.2789943146863228,0.32788722369987355,0.3308005555125505,0.3107071402692092,0.2508113554628612,0.2686707758485459,0.2753087351152455,0.1938622792275343,0.4529675656326675,0.293595107894744,0.2138243558562719,0.7784952376727288,0.9117011209168474,0.061774701276878764,0.4529675656326678,0.7773364038714536,0.698768796092243,0.27172472243283363,0.30240471818985415,0.23816002350074705
0.08324873096446701,0.33088949557230907,0.3549894894223704,0.3334416096019629,0.35774619267836494,0.34748663897786136,0.5092388131497323,0.3309079056396498,0.3362601221413066,0.3308005555125505,0.2395155411235888,0.2365601173272039,0.29120637324768023,0.1994327433754436,0.62219437673513,0.30902520324792254,0.2207511270477761,0.818140973269962,0.9999999999999999,0.3204808164339465,0.6221943767351306,0.8226542925086457,0.7291249722985094,0.2786124976545773,0.3232266886743982,0.2307847099483069
0.08426395939086294,0.3522729497399506,0.34940673769666386,0.33722531117374943,0.336466808781381,0.32837528347210465,0.49672569895957186,0.3600888724387601,0.3392431736952348,0.3362601221413066,0.25247946677098704,0.23489200601907795,0.3051713126763708,0.20454541714609809,0.30076556581644953,0.31778646723004483,0.22651752351115473,0.731481358045453,0.9635154768666986,0.21828360097372712,0.30076556581644975,0.8384558200057091,0.7569365060099817,0.28437792982413446,0.3356604168649454,0.229614085886237
0.08527918781725889,0.3476525756492378,0.3501637141293835,0.33498947426370296,0.34878445832798466,0.340315238770607,0.5377147693972254,0.3388871070492897,0.36806061627631614,0.3392431736952348,0.2608199126464548,0.2508113554628612,0.31869837195004075,0.20993235987007897,0.5120212160138834,0.3271910939580262,0.23257223525032833,0.7787619323782226,0.9296750356264635,0.2508293646977845,0.512021216013884,0.8557241838296346,0.783039694984794,0.2909241646742792,0.34886711741128784,0.22919720763350981
0.08629441624365482,0.3428413246808697,0.3403796190318441,0.3281673695293319,0.3232148075510186,0.315529748903693,0.4677689961274778,0.35115982683765823,0.3471229735678075,0.36806061627631614,0.3338531091515386,0.2395155411235888,0.33087026754119203,0.21461762637703397,0.2723741921736986,0.3302435135033383,0.23732158703515494,0.7024811491491104,0.7622521537315304,0.21766173560536634,0.272374192173699,0.8460093595906395,0.8017540868711369,0.29559855480685227,0.356017798268644,0.23118264070656824
0.08730964467005077,0.3315959031622636,0.346378774212186,0.33726350917516,0.3509391057805744,0.3424039033235837,0.40409462485922315,0.3256834437107594,0.35924280497194716,0.3471229735678075,0.35327180165925803,0.25247946677098704,0.3444369607806443,0.21983158131401404,0.6132366853049849,0.33777440781594675,0.2430425991808952,0.8306921467694103,0.5760366701378798,0.18470160584237114,0.6132366853049852,0.854560059101252,0.8186339497392767,0.3013990895116343,0.3670169847162743,0.23151741309448137
0.0883248730964467,0.36162818908883443,0.3673284305147382,0.3650104790822495,0.3661931811238731,0.35719013762052876,0.5310870896418238,0.35330661501573624,0.3340837959169277,0.35924280497194716,0.3585480398848307,0.2608199126464548,0.3586453717590536,0.22529752384226598,0.5291403421738302,0.34670548860676803,0.24917634664094668,0.8488880078842619,0.2651572733299265,0.11318455800112456,0.5291403421738308,0.8681291798806732,0.835166203141433,0.3084149467156675,0.3792472512383017,0.23299740615930709
0.08934010152284265,0.36468297657924387,0.35943680537579736,0.35826482866825915,0.36541140277976747,0.35643235045347765,0.40400098775723436,0.36850504971796305,0.36136284936531504,0.3340837959169277,0.3614309226680153,0.3338531091515386,0.3651739170789238,0.23086029052262713,0.4285241882358292,0.3538708014593149,0.25503690389577716,0.8324489333864594,0.2227519315793725,0.09991725331619225,0.4285241882358293,0.8736516839613704,0.8496245210637863,0.31546590645492567,0.3895053614435593,0.23652122183686475
0.09035532994923857,0.37409549064446934,0.36766906124642196,0.3652780400448019,0.36312326820240093,0.3542144901549562,0.2726703845544458,0.36772612298218255,0.3763719483567538,0.36136284936531504,0.3892806958182678,0.35327180165925803,0.3694545581808127,0.2360025376025895,0.4192165178530418,0.3593179099325839,0.2605720710940195,0.8641127835457102,0.20913902774548604,0.11401329007900143,0.41921651785304187,0.8716962351960562,0.8607547573760628,0.3216326494296996,0.3983971093694474,0.23968321536415027
0.09137055837563453,0.36103633093156307,0.3670066852101924,0.3656219970101754,0.3704071031443491,0.3612748879569472,0.23290887368554775,0.3654463345858777,0.3756027251628221,0.3763719483567538,0.36904612440922074,0.3585480398848307,0.373906954147643,0.24122013851319613,0.478451464283011,0.3650970451776066,0.2661943833646411,0.8588894945046703,0.20458220830436147,0.103026580158003,0.4784514642830116,0.8709620228537027,0.8694950845510503,0.3286769673662684,0.406737751289418,0.2451143971905958
0.09238578680203045,0.37348452149334255,0.37580665896695664,0.37787119214037923,0.3715129980032792,0.36234685568702807,0.34682754358193313,0.3727036010707734,0.37335133741203885,0.3756027251628221,0.3807589804086698,0.3614309226680153,0.3781687200125216,0.24603463988729013,0.4401395816372268,0.37002620831073046,0.27164240066484324,0.8522285095611734,0.1884315346829279,0.06654212489435238,0.4401395816372273,0.8666377760090285,0.8755222587348428,0.33567289916223353,0.41384953706325145,0.25168160761558733
0.0934010152284264,0.37170894702152835,0.3851176365748463,0.3788075388741936,0.39109545446663385,0.3813288427256548,0.29364052773642296,0.3738054620766169,0.38051819592169134,0.37335133741203885,0.3564447931626636,0.3892806958182678,0.38146980140059666,0.25090666950784735,0.5534547101318716,0.3776144353130764,0.2776946344426119,0.7856526797487641,0.2503064215208541,0.1583751284218385,0.5534547101318722,0.8731735167134432,0.881802647934887,0.34532337766872234,0.41906086472053605,0.2653465973594561
0.09441624365482233,0.39853367403729545,0.43413259695183426,0.4056946163678494,0.43758225838568565,0.42639017702407966,0.8964225202939862,0.39331648973115396,0.3816063304062963,0.38051819592169134,0.38280783520408185,0.36904612440922074,0.3914787284603564,0.2574526745421567,0.7122797179159921,0.3922628547372576,0.2854510540182734,0.8203223440426298,0.4289139689906393,0.40360707218446135,0.7122797179159928,0.9079808273079423,0.8945952721424697,0.35737414402410683,0.42981177600125176,0.2781605559966339
0.09543147208121829,0.4705881804562587,0.46378762661466066,0.44152492486657235,0.44892744200845636,0.43738736033804626,0.9189262564999993,0.43963372876257856,0.40087429787986395,0.3816063304062963,0.3973129392196502,0.3807589804086698,0.401391395843303,0.2641222421048466,0.4980858275083223,0.4063076898287407,0.2933771335633315,0.8269323710618321,0.5668412858481321,0.3397599080929795,0.4980858275083227,0.9386304211063579,0.9116697630587511,0.3691564182563023,0.44108981611979425,0.28992120108482267
0.09644670050761421,0.4400404803478388,0.4364981844000827,0.4347601462930968,0.4410525163021297,0.42975387231718043,0.535122620354365,0.4509375297859033,0.44661453621710057,0.40087429787986395,0.3965695459989425,0.3564447931626636,0.41305557808641774,0.2704547456492825,0.388943578833441,0.4163691934549933,0.3006634890129287,0.7938937501143949,0.551610124640377,0.1142207894084255,0.388943578833441,0.95150160420497,0.9282019528215477,0.38113792340683283,0.4439649579611745,0.3104872872645331
0.09746192893401016,0.4513622293114169,0.4502185915999236,0.45027704922946765,0.4539994290428646,0.44230388025373724,0.3967418285213474,0.4430913285944904,0.4577775192388819,0.44661453621710057,0.3943937582635751,0.38280783520408185,0.42325701873989047,0.2766940710152357,0.5069562895660626,0.4269518979348141,0.3082048347747218,0.7722094644479525,0.5854160400750806,0.0961860611060219,0.5069562895660632,0.9656498208170904,0.9445853106346797,0.39308527567832074,0.44667424589908433,0.33115264691541113
0.09847715736040609,0.45871279532312026,0.4539467597285072,0.44072230029647486,0.44246355784036684,0.431121712122286,0.37541654950133957,0.4559910162816848,0.45002906272372456,0.4577775192388819,0.4013199587108283,0.3973129392196502,0.4308066527509456,0.2827081471661883,0.3686423639170613,0.43351608956109305,0.3149686441057361,0.8111208892178,0.5838999764432178,0.2406720194745709,0.36864236391706134,0.9625853182726297,0.9570080596869107,0.4040222314106927,0.4426148151799474,0.35661978599213084
0.09949238578680204,0.45008301629282155,0.44605513458956636,0.44641695165485995,0.4409190873670322,0.4296246189977738,0.46699135141461967,0.4444972232290969,0.46276805152415534,0.45002906272372456,0.4023715544056215,0.3965695459989425,0.4382807915738732,0.2886837359794,0.42458030347690856,0.4386063868469953,0.3214027009723347,0.7873023338342218,0.5498824163808488,0.09245423627594243,0.42458030347690845,0.9534369985425521,0.9649045323925505,0.41106085720075436,0.4478366017034414,0.3651633930057273
0.10050761421319797,0.4620539563952376,0.4805548827261177,0.4572902606060104,0.4732004521570855,0.4609161279528411,0.5756809030270762,0.44295838635369067,0.4514174433139475,0.46276805152415534,0.42099251709845903,0.3943937582635751,0.44917679717398357,0.29542662977126,0.6169056698632377,0.44863198981336966,0.3289326778984609,0.9403574035303159,0.5304092435106182,0.35240471478964075,0.6169056698632381,0.964567378180385,0.9737057942067862,0.41868959007753603,0.45967073426494187,0.36823940129337385
0.10152284263959392,0.501613247554492,0.5093204491982586,0.49191666140836676,0.5124034211341888,0.4989169493015514,0.36512703100444344,0.4751220019002681,0.4498977766214778,0.4514174433139475,0.4651968304391166,0.4013199587108283,0.46323232276454834,0.30263177095459093,0.6489515447142721,0.46395221580486207,0.33780467945807724,0.9477343822658184,0.5814460204931527,0.29187437686939144,0.6489515447142722,0.9965623260066914,0.9878874519878098,0.4279928302753322,0.4788106068717226,0.36727533886949826
0.10253807106598985,0.5384996797743226,0.5333926116281791,0.46493405975240465,0.4912002657173524,0.47836377157846743,0.502644819912729,0.5141819744467966,0.48166071136570054,0.4498977766214778,0.4759849683511472,0.4023715544056215,0.4750795838628277,0.30907608806593745,0.3212048396344123,0.4726374262663316,0.34544320643956294,0.8420276721422043,0.4822758736408543,0.8482585239206228,0.3212048396344125,1.0,1.0,0.4360902358498201,0.4895930414618699,0.3723217377411947
0.1035532994923858,0.4569372208513063,0.46420391456209653,0.4152493653008422,0.41096385501505983,0.4005878751865466,0.6667398444425094,0.4930561594870898,0.5202340911932846,0.48166071136570054,0.4684966995498972,0.42099251709845903,0.47704626029715597,0.3140777568375863,0.0,0.46517625785612743,0.3494310976834538,0.6057775969827008,0.4188169799511148,0.6293530575785327,0.0,0.9374972870698008,0.9957406519283112,0.4387381407576544,0.49009562421910724,0.3769998517615619
0.10456852791878173,0.404700523734456,0.4252947368335942,0.341792450838589,0.41157403199431497,0.4011793314672878,0.8808707679527018,0.41311241846344493,0.4993714527560118,0.5202340911932846,0.4808079220762333,0.4651968304391166,0.4744718323346275,0.318898740354686,0.4369305080933644,0.4591824456555878,0.3532880851679713,0.6117529885192583,0.4654155671845583,1.0,0.43693050809336503,0.8836551691165122,0.9803166628732758,0.4424751854948149,0.4887732264783744,0.3856369445700466
0.10558375634517768,0.3579624324472981,0.3896406097440255,0.3554748583087418,0.34948995000226346,0.34099921624702145,0.5918501463793415,0.4137203697661167,0.4204236172533182,0.4993714527560118,0.4698384592974921,0.4759849683511472,0.4646289981446973,0.32285478246409627,0.06909838728394935,0.4430067975790208,0.3544008672973651,0.48671024108091065,0.6971775375557243,0.4610280832628999,0.06909838728394985,0.7909853385847727,0.9472953728745821,0.4425102880300398,0.48872286609732407,0.38575607008269797
0.1065989847715736,0.38324074212184245,0.39077610326990475,0.3751958741026533,0.3838116195246857,0.37426844492366373,0.43647507697226706,0.35186274516624794,0.4210239949542164,0.4204236172533182,0.46836982194252225,0.4684966995498972,0.45896299989296935,0.32720987261609813,0.6492434949662869,0.4360034164020566,0.35690346055841093,0.537963654935045,0.7588943285018585,0.25953547985485015,0.6492434949662873,0.7400343259392539,0.9095070685949047,0.4455253508640483,0.4844767079517267,0.39590855326259144
0.10761421319796956,0.40691524320837236,0.40107114446497005,0.35409897212968844,0.35460005127674543,0.3459524107125841,0.45170223972525503,0.3860592232462581,0.35993696663947417,0.4210239949542164,0.4990661797030687,0.4808079220762333,0.4491239384464755,0.3308219642802963,0.25664530663585283,0.4249698971416937,0.35808788740260655,0.46824936562247677,0.8574302664831412,0.6011609840529166,0.256645306635853,0.6755043624017838,0.8648745958934043,0.44570750534286196,0.48418453341775747,0.39655761116922195
0.10862944162436548,0.36269735597069397,0.3611779031492922,0.33498947426370296,0.34323578143909816,0.3349367461890278,0.44766528161786634,0.35695420687691115,0.39370743937021135,0.35993696663947417,0.536344292596473,0.4698384592974921,0.43930186298531687,0.3342205556909633,0.3622849985104351,0.41387924245813795,0.3587512357105648,0.3728940823959287,0.9510237308721315,0.3714763071192509,0.3622849985104351,0.6142304396458708,0.815493473251504,0.44456523398731407,0.48586533093864903,0.3926390645424146
0.10964467005076144,0.3638429085627507,0.3664767959319287,0.3563921352006304,0.3688626326710144,0.3597777372585734,0.33144622218542713,0.345631389257432,0.36496500106036556,0.39370743937021135,0.5161822068680457,0.46836982194252225,0.4321693446405966,0.3381636347507041,0.5957302783471252,0.4094577304720067,0.36045887962322065,0.399991692778617,0.970022611052639,0.19734641253903357,0.5957302783471259,0.58348066841705,0.7691258259391491,0.4447369538292959,0.4857092846820119,0.3931313700350606
0.11065989847715736,0.3914122651561833,0.3884294590023941,0.36258359384759087,0.3702355017794985,0.36110861464449906,0.45846123980661646,0.37116476419536715,0.35378323834319103,0.36496500106036556,0.4398853840924916,0.4990661797030687,0.42197734448558594,0.34174129057108316,0.4417938880465836,0.4060893797777277,0.3621568951910026,0.4119608519599346,0.9159427507057585,0.3706469424214649,0.44179388804658404,0.5591129482769719,0.7265933082187644,0.4450908310453846,0.48537366605302923,0.3941599669527951
0.11167512690355332,0.3677377640696535,0.3670066852101924,0.3505828315204542,0.3442272753881279,0.3358977690877071,0.3729231761819186,0.37253262563766465,0.3789985292292216,0.35378323834319103,0.44046560153293374,0.536344292596473,0.4053304049471575,0.34481335036408134,0.273598809591558,0.3986115562291515,0.36270208445874064,0.3583077736955119,0.6919288708033468,0.26616913219731636,0.27359880959155825,0.5198340684525276,0.6838010141556756,0.44378822414086916,0.4870534017355126,0.389928737036231
0.11269035532994924,0.32565821059569433,0.3382411187380515,0.32512896636674726,0.3305748709731141,0.3226640715440441,0.4395311293405293,0.3466192666412028,0.3803493504286579,0.3789985292292216,0.38142983261617697,0.5161822068680457,0.3894308775630477,0.3472436928356013,0.34694135277453564,0.3900146869036974,0.36265569904860573,0.3561103799342963,0.39660691408534604,0.2271972154602192,0.3469413527745359,0.47843065728432554,0.640326745059073,0.4417513013840052,0.489872072913465,0.38311993326460303
0.1137055837563452,0.33085133184982307,0.32824887966679395,0.305102191608873,0.3038802391223413,0.29678801758973605,0.7509712708239066,0.3330166606254187,0.3547588091657736,0.3803493504286579,0.4140663166512058,0.4398853840924916,0.3788311907203367,0.3490404197371443,0.2616555075941028,0.3781343647465332,0.3614962273935278,0.33176221925757565,0.42428399394681166,0.3349918518555991,0.2616555075941029,0.42621807169979864,0.5938944990266322,0.43741180982034167,0.4952541454336685,0.36923816119749364
0.11472081218274112,0.28609886117121497,0.3230257018535092,0.282247248490071,0.3285918830750544,0.32074202574668553,0.4900689003492835,0.3064193998965218,0.34132565869781584,0.3547588091657736,0.3862890291815729,0.44046560153293374,0.3706171909898776,0.3513350464348617,0.5974935725500539,0.3729006015530381,0.36141431071043784,0.31756556596882923,0.31770250846246884,0.5257052446720732,0.5974935725500542,0.40403541554186384,0.5517979659937965,0.43198887057385915,0.49368213269279204,0.360200867543772
0.11573604060913707,0.3482635448003647,0.3432372671504801,0.3285687109731603,0.34178662566078744,0.3335318863908807,0.45393183047687835,0.3310409058578767,0.3150597354627981,0.34132565869781584,0.37548274218309713,0.38142983261617697,0.36985467634198527,0.3539817253292924,0.5184136842454616,0.3710139913422897,0.3618866868383236,0.26436527724902037,0.31876805250805024,0.24461007839425852,0.5184136842454623,0.3971414624945134,0.5165821437061004,0.4266579582229657,0.48886853879804737,0.3545901280218221
0.116751269035533,0.3401684074762209,0.33755985727468374,0.31029997736112347,0.306015858549734,0.29885820093312276,0.3616173525536807,0.3441875194079438,0.3393745170526503,0.3150597354627981,0.3998513213558584,0.4140663166512058,0.3621540519546745,0.35561235210713493,0.2063050205832718,0.36297607157816797,0.36084656698872875,0.25303828437356446,0.30726112999826005,0.3805974209351636,0.20630502058327221,0.36620042306511646,0.48150404934520974,0.41993905676995014,0.48632910205064417,0.34398576275527715
0.11776649746192895,0.29091011213958307,0.323479876162421,0.2967704785317319,0.3144055883506123,0.306990681612918,0.410219005191435,0.30854722945587265,0.3523573556173505,0.3393745170526503,0.40115678293056284,0.3862890291815729,0.35817539736521037,0.35731306589715806,0.48893072850981206,0.35792278165252184,0.36019763446926845,0.3488735077356401,0.31606020821949743,0.37313440389491376,0.48893072850981256,0.34933275326509855,0.449677038941916,0.4129934075316598,0.47963700816295374,0.33709662044913913
0.11878172588832488,0.3158065515283668,0.340057931480898,0.31717940825639024,0.34537134267681124,0.3370067568108296,0.3595125161117193,0.31690635694661173,0.31716105741594147,0.3523573556173505,0.3764255540243799,0.37548274218309713,0.35838678619593384,0.359866566613106,0.6364131632674452,0.35941023151157253,0.3608674396317446,0.4130672855876859,0.31760723292535237,0.33333375507993507,0.6364131632674458,0.36032954242879345,0.4266696994807081,0.4081624746842618,0.4724807235756412,0.33481047470257275
0.11979695431472083,0.3660576280366671,0.36185916461265977,0.3562392265598694,0.36581180596441876,0.35682039828100587,0.32437290975867034,0.34775916083935543,0.32541605041019883,0.31716105741594147,0.3634434792905367,0.3998513213558584,0.35808479968350876,0.3628859606941519,0.562544242391302,0.36433828595034606,0.3623646769229162,0.5500819039595736,0.3096749662387168,0.14842464990814339,0.5625442423913023,0.3852714765887768,0.41383038115209175,0.40442542705180795,0.4651485110449942,0.3348410515951319
0.12081218274111676,0.3625446428155248,0.361783449643308,0.36227783488362797,0.3591762622417992,0.3503884767527974,0.21506244138759906,0.36812506565943637,0.3558845030411655,0.32541605041019883,0.33805954726329196,0.40115678293056284,0.35699009929595765,0.36543540991617807,0.3923853130215477,0.36716562029243976,0.36352606455296144,0.47017437539548934,0.2813292555066028,0.08208939172330831,0.3923853130215479,0.40089077099403614,0.407044848363817,0.3987520246731332,0.45009879423031496,0.33881169852339577
0.12182741116751271,0.35674055241026925,0.3765447499725382,0.3626600481679715,0.37229477634738495,0.3631045277063558,0.3386548516437165,0.36151372569209383,0.3759966979799001,0.3558845030411655,0.36155785560797077,0.3764255540243799,0.35976836484242253,0.3684835675022846,0.514949666990164,0.37186061392644626,0.3651898042682521,0.5581304851781708,0.33413780901386414,0.2396351554473632,0.5149496669901645,0.4235933612683431,0.4066831974941288,0.391780760775561,0.4200041651052727,0.35531029707477824
0.12284263959390863,0.3861427581918576,0.38002688776592786,0.3795528372833954,0.3797692988690602,0.3703498527519702,0.2628464822567683,0.3745843888123974,0.3694677193067635,0.3759966979799001,0.37410473959519247,0.3634434792905367,0.36463788223550136,0.37164637606102335,0.4791516627917347,0.3770590025975848,0.3671004738367355,0.5998634751006695,0.39055359384739696,0.09452733171045344,0.47915166279173504,0.44742531144459907,0.41171270326253984,0.3862363871400647,0.38997603350454024,0.3745344555272916
0.12385786802030459,0.34986729512315407,0.3622376817058196,0.3519587176995076,0.3510153342607216,0.34247771301422014,0.34446948729404475,0.38203164732655637,0.3823755536002279,0.3694677193067635,0.3400903083048394,0.33805954726329196,0.36930355628472983,0.374915731368209,0.25862405951514383,0.37609182939560243,0.3677353015664523,0.48155182872501034,0.3341295001766618,0.19900514193460322,0.2586240595151439,0.4451579710865685,0.41523028173126025,0.3832535807680275,0.3809714651615205,0.3777158221520919
0.12487309644670051,0.3576570061369596,0.3719271186532691,0.3621249845604261,0.3775574509615204,0.3682059172918085,0.2346508663573026,0.3533825654454996,0.38973003729830713,0.3823755536002279,0.3480681044468858,0.36155785560797077,0.37415041993744785,0.37878629276668496,0.6000119442843848,0.3801193360970176,0.3694537695537311,0.5344529494107354,0.34967492329676847,0.19485895106558587,0.6000119442843851,0.46324003717240053,0.4220799089863883,0.38156104735130936,0.37324691783542185,0.38214005867710643
0.12588832487309642,0.3713270767357678,0.36791509158161584,0.3521880223430899,0.3520831730692576,0.343512891046706,0.39239055806856343,0.3798278673374422,0.36143785363655057,0.38973003729830713,0.3775134478920638,0.37410473959519247,0.3751696251368713,0.38175990879907906,0.2781678254881675,0.378789609141092,0.37004090962400094,0.5355316387888385,0.34591608672404806,0.2587067477769745,0.27816782548816765,0.4587058045138684,0.4265476584961756,0.3816900760944878,0.37338620893465657,0.3822530424603642
0.12690355329949238,0.3630792262564547,0.3636002623861545,0.36655834374398955,0.3667270714333012,0.3577076114890485,0.20783068813278194,0.35444650921388865,0.3875537110739282,0.36143785363655057,0.3969502894862286,0.3400903083048394,0.38117913311848156,0.38529705215292787,0.5251866691033904,0.3803603105771212,0.37121662919272347,0.5910016861820486,0.2482583533647083,0.05555604759326075,0.5251866691033906,0.4660844526322515,0.4317686284518594,0.3808400151043396,0.37060037175910365,0.3833796745339848
0.12791878172588833,0.375527416818234,0.3700346486946704,0.3700744843532239,0.3658880926342455,0.3568943806932273,0.16965701129212063,0.3690369926134437,0.36248854324070656,0.3875537110739282,0.3906405493197274,0.3480681044468858,0.3862751360759437,0.38852670603417316,0.4281743778558164,0.3814931098892788,0.3723112020370195,0.6539801152436487,0.11754118548982449,0.08789431198789407,0.42817437785581625,0.4712964016971538,0.43710860979453303,0.3814016643538173,0.3717111422465771,0.38336626992398215
0.12893401015228428,0.36811957609018897,0.3745765650445875,0.37259695206774834,0.3811421679775443,0.37168084528561907,0.2182732233573183,0.36820107406662717,0.37689726453124717,0.36248854324070656,0.4031149476263292,0.3775134478920638,0.38981591627030104,0.3918941020543527,0.5275072857450472,0.38518938567973066,0.37399993918784025,0.6378915393874773,0.10489867035763244,0.11028209786882873,0.5275072857450479,0.48661736936274697,0.4447999360335217,0.3832877394376566,0.3755071185064245,0.38325525998350796
0.12994923857868018,0.404624138024259,0.4364981844000827,0.4059239210114318,0.4378110602054863,0.4266118363914362,0.6171441540330327,0.38339950876885387,0.37607175950630467,0.37689726453124717,0.41022247294029307,0.3969502894862286,0.39694277261990935,0.3948336865268802,0.7771681644396415,0.3985020813103956,0.3779892360881705,0.7032009374000472,0.3409317386858666,0.42703172209260487,0.7771681644396415,0.5402204997346889,0.4629161702554223,0.38671834633844293,0.39182251398574997,0.37362829173752155
0.13096446700507614,0.44441258631410463,0.4380878522348737,0.4087521476899191,0.41264181261317157,0.4022143943520504,0.6802455690095449,0.4398616960067234,0.3910808584977433,0.37607175950630467,0.38288032088470153,0.3906405493197274,0.4022350676744349,0.3968046177763084,0.2897626669178114,0.4048247066177309,0.38077089259322594,0.731109755566425,0.375489974754472,0.41376441740767494,0.2897626669178117,0.562863800000963,0.4824627006204658,0.38882832023901026,0.3987231743792017,0.3708460389754632
0.1319796954314721,0.41180287988693753,0.42022293120541343,0.4085228430463368,0.4133282762622532,0.40287983304501307,0.3615982254627257,0.4147842555570783,0.446839663541145,0.3910808584977433,0.40811922621812596,0.4031149476263292,0.4062967744587274,0.3986722427306213,0.43737105970631296,0.41012239398047984,0.3834721347861425,0.7213941463606306,0.4062054736203893,0.22056356311775188,0.4373710597063133,0.580057097757722,0.5019371336360222,0.39226651859866823,0.4062496931750603,0.3700360702657324
0.13299492385786804,0.3943906669363958,0.4063700372476067,0.3972864489703277,0.4096672725764027,0.399331095360566,0.2526800051957172,0.41546821526694067,0.42207462730320355,0.446839663541145,0.38389572907176545,0.41022247294029307,0.40925622960868163,0.4003976685317836,0.41190971410988125,0.4137921952131766,0.38591454354770816,0.6654825410562322,0.4243235180393064,0.19071276019656858,0.41190971410988103,0.589578976171685,0.5196417775970168,0.39620185038856803,0.41186795897067574,0.37211003257319175
0.13401015228426394,0.4139412136506566,0.4090195413925246,0.4023313260818171,0.39677756029061784,0.3868365886266407,0.26077219206454105,0.41182056542833834,0.42275006653050606,0.42207462730320355,0.3978206156468917,0.38288032088470153,0.41378601001531473,0.40122695877111136,0.3575671185313856,0.4144545796862377,0.3877228308174664,0.592322253377165,0.3783752324543943,0.1650087807643035,0.35756711853138556,0.5861773230508663,0.5330463101346347,0.40082406154639494,0.41199061337368625,0.38103199717631375
0.1350253807106599,0.4038604557179628,0.4004655402173546,0.37825340542472274,0.3735914169757216,0.36436153782778313,0.2757469914085104,0.39897786955217995,0.4191478575802865,0.42275006653050606,0.39702283049942905,0.40811922621812596,0.4133934315811018,0.4020157365439091,0.29509683778199025,0.4107869911313828,0.3884918321273013,0.5515118926894391,0.3826517713886503,0.332503757762247,0.2950968377819905,0.5650972433958964,0.5390652735288026,0.4030630641901408,0.41156430742420647,0.3858402567843413
0.13604060913705585,0.37514554653247345,0.3895649525282735,0.3780240424635809,0.3852607753029966,0.37567307442636433,0.2865506575294364,0.3758762998249313,0.40646515061086674,0.4191478575802865,0.4115279345149974,0.38389572907176545,0.41667752122392826,0.4027907402264477,0.5047525629987248,0.40990485676093763,0.3897180490139973,0.5485123420814553,0.3242267052574652,0.21558927279076567,0.5047525629987252,0.5561069508813268,0.5418739863003517,0.4052261696169298,0.4124808092689525,0.38915516479878076
0.1370558375634518,0.3787349174638127,0.3875210526309709,0.384291955430922,0.38037947584831533,0.37094136660657306,0.1881240748697145,0.3875030930957465,0.38365137052842846,0.40646515061086674,0.4654143981461371,0.3978206156468917,0.4180289064030966,0.40400530441810767,0.403868613540812,0.4082968905063414,0.39069231076421096,0.5214149354893695,0.3004651153407663,0.12520749932942155,0.4038686135408121,0.5444877898962228,0.5415277864042822,0.4089262154017942,0.40797584339090764,0.4009072301434544
0.1380710659898477,0.38469172102423754,0.38244924700279026,0.3700744843532239,0.3718371727077834,0.36266109382391953,0.22250145237425722,0.38263959862922814,0.39513332209605223,0.38365137052842846,0.44148095438741713,0.39702283049942905,0.4186177769343727,0.4044493207051033,0.3814762312469359,0.4054303915551602,0.39127159560656777,0.5702775795331323,0.2867056181872843,0.2238810219088923,0.38147623124693597,0.5282420004756364,0.5376250831444627,0.4117837887600887,0.4027189877186502,0.4117637591129566
0.13908629441624365,0.3765965837000935,0.37117014222054945,0.36770492527946064,0.3664219829436738,0.3574119121356085,0.16707456853422248,0.37412845432410724,0.3903304149992053,0.39513332209605223,0.44213371284105946,0.4115279345149974,0.4171606973398427,0.4044541820032722,0.40014702453602025,0.402101924302909,0.39160199718813327,0.49049223849356427,0.31354253751972905,0.12603686402720637,0.40014702453602047,0.5108622267085696,0.530624094004588,0.412831187146794,0.4014596504912632,0.4150745605200086
0.1401015228426396,0.3584206884432558,0.37117014222054945,0.35700359481099675,0.3664982696135005,0.3574858369739685,0.25065738669696547,0.3687330169621079,0.38192529895213867,0.3903304149992053,0.4386524635309877,0.4654143981461371,0.4101017906914887,0.40447727440591674,0.43381881523181953,0.3993924830727324,0.39192262796907473,0.5636369009050789,0.24409810420611605,0.24212324954071762,0.4338188152318198,0.4968411209272716,0.5218940653480802,0.41286534292112986,0.40144686175423705,0.41515420503578826
0.14111675126903556,0.3697233264129782,0.37669612215764203,0.3696923293864398,0.37832014309074935,0.3689452232492696,0.19477801869030814,0.3688090253692986,0.37659707568079825,0.38192529895213867,0.42639563293140664,0.44148095438741713,0.40670445538651384,0.4048001588136164,0.506270534268117,0.3993219771739614,0.3927244273028586,0.5556534459183049,0.20995247778894405,0.16500814814439907,0.5062705342681176,0.4942716657894024,0.514336590150412,0.4138178683389925,0.40125748186340204,0.4172077852017422
0.14213197969543145,0.3663631126122304,0.3626918560147313,0.34339764166122466,0.33713412802590703,0.32902212580775414,0.3422593091123459,0.38058777747706807,0.3766721372072026,0.37659707568079825,0.40434792352041365,0.44213371284105946,0.39916236686233203,0.4040932157781265,0.18267259350632176,0.39178680044468867,0.39177464346361734,0.44789458025247053,0.25051164629031875,0.29684929981628677,0.18267259350632176,0.46161901760181406,0.5010031757697044,0.4120684105619099,0.40366660021405054,0.41137166781223544
0.1431472081218274,0.34589611217127936,0.3740466757663238,0.3518058090587466,0.36855754418138686,0.359481980331272,0.34851529524948716,0.33955199218557053,0.38830415457246636,0.3766721372072026,0.4154443192391107,0.4386524635309877,0.3950931145911665,0.40403042194954164,0.6338921151913292,0.3913267060298254,0.3921745097118424,0.4906293049506202,0.18629704529468077,0.33001692890870377,0.6338921151913297,0.4593064929416977,0.48982033386417295,0.4115105570418681,0.4033946514429514,0.4105524119450993
0.14416243654822336,0.33589168168355743,0.3366514509032603,0.31756162154073364,0.3192868878052936,0.31172221671112443,0.4745354186620456,0.3708607885440314,0.3477795758445481,0.38830415457246636,0.4108026903807352,0.42639563293140664,0.38742268943108954,0.40250472231165146,0.13013747267875392,0.3820049752462918,0.39050089861867576,0.23393669898321298,0.2711058331540282,0.2918737442494835,0.13013747267875392,0.42129251897571895,0.4723900827700211,0.40993187234587847,0.40738255412024216,0.4034692979112796
0.1451776649746193,0.3209996727824954,0.32673492680135496,0.3145040902186641,0.3186004241562117,0.31105683559202313,0.2821063209326027,0.3217698514131302,0.3786983403787726,0.3477795758445481,0.4026798122122878,0.40434792352041365,0.3819793982403948,0.39997674341109,0.4288730303331672,0.3742534743121079,0.3888642490763974,0.265979244032584,0.3430721637170867,0.21641800486864254,0.428873030333167,0.39156335201644754,0.45181091166309884,0.40699839887533384,0.41052385151552784,0.3945829985414401
0.1461928934010152,0.3252000128649617,0.3328665109860628,0.3252818750075084,0.3313376212920225,0.3234034926492283,0.23859218900991608,0.32108589170326773,0.3302189575070458,0.3786983403787726,0.39753050692667075,0.4154443192391107,0.37664180722497514,0.39747834029252116,0.5164529104656219,0.37022382760452893,0.3878237528071845,0.3108148490219692,0.3358372252437424,0.16666624492006074,0.5164529104656221,0.3785616580616031,0.43244585027014504,0.4059661805110787,0.4117850299972029,0.3913000575700103
0.14720812182741116,0.35941346961491816,0.36390300675636256,0.35295239059421746,0.36573551929459214,0.35674647344264576,0.32598044183580105,0.3337766287424717,0.32954351827974315,0.3302189575070458,0.39760304793987106,0.4108026903807352,0.37519227311731823,0.3958780978645763,0.6543859053009076,0.3731719235047362,0.3882606936536075,0.42182998563466156,0.3127970245766189,0.20646752635494503,0.6543859053009078,0.39478489201980466,0.4205745105594606,0.4059168447142928,0.41176210405091085,0.391226477183341
0.14822335025380712,0.3885101908209432,0.3944096710019984,0.38750239539375275,0.39685384696044457,0.38691062861272385,0.2921557516161678,0.3680490572522457,0.3420761594515228,0.32954351827974315,0.4088444703523883,0.4026798122122878,0.37766855215135825,0.39466393919321097,0.6254662427927352,0.38123366208281545,0.38998016116100287,0.5202211155548441,0.3708668713347967,0.1658375128421839,0.6254662427927354,0.43130212748644214,0.41922737351977485,0.40745758080180405,0.4139295729515087,0.3920706690814372
0.14923857868020307,0.39133587944598625,0.3912302775788167,0.381845942036778,0.3942606820831298,0.3859109160790152,0.2581003943891963,0.39905387795937075,0.37592163645349574,0.3420761594515228,0.3696806784438376,0.39753050692667075,0.3804241697173761,0.39363978408878,0.4178873134258869,0.38735883028309975,0.3915238946522088,0.5667235995846815,0.4159521256590364,0.1923714895921394,0.4178873134258869,0.4584464112819769,0.4242077386126976,0.40811030729068853,0.4150658235630006,0.3922099670337189
0.15025380710659897,0.4079844100902319,0.41235024924721053,0.38123448242641167,0.37618458185303627,0.36835877589449206,0.3724558471088831,0.39647017188915723,0.4065402121372712,0.37592163645349574,0.39956121263563743,0.39760304793987106,0.38138297070241806,0.3922643853555412,0.3252666824581924,0.38908854134695975,0.3922521385530515,0.5000929265659322,0.4240917371522674,0.4303479156439306,0.3252666824581927,0.4665217694551774,0.4299942931305851,0.4050440122428228,0.40532115751588615,0.3959691768728688
0.15126903553299492,0.37018158240893606,0.37904276642515256,0.36655834374398955,0.3735151303058949,0.36576680064296174,0.3253749409415382,0.3784600058951447,0.40398869279120764,0.4065402121372712,0.3527097333052612,0.4088444703523883,0.3809073458332905,0.3901463948911357,0.4170616779810699,0.3900191096048536,0.3928403338275439,0.5048257827854686,0.41874370515664966,0.22470975398677157,0.41706167798106997,0.470924918890339,0.43560623382038366,0.40309721996447667,0.40039380793901824,0.39709445585160974
0.15228426395939088,0.3827061586809125,0.3944853282177503,0.3842155594281006,0.40036227730664165,0.3918354967383544,0.2519257697583563,0.3758002914177405,0.38620288987449203,0.40398869279120764,0.35205697485161874,0.3696806784438376,0.387165993119645,0.3877658831985311,0.5976390397554336,0.3956546933673151,0.394526737719304,0.5790584580159895,0.4479134333832289,0.20232133548592773,0.5976390397554339,0.49416442124423027,0.4452823900374557,0.4024520820391706,0.3979578492497373,0.3982716774327497
0.15329949238578683,0.4012639242235111,0.4012982316194259,0.40049683061559904,0.39822671606892857,0.3897619165371303,0.22585383191283753,0.4025495109835915,0.383576309002024,0.38620288987449203,0.36416877875737946,0.39956121263563743,0.3901028002891524,0.38579049617122907,0.42066464101564616,0.3998779056283904,0.39605781609151003,0.586655417589147,0.47822891949239826,0.10033161935513243,0.420664641015646,0.5105269503986841,0.4566751123858004,0.4018828442261144,0.3958595663151173,0.39925923584762135
0.15431472081218273,0.3998892727660879,0.39478813034155824,0.395146194540147,0.39860809122838303,0.3901322316152699,0.16424632838360378,0.40042173940166825,0.40999229803468173,0.383576309002024,0.3968777484730283,0.3527097333052612,0.3979544208126324,0.38552797617937196,0.4356185963524687,0.4034025013402946,0.39754478036502483,0.5872169141202881,0.41873693231109005,0.08706431467020248,0.43561859635246936,0.5231708950350132,0.46861117210149444,0.4019739243608146,0.3961540305621426,0.3991425538910457
0.15532994923857868,0.3959180315489881,0.4047803694128155,0.3972864489703277,0.4065402173896596,0.3978344052530852,0.1916554497221576,0.40080172346019494,0.4078910333367075,0.40999229803468173,0.42646817394460707,0.35205697485161874,0.4066591536657063,0.3854210239106304,0.4805496900609152,0.4077263715305552,0.3993047187462557,0.5799599235465257,0.310364411542645,0.17329989726252573,0.4805496900609157,0.5383247603580111,0.48154206705517405,0.4036133291466043,0.40025071320754024,0.3982476959008717
0.15634517766497463,0.40072934078258116,0.4023580101759533,0.40347790761728797,0.3995995851774127,0.39109492415593705,0.1433752464040355,0.40870491646264395,0.4082662837135611,0.4078910333367075,0.424002332821599,0.36416877875737946,0.4134160738016353,0.3864856914815916,0.39240383059087414,0.4100039832381424,0.4007057633965565,0.6726298004973624,0.15651457183354678,0.07960193024986062,0.3924038305908741,0.5443061905092038,0.4932217215668478,0.40432677282999563,0.40206059474253675,0.3978311582213736
0.15736040609137059,0.39355059891990263,0.3959236238674374,0.39613986743485674,0.38922680928879516,0.38102289522484123,0.1492307055469991,0.40178960084396576,0.41607102205972935,0.4082662837135611,0.4068137646434216,0.3968777484730283,0.41574136245941945,0.38660074673817635,0.37169042350860737,0.40998426368807733,0.4016186445873523,0.5757002563917377,0.10381019387840194,0.08872304406577211,0.37169042350860765,0.5405024361091534,0.5017165213820142,0.40476698189987315,0.40289488398394313,0.39785701648067584
0.15837563451776648,0.38576088790609697,0.3901704990222894,0.3870437277890286,0.3938793069236757,0.38554048585315215,0.14292418963226025,0.3914546606082574,0.4092418545361437,0.41607102205972935,0.40427538250721323,0.42646817394460707,0.41544692719378135,0.3874353037959679,0.4613222085585925,0.41081280955274396,0.4026900387733845,0.7763108492343871,0.10267248028312727,0.12437813463163791,0.46132220855859285,0.5401542325721835,0.508434648996011,0.40586371318807113,0.40473995247603534,0.3981552609997766
0.15939086294416244,0.3937796977852689,0.38797522693988273,0.39071277703902396,0.3839641346746596,0.37591281198627935,0.1414719581145256,0.39609018783063066,0.3990356626415519,0.4092418545361437,0.429804341228278,0.424002332821599,0.4144277219943581,0.3883006494876097,0.37403792465624297,0.40969057049567675,0.40330530885335625,0.732472456010869,0.1087617428242569,0.06053033792024933,0.37403792465624297,0.5317760863474045,0.5119393122560847,0.40673654276424775,0.4056441689063506,0.3989576440583015
0.1604060913705584,0.38262977297071543,0.3792699113332084,0.36365372106268123,0.35734578949371365,0.35006623584913643,0.29664405197430116,0.38621118208321237,0.40361344241435415,0.3990356626415519,0.4277736355193114,0.4068137646434216,0.41256296147204125,0.38805595384359115,0.27235934121529215,0.403939705079767,0.4027847315384063,0.5982264268252117,0.17498068165830055,0.2587067477769745,0.27235934121529215,0.5048863197945276,0.508741771423963,0.40628115077662696,0.4056251826110704,0.39808554192750856
0.16142131979695434,0.3576570061369596,0.36587119168431326,0.3547868860604354,0.36741347689270376,0.3598420472620376,0.2564340536443531,0.35968992976150627,0.39385750516785145,0.40361344241435415,0.428136285252733,0.40427538250721323,0.4119589884471913,0.38799599494804293,0.49610453726664355,0.4010622815282094,0.4027050474858913,0.5258704034103343,0.1894044015913941,0.2081262557505147,0.4961045372666441,0.49084947480322855,0.503050988728961,0.4057384772790351,0.40514432892280017,0.3975052108122007
0.16243654822335024,0.37018158240893606,0.37268409508598865,0.3745079018543469,0.37397273394549646,0.3662110405594613,0.14973628880194467,0.36972089434587896,0.36766664345923816,0.39385750516785145,0.43567894598073803,0.429804341228278,0.4093468157705559,0.38862798967318346,0.4737663292491983,0.39989888593580897,0.402902436647275,0.42653239552042,0.1926134226973365,0.06882271965828277,0.47376632924919904,0.484455658552221,0.4970713874898741,0.4075714237319461,0.40428839240449954,0.4019491734183277
0.1634517766497462,0.3779712351575165,0.3782857899924329,0.38253391428508443,0.3782438564209226,0.3703584888312179,0.06464100305890716,0.3762562259060306,0.37757264650338107,0.36766664345923816,0.42907909709401576,0.4277736355193114,0.4073688095860906,0.38964080133643975,0.45947177975991244,0.39972245663117684,0.4032704691244372,0.45539046709635134,0.1870267990205856,0.04311747498620765,0.45947177975991316,0.48243571278267183,0.49183689399959424,0.40805337713973777,0.4046656571466032,0.402514431980867
0.16446700507614215,0.38102602264792607,0.4046289972277116,0.3870437277890286,0.3970064203000979,0.38857687374276684,0.41497765413366405,0.3805117690698774,0.3840265636501131,0.37757264650338107,0.4192156219368229,0.428136285252733,0.4072102679630482,0.3916194312897582,0.5475549498466926,0.4029845258659613,0.404407690234204,0.6037175009037564,0.18451720021270973,0.2827532630534776,0.5475549498466928,0.49455065326163533,0.4903531176340912,0.4119204002762592,0.40209162994734604,0.41265938717922535
0.1654822335025381,0.41187926559713484,0.42355369681369914,0.41150392004802583,0.4249976345895281,0.4157565726464397,0.2959843100758375,0.39920589477375223,0.3882290930460619,0.3840265636501131,0.4236396830881776,0.43567894598073803,0.4090372780113442,0.3936677414986204,0.6002085685013071,0.4107354114489227,0.40666937167727,0.694857741290356,0.24485471735350967,0.22470975398676918,0.6002085685013077,0.5244064787333498,0.4958293344829361,0.4172143136748565,0.4018570946134745,0.42325347660028767
0.166497461928934,0.419592532635518,0.4227967203809797,0.41823044230253126,0.4277433728064962,0.41842281817949956,0.1854354339351706,0.42709500853775584,0.40669033519008013,0.3882290930460619,0.414211343345026,0.42907909709401576,0.41182309480459595,0.3954940441821557,0.4492265288106031,0.4175755451510024,0.4089570358965585,0.629107015105353,0.30948478845566096,0.14344972696124922,0.44922652881060354,0.5492072503801286,0.5057453564826295,0.42201109074791876,0.4023777590068325,0.43211842327357586
0.16751269035532995,0.4310479420256349,0.42590034108120967,0.42832025484306924,0.4266755921876396,0.4173859705050259,0.15678305168454001,0.42983073142235073,0.4342320180981297,0.40669033519008013,0.3888999523309817,0.4192156219368229,0.41552996786878243,0.39805767301473616,0.4271914008454317,0.4229781582258711,0.4111103917767207,0.6342343132209205,0.3576855608598155,0.06799335496049913,0.427191400845432,0.5669530394117237,0.5176386880827332,0.42504323291674173,0.40683104142165893,0.4335917541906753
0.1685279187817259,0.42402197158335053,0.4189360654944302,0.42304601477043824,0.4214129175735042,0.4122758872664639,0.15476414441239147,0.4287668456313891,0.4369336604970021,0.4342320180981297,0.3984733187679537,0.4236396830881776,0.41825538620756647,0.40033123243859925,0.40296915803667627,0.42644301783732547,0.4129595059380847,0.6084628096643785,0.3832808428645767,0.048922395250795774,0.4029691580366762,0.57587614750418,0.5291448170539418,0.4262651972186825,0.409975485068086,0.4328337196284777
0.16954314720812186,0.42180725210943437,0.43188055308081374,0.42862601380703214,0.4328534740809783,0.4233847062981717,0.17889168499679547,0.4235233671063442,0.43588302814801494,0.4369336604970021,0.4047105179212545,0.414211343345026,0.4230947043734114,0.4021899446008216,0.49976212933237063,0.43135498296616676,0.41521392236745447,0.6196229372695675,0.4160196876052494,0.13018242227631807,0.4997621293323713,0.5901010859386149,0.541524449048172,0.4281854251815643,0.4152498270436329,0.43130894302228506
0.17055837563451776,0.43753938729221464,0.4349842315346436,0.4350467770975748,0.43765848686583264,0.4280504344725109,0.1660836710311643,0.4349221931330143,0.4307048706743146,0.43588302814801494,0.4087719293391879,0.3888999523309817,0.4310444680654664,0.4037164540429594,0.4609038262975941,0.4362462333196034,0.4175806123850039,0.6661923917122078,0.3769434475624162,0.09452796433035904,0.46090382629759463,0.603425154607494,0.5544018268995912,0.4312441287705584,0.4207430734551252,0.4317927157412569
0.1715736040609137,0.43876126732924325,0.442326966460983,0.41907126487403934,0.41782820055748027,0.4087952018864881,0.25990262312351103,0.43970967919234183,0.4419616949178937,0.4307048706743146,0.4266132559710078,0.3984733187679537,0.4360347766075668,0.4049626179090594,0.3202021819117691,0.43664789555340117,0.41902627616404764,0.6231349398381995,0.3056271845629661,0.3482585239206247,0.3202021819117693,0.5977271069002579,0.5634320360664341,0.4334489756399684,0.42193071498263823,0.4349177549666273
0.17258883248730966,0.4079844100902319,0.42658166029817723,0.4125740472631162,0.42896366857532675,0.41960763067841633,0.16347639160292157,0.41995172567493255,0.446689540488336,0.4419616949178937,0.4532301085597565,0.4047105179212545,0.4414780620383478,0.40616664846379213,0.4982405352859458,0.43899821821480073,0.4208803217284455,0.641390147857597,0.2292238964843039,0.24626880778982935,0.49824053528594653,0.6000227576696527,0.5711685478775709,0.43487207017260854,0.42487313317281283,0.4347556251465473
0.17360406091370562,0.4227237058361246,0.41817908906171075,0.4156315785851856,0.42263327153201424,0.41346081491310405,0.1795420060892664,0.43104657605026675,0.4271777232504995,0.446689540488336,0.4558410317091652,0.4087719293391879,0.44587195456229917,0.4070773691564754,0.3968946310505945,0.4397718999166134,0.42239726964698654,0.6568424451733615,0.10854007531521233,0.12106130846040777,0.3968946310505947,0.5956769246986942,0.5763878521679092,0.4360864459109707,0.4267662684671707,0.4352359385233514
0.1746192893401015,0.42402197158335053,0.42264529044227583,0.42319892341119936,0.41782820055748027,0.4087952018864881,0.15740225556933785,0.4247392697116874,0.4381343586436294,0.4271777232504995,0.4548256788546818,0.4266132559710078,0.4479330014217657,0.4084969263298711,0.4054906023955887,0.43953253186004565,0.4236540449059526,0.7685491402423917,0.030140042378918458,0.08789367936798728,0.40549060239558876,0.5873018513386352,0.5786941425725288,0.43704276416297594,0.4279802526857568,0.4358914579141423
0.17563451776649747,0.43731023016162307,0.4570882667902131,0.4429963352079318,0.46435311871660545,0.45397110816959874,0.38024485531212127,0.41995172567493255,0.4319056260761108,0.4381343586436294,0.44982140026288503,0.4532301085597565,0.45182860957631493,0.4103410533612448,0.7044737942331505,0.44778347512366073,0.4268046550065484,0.8336831060054612,0.15422739024990678,0.25041499865884664,0.7044737942331507,0.6137127999170453,0.586433583503306,0.439919310377863,0.43738949553305273,0.432096874597551
0.17664974619289342,0.4607556906480119,0.46064606179935486,0.4615707694663723,0.4638192284071774,0.4534525979715692,0.21171206020180505,0.4663069399212386,0.4271777232504995,0.4319056260761108,0.4607002282745613,0.4558410317091652,0.4553995832379923,0.4127150829108436,0.43038535162972913,0.4544373169077474,0.4298094137614652,0.8213173452817891,0.21601084837798779,0.08789367936798612,0.43038535162972924,0.6323786735554451,0.5967909951873078,0.44311463127361406,0.4455264809306836,0.4302002518726673
0.17766497461928937,0.47213465606270644,0.4698056672221407,0.47288355954520234,0.47060728727977086,0.460043999096551,0.20072454562453518,0.465774997025758,0.47295546372335384,0.4271777232504995,0.46526931611973626,0.4548256788546818,0.45974816828122217,0.4149222012961524,0.4710395502273223,0.4611137692267498,0.43297984313094184,0.8251175122961145,0.2724610563573309,0.06550652610695823,0.4710395502273227,0.6501624806069075,0.6090459234153942,0.447163808888949,0.45389109866244504,0.4297464913436152
0.17868020304568527,0.47259297032388947,0.466172157243647,0.4582075374978992,0.45504818163652416,0.44493592691297656,0.48101265100053237,0.4725382958300546,0.47243014754886037,0.47295546372335384,0.4464126919660136,0.44982140026288503,0.46307755964485614,0.41681656462673644,0.34755222405426267,0.4637515016315537,0.43537611356914707,0.7154867525571389,0.2686417262708959,0.18490910517179285,0.3475522240542627,0.6505752013397537,0.6189419772157844,0.4502073353507863,0.4582972726511446,0.43128927873797096
0.17969543147208122,0.4425033514157518,0.46019188749044315,0.43779854945568153,0.46702257026374694,0.45656319856885186,0.2774949791386243,0.4570359434539193,0.4791091920196371,0.47243014754886037,0.4570014112574687,0.4607002282745613,0.4664597924562572,0.4186412452290925,0.5004408190336288,0.4680836457310679,0.4381785247445622,0.6767890014038382,0.29009580762516946,0.34079613950027926,0.5004408190336294,0.6576747991472623,0.6284433120171234,0.4543400016419499,0.4635832958554911,0.43408213196602996
0.18071065989847718,0.4928308136342491,0.5063682006831327,0.4851900808363018,0.4948613275928826,0.48359481750035826,0.4135348434219222,0.46896665439864293,0.46379996143291813,0.4791091920196371,0.45098183514376916,0.46526931611973626,0.47212202372446227,0.4198533787716682,0.5874192665322213,0.4766823679255366,0.4420337272943897,0.7342511756173481,0.37345497580785253,0.33250502300205936,0.5874192665322219,0.6816298486288723,0.6413906796863988,0.4611822425869301,0.4702653144953184,0.4407790140083492
0.18172588832487307,0.49703115371671547,0.4913797554458468,0.4938276111949653,0.4878444669004882,0.4767814115648501,0.18320727057839464,0.49670386730311966,0.4755820445958219,0.46379996143291813,0.4464126919660136,0.4464126919660136,0.47905259373692116,0.42145119178687096,0.39558883445489706,0.4824437462249313,0.44544468519714686,0.7088091550091995,0.36870307791844303,0.07462637468305733,0.3955888344548969,0.6928174810973521,0.6542454351866919,0.4671744225417619,0.47428916952553535,0.44847466182092177
0.18274111675126903,0.490616152425558,0.49917683794189727,0.4962736829066684,0.49554773305228483,0.48426117737510754,0.08816104439626193,0.48971260125467786,0.5029737189614003,0.4755820445958219,0.4906532481469809,0.4570014112574687,0.485643426762934,0.4231980891458407,0.4750924949097262,0.48855616078541525,0.44904360810463184,0.7457550035254389,0.3763357988419892,0.13349924844755057,0.4750924949097267,0.7047283202061905,0.6671875065686012,0.4732235239616649,0.47871851019020395,0.455875596552097
0.18375634517766498,0.5110067671563122,0.5285478931544543,0.5146951502067884,0.5315473601728187,0.5192174929197105,0.28672908188536017,0.4973877690355546,0.49606954716657903,0.5029737189614003,0.49014557171973944,0.45098183514376916,0.4964243032091347,0.42578764655044465,0.6269385254014582,0.5000931073097712,0.4540049265763262,0.7848475164383216,0.43143638417301117,0.2553899216057408,0.6269385254014589,0.7379339322854777,0.6849520086523948,0.48085131297285055,0.49063191261776895,0.45887036833828354
0.18477157360406093,0.5420127232606898,0.5395241958128871,0.5210395174945098,0.5176660957483243,0.505738530725414,0.2769117456039807,0.5332560842091982,0.503649100933534,0.49606954716657903,0.49660033858006075,0.4464126919660136,0.5063067713648473,0.4283561366811941,0.3612784366266558,0.5070122266608106,0.45819193046030793,0.7256913077676167,0.3497291617423457,0.3067991457100775,0.3612784366266559,0.7506661501982792,0.7020051930300865,0.4868548714301102,0.49827803578716634,0.46296054540033527
0.18578680203045683,0.523149473142528,0.5183286246823406,0.5138543276352802,0.5088950489776711,0.4972218596668212,0.2066976221029237,0.5194254529718416,0.5390705837141565,0.503649100933534,0.48180518117685195,0.4906532481469809,0.5107157606224586,0.4312309009600047,0.3871955241522114,0.5110809047693037,0.46184841403700594,0.7667499292469028,0.34829068886501924,0.15257147339706748,0.38719552415221153,0.7509808048359876,0.7157179653103942,0.49102928205918794,0.5046379106575973,0.4647596117386842
0.18680203045685279,0.5116940637524111,0.5088662748893469,0.5010128010541949,0.501039209486221,0.4895935532935042,0.21430420924466548,0.510686399400003,0.525412248666985,0.5390705837141565,0.4931916302831893,0.49014557171973944,0.5143999857061983,0.43369081797717535,0.3916557876523096,0.5129835633173971,0.4650334057928679,0.71848154348833,0.3234193793841646,0.1882259313430265,0.3916557876523096,0.7422378278065522,0.7247369211835286,0.494676199213124,0.5088209047626273,0.4677066388495441
0.18781725888324874,0.5074173962249727,0.5003122737141767,0.4630995642861868,0.47602253523355986,0.46530221988114107,0.34044394834543523,0.5028592148047446,0.5167820625510429,0.525412248666985,0.5196635115106982,0.49660033858006075,0.5149360147897071,0.4357229234466935,0.2995494032648627,0.5099984040550505,0.4670486707799555,0.6545707598744915,0.31478205245115687,0.5058042876446783,0.2995494032648628,0.7138447686032369,0.7256153088422973,0.4971315121100195,0.5093932512366528,0.4719380172328369
0.1888324873096447,0.47205832861773445,0.48615663538616183,0.4758646365468914,0.4882257256805834,0.47715149634754306,0.21015991104475307,0.4779337911694811,0.509052385731279,0.5167820625510429,0.5129911769433562,0.48180518117685195,0.5182200986726198,0.4381958035135334,0.5002698179512194,0.5097715403364078,0.46949457383662185,0.6916579113915431,0.24548069071560735,0.21227307923943878,0.5002698179512198,0.6978234182612035,0.7227423660512513,0.5004558588536557,0.510201195526149,0.47763397910978245
0.1898477157360406,0.46312312327709737,0.4809333998192774,0.4601948832873187,0.4545905198072431,0.4444916294226152,0.37409078516708366,0.4900924693583498,0.48443747254614644,0.509052385731279,0.5203162146317601,0.4931916302831893,0.5169895104023867,0.44006909957026275,0.25114730618976355,0.5034793148831294,0.4704397797365165,0.49483749706896096,0.2861540303165444,0.32504200596181076,0.2511473061897639,0.6578793328963258,0.7115292710290889,0.5015374101194036,0.5095693302672535,0.4803831921169186
0.19086294416243654,0.46801075995566255,0.4853239439840904,0.4715077316837084,0.4875393202211812,0.4764851364727938,0.24416987711557758,0.4565799509882019,0.49644468303309475,0.48443747254614644,0.5545482689617145,0.5196635115106982,0.5162647404686014,0.44264083015434386,0.6180481491599099,0.5043131203763003,0.4727240303018334,0.5733135670046173,0.2887339336756028,0.2504149986588455,0.6180481491599105,0.6487422780224189,0.700519582571403,0.504019287331763,0.5106511746664399,0.48415628483657414
0.1918781725888325,0.49909304350501216,0.49289382381848545,0.4896234983374247,0.49615791003153986,0.4848538427069434,0.23155170666464925,0.48940856762591467,0.4633496495296602,0.49644468303309475,0.54134857118827,0.5129911769433562,0.5170876478110478,0.44514450132771854,0.48006694092272295,0.5065600652261626,0.4752786591024627,0.5770014379144313,0.286347704122387,0.13681670723868986,0.4800669409227233,0.6459063983753716,0.6910789187786519,0.5079166705131845,0.5100284954276029,0.49240635523706433
0.1928934010152284,0.4743494338018479,0.47427186860270587,0.476399758471996,0.47274284851748394,0.46211746415005184,0.2179237970986772,0.49799572033822637,0.49576930106096107,0.4633496495296602,0.5330081806453826,0.5203162146317601,0.5148303030946044,0.4480257477495352,0.3075084859894234,0.5041473741227553,0.4767551728451107,0.558288608491888,0.30651968973245475,0.07628510407862696,0.30750848598942354,0.6244201259382729,0.6787310708018834,0.5100949530671303,0.5081062113404025,0.4985940334499732
0.19390862944162435,0.4690799268375221,0.4706383586242121,0.4638639325373143,0.47137003759867935,0.4607847444005534,0.19384821368671823,0.47466606741197803,0.504249478634432,0.49576930106096107,0.5255380609305778,0.5545482689617145,0.5088736423206752,0.450210180488837,0.42579468860530323,0.5019241146719873,0.47811644843527445,0.5298584925979264,0.24718213171125175,0.17247116518464886,0.42579468860530323,0.6048191005725047,0.6644782258546144,0.5125199059191257,0.5043914204478712,0.5070596121707451
0.1949238578680203,0.4710654891808469,0.4839613055501555,0.47632336246917484,0.4873105184013804,0.4762629013668208,0.18438658420130832,0.47329826394710783,0.4812104567176114,0.504249478634432,0.5017496991982584,0.54134857118827,0.5058688912098268,0.4537801388416679,0.521178916787634,0.5029991439303994,0.48009009722713847,0.5021839913775227,0.1936162365112123,0.18324974315631762,0.5211789167876343,0.5996841881500341,0.651929937594751,0.5159770771353763,0.4984052623017503,0.5198198456269845
0.19593908629441625,0.4866449112084581,0.4805548827261177,0.47838710426141573,0.47220901639773516,0.4615992418213307,0.1889114258675349,0.4891806003817697,0.47985969277334406,0.4812104567176114,0.5133537160116164,0.5330081806453826,0.5022375190936816,0.45704382428277956,0.3514688279452427,0.5011369736501079,0.48135563154366,0.4842762076832552,0.15679644596282394,0.12354940255375987,0.3514688279452426,0.5830533055111224,0.6381796183483728,0.5163679561990544,0.49813704635975276,0.5208533438125608
0.19695431472081215,0.47121826060124117,0.4746503856958655,0.46493405975240465,0.4587091271326953,0.44849076742675864,0.24993740873594195,0.47413418249392447,0.4955441737369165,0.47985969277334406,0.48136999043023015,0.5255380609305778,0.49804746991358034,0.45975005655246337,0.35902842149134534,0.4971624194774605,0.4820077121748514,0.4377156689888594,0.14940139322227403,0.20480942957928217,0.3590284214913453,0.5587860592770345,0.6217633868969568,0.5161136973374263,0.49849316589636694,0.5199991495575224
0.1979695431472081,0.4635813210078299,0.4632199087285209,0.46447545046523997,0.4639718017468307,0.4536007930914592,0.19044016574908967,0.46068353531509443,0.48068519779828667,0.4955441737369165,0.5127010128905545,0.5017496991982584,0.4968546263574544,0.46183725961936106,0.4627236991286023,0.4948659716950962,0.4828540174067486,0.3476637866261514,0.15911369522707092,0.08457748581666275,0.462723699128603,0.5426467498392864,0.605028422648258,0.5157835412588416,0.4987371599254853,0.519108733393993
0.19898477157360406,0.470301865139776,0.49183404526195806,0.4767819717563395,0.4960053366918864,0.4847056475870536,0.22915739454763712,0.46592701384013935,0.46740211312796887,0.48068519779828667,0.5208964320722023,0.5133537160116164,0.49762469225213385,0.4639439078789339,0.6111896294339572,0.49880287962548303,0.4850050195628204,0.46905770918469325,0.17568219814508862,0.2645110354216535,0.6111896294339573,0.5527984951032725,0.5939061227939345,0.5178214107765945,0.49868596427090206,0.523147736464927
0.2,0.509555729988692,0.5461857270294586,0.5153066681347142,0.5329201710916232,0.5205503278169322,0.27435271212157974,0.49784370352384477,0.4725802706016692,0.46740211312796887,0.49863104428902744,0.48136999043023015,0.5053781638471255,0.466889973258125,0.6317699031354733,0.5087260258178072,0.48861342225755444,0.5705990710503548,0.2865428764297835,0.4419571235531977,0.6317699031354738,0.587032108029034,0.5926485576276836,0.5211002203481739,0.5057324068680566,0.5225066745853805
0.2010152284263959,0.5284953075518258,0.5475483654633935,0.5262373615643196,0.5496997470727389,0.5368433852210085,0.2581046765737385,0.5346238876740683,0.5040993555816231,0.4725802706016692,0.4973256380469037,0.5127010128905545,0.5115311224780319,0.4705766089487201,0.5203510770500126,0.5198913645034025,0.49278112045771105,0.6190707028342003,0.4295115276088964,0.3383086780268328,0.5203510770500133,0.6248967259390925,0.6000931497057489,0.5238287678585831,0.5157754616069885,0.5177877167377001
0.20203045685279186,0.5803501926481406,0.5872144618710156,0.5378558522895532,0.5790637722809737,0.5653560341696263,0.3812954179198004,0.5513422586104015,0.5404213476584239,0.5040993555816231,0.5124834451835338,0.5208964320722023,0.519737570961704,0.4749438523461439,0.5831934506797397,0.5343578009122805,0.49801177240510075,0.7264285302213257,0.6187223958139446,0.6467665531324799,0.5831934506797403,0.6744535961654894,0.6171089502521434,0.5283674874452883,0.532738038381732,0.5096809598214062
0.20304568527918782,0.5843977613102126,0.5812343076250113,0.5747754161628517,0.5808943032187388,0.5671334544265175,0.21223163192625505,0.5805991758392752,0.5569314481572767,0.5404213476584239,0.49812342319436637,0.49863104428902744,0.5304429579796905,0.4787795736168482,0.44243780902440283,0.5465263165611534,0.5031137531443417,0.7128723378528916,0.723947463147842,0.18076354692268348,0.44243780902440333,0.7123049063700307,0.6391692648800051,0.5326140024571805,0.5467456358590959,0.5039618532800247
0.20406091370558377,0.5830993790325364,0.5812343076250113,0.5674374342979797,0.5725045152281807,0.5589868681506177,0.33342658979669615,0.5824230297472901,0.5858238950095935,0.5569314481572767,0.4852863751543432,0.4973256380469037,0.5404537685312116,0.48248241281044446,0.39175808892907266,0.5549591743733846,0.5076652554608085,0.7910484782278557,0.7540073904538078,0.2603648445526362,0.3917580889290727,0.7330180420928798,0.661440284489397,0.5346518719749335,0.5541444609163089,0.5005395890056481
0.20507614213197967,0.5532390337854404,0.5637479036887107,0.5390788881454048,0.5345981286897348,0.5221794378062102,0.3385004075212289,0.5740638442791237,0.5876250281122877,0.5858238950095935,0.49029065374614006,0.5124834451835338,0.5451345393141005,0.48537176098376167,0.24398245280024955,0.554976725246187,0.5104551016030057,0.6260355901853114,0.7344419653195641,0.376451862686053,0.24398245280024963,0.7183041681276026,0.6759732504852967,0.5354943444015033,0.5559315865106733,0.5003983267772749
0.20609137055837562,0.5250587080408807,0.524006034558137,0.48947070633178236,0.4954715045721376,0.48418725253674755,0.4381402758012324,0.5362957247677018,0.5793699778628614,0.5876250281122877,0.5207513500458014,0.49812342319436637,0.5474371799914377,0.4872612630161771,0.23080043467326822,0.5478874858457159,0.5115014127223008,0.5186867499957404,0.6959957522562447,0.4792703108947264,0.23080043467326847,0.6751020457276168,0.6779577521707747,0.534826440785462,0.5553370517013672,0.4996867964387117
0.20710659898477157,0.5091738597029313,0.5137109933630717,0.49497413441287696,0.5120983908342409,0.5003321148209341,0.23463944719852348,0.4973118186057912,0.5420723577083091,0.5793699778628614,0.5558536752038383,0.4852863751543432,0.5527219237991763,0.4896514985414616,0.5227671323688123,0.5451058785101794,0.51320111641756,0.6009067218193833,0.593855745140389,0.306800410949891,0.5227671323688129,0.6511814107638201,0.6742067343401126,0.5353767028466322,0.5559513123440141,0.5001483686090017
0.20812182741116753,0.5242949674693594,0.5207509261656034,0.5231033759218694,0.5185814194068865,0.506627010558413,0.1691665584225574,0.5138780567728882,0.5035740966622984,0.5420723577083091,0.5718093781530924,0.49029065374614006,0.5581274645158505,0.49239986535885516,0.4676471293854223,0.544007038410161,0.515104929721198,0.6152437799408581,0.4714801479653508,0.07877256555207462,0.4676471293854225,0.6351605339331939,0.6676303728360328,0.5374942682060712,0.5571684337228138,0.5030730898623564
0.20913705583756342,0.5245240663347258,0.5166632418781978,0.5154595767754752,0.5105730065757828,0.4988509696560993,0.18793822806058436,0.5203374379032764,0.5199339595980044,0.5035740966622984,0.5997316369839649,0.5207513500458014,0.5595694473767205,0.4948792288050433,0.3912459182571374,0.5416540271988688,0.5165996111232847,0.5683526418090715,0.4415653881689224,0.11691575021129488,0.39124591825713756,0.6148264550689372,0.6578311138234298,0.5386061824120124,0.5578310634762056,0.5045852682777678
0.21015228426395938,0.5286480789722202,0.529002067463366,0.5229504672811082,0.5368862632671014,0.5244013282750474,0.17167220733766594,0.5123582364936363,0.5263128724735011,0.5199339595980044,0.6014722893052911,0.5558536752038383,0.5599620315708471,0.49812832911530613,0.5727682303770101,0.5445061159640343,0.5191346546586462,0.6489208955864423,0.4406120310635577,0.17081243578907923,0.5727682303770104,0.6166513786023362,0.6503989939529369,0.5427009000946975,0.5588825007442437,0.5115448416788685
0.21116751269035533,0.536666888851392,0.5291534974020697,0.5326581248548622,0.5320811922925672,0.5212490442019292,0.14743704118176873,0.5385755131640066,0.5184330726009281,0.5263128724735011,0.5934944378306639,0.5718093781530924,0.5582180564376384,0.5018408909052404,0.40852799071855556,0.5459672627774825,0.5213696002161263,0.6709540821898256,0.4376585108536674,0.0671639902627143,0.4085279907185557,0.6128719184134555,0.643609796256472,0.5449171312571216,0.560717210309988,0.5140441129806828
0.21218274111675128,0.5265860726534729,0.5256714173622798,0.5254729349956325,0.5332253177709301,0.5223618317999207,0.1348856728096983,0.5337879691272518,0.5443237454590923,0.5184330726009281,0.5574492454987636,0.5997316369839649,0.553680730544132,0.5053638558848773,0.4392853204658933,0.5473704672106501,0.523564685421029,0.6646915915137572,0.37409142588960637,0.10696590431750419,0.43928532046589397,0.6091311801672339,0.6373435782816033,0.5467614620030466,0.562526209254234,0.5158413940439968
0.21319796954314718,0.5310918390462774,0.5326356929490592,0.532581728852041,0.5263609140388303,0.5156864879846518,0.15052135596800922,0.5349279213028315,0.539595842633481,0.5443237454590923,0.5202437289511403,0.6014722893052911,0.5482827353143311,0.508601611517623,0.3977663584709992,0.5472722828922516,0.5253869960075233,0.5900898464199783,0.2720125407776922,0.1061359069998126,0.3977663584709992,0.5995584411343663,0.6301941552549981,0.549429289423656,0.5625935762257521,0.520994365494164
0.21421319796954313,0.530022672164418,0.5258985045167357,0.5214981267816744,0.5216321879238026,0.5110878333591361,0.13987984190174668,0.5280885561139168,0.5407215937640417,0.539595842633481,0.5360542392088326,0.5934944378306639,0.5432471308113367,0.5116481494952348,0.40867451074823846,0.5463334306326608,0.5269403474822998,0.4899994868846158,0.14606813526928558,0.15257147339706748,0.40867451074823874,0.5871002713751798,0.6216941963259455,0.551930139492608,0.5617498402822398,0.5267330717715609
0.2152284263959391,0.5255932332165855,0.5213565304132188,0.5166826126313268,0.5196492000257429,0.5091593392892725,0.11485304256348694,0.5233770784617799,0.5339674305116917,0.5407215937640417,0.5422189526815135,0.5574492454987636,0.5417674089962732,0.5142539116391825,0.42295392768190765,0.5452052591917513,0.5283499634276514,0.4339125267190923,0.13358376937370242,0.1550576696307016,0.42295392768190765,0.5745479385416611,0.6120927933132879,0.553539187128791,0.561597343048033,0.5300344049964214
0.21624365482233504,0.5137560700711582,0.5148464291353512,0.516071094703401,0.5214796145841492,0.5109394079437996,0.10304877265454046,0.5214013236942381,0.5293146464676537,0.5339674305116917,0.5346037509403079,0.5202437289511403,0.5443418254389742,0.5163038414565394,0.44296119653147337,0.5446145291071025,0.5297807478533525,0.327603529307508,0.07181211287091481,0.09038114084143498,0.4429611965314737,0.5648766324200243,0.6022532240046776,0.5559907014009574,0.5599290644248862,0.5365023577499619
0.21725888324873094,0.5224621765464291,0.5184799391138448,0.5091916054905749,0.5048527283220459,0.494770479785443,0.16137555186653285,0.5232250616473983,0.5273635048224883,0.5293146464676537,0.5596250332341313,0.5360542392088326,0.5436246125118895,0.51794216570193,0.34618175401255524,0.5411125250457223,0.5304609987013251,0.2867095773368973,0.09259067284376206,0.20480942957928217,0.34618175401255546,0.5439635434442371,0.5897141749844927,0.5582866284050675,0.5553018823008653,0.5456292255657743
0.2182741116751269,0.4900815107194031,0.4897901453646556,0.48381425297480785,0.48692914324192615,0.47734056890920507,0.21088388571134936,0.5066588234803013,0.5291645234148448,0.5273635048224883,0.5550558900563756,0.5422189526815135,0.5404915074854053,0.5192223586552119,0.33784584442825305,0.534993148556067,0.5303659918413604,0.2706042522520572,0.17838559746217436,0.1658375128421839,0.33784584442825333,0.5135250143619541,0.5728896497461922,0.5594288968653222,0.5519473235428654,0.5512240544925836
0.21928934010152284,0.4744257612468199,0.47298500289172263,0.4680680453948548,0.4783106698109265,0.46895959944252386,0.20785267001343177,0.4888006163232431,0.5128046604791386,0.5291645234148448,0.5561438392566398,0.5346037509403079,0.5372980155242806,0.5204312517444559,0.38660153583236334,0.5284216667473225,0.5299147589123567,0.3261473267986936,0.258901702053822,0.15257020815725392,0.38660153583236345,0.48283139490717975,0.5525798123375074,0.5585484787255671,0.5538140466001975,0.5476316995035996
0.2203045685279188,0.4823682436810198,0.4783596683973109,0.4786929215429381,0.47953090739007753,0.47014602400956707,0.18162314777676114,0.48021357956578603,0.495168923360063,0.5128046604791386,0.5496164760505373,0.5596250332341313,0.5316206875224154,0.5214229961338573,0.44002444315413053,0.5232665389539086,0.5295321847968202,0.44824547769362744,0.28523664747655686,0.0961860611060219,0.440024443154131,0.4595421280386306,0.5311342322762552,0.5558920355979723,0.5549961637591507,0.5412496346236526
0.2213197969543147,0.46533778448578844,0.47086544577866807,0.4542327292839409,0.4500143088421894,0.4414422874141294,0.22800662882167128,0.48142936621627475,0.4866888602969298,0.495168923360063,0.5451199292185627,0.5550558900563756,0.5234972854736579,0.5216855173620568,0.2720541585676848,0.5136898475043938,0.5279318484471518,0.2668533642146764,0.3817458910167025,0.2794364368822463,0.272054158567685,0.41965605524786553,0.5050759747130005,0.5509320740073954,0.5573919367138556,0.5291445262856748
0.22233502538071065,0.43288084947901584,0.44808009130613113,0.39912094443654567,0.4489465282233328,0.44040400039311434,0.38318329034495846,0.45202043217301935,0.48788950118838814,0.4866888602969298,0.5432343055359969,0.5561438392566398,0.5151549375874764,0.5223466811125527,0.42733408226739017,0.5056605127279576,0.5263496743689042,0.22428603584556397,0.4202368857725841,0.6276949608028698,0.4273340822673903,0.3881976350492735,0.47720846283490403,0.544457943540065,0.5520485706276881,0.5218272943153958
0.2233502538071066,0.4418924405298499,0.4393747179458569,0.42847316348383035,0.4450567227176814,0.4366215128303639,0.24834272321243772,0.45095654638205773,0.45884693128326226,0.48788950118838814,0.544974847192162,0.5496164760505373,0.5071070307268468,0.5226886064289752,0.4114150556121789,0.4983848468463547,0.5246670880258499,0.23272189481431801,0.4405029018004643,0.21392991077528922,0.41141505561217884,0.3616197996800585,0.44898279884857545,0.5376991912709134,0.5441445041438553,0.5165176766834082
0.22436548223350256,0.4399068199213,0.4461876213475323,0.4155551242648051,0.41180283381411564,0.4042834262182039,0.35442556635459055,0.4470809292993102,0.4577962989342751,0.45884693128326226,0.5291643369344698,0.5451199292185627,0.49623555659894475,0.5224584946794631,0.24507914171222844,0.48639464928437653,0.5216616318312257,0.0,0.5239704281657298,0.42868981886826774,0.2450791417122288,0.3175175025116084,0.4165594950968383,0.5297032975726644,0.5412312223496449,0.5037888854431206
0.22538071065989845,0.42394558587315334,0.4340001101938684,0.4206000013762945,0.41386216657168173,0.40628601784801244,0.4011324950719193,0.41394833701026157,0.45396896266001086,0.4577962989342751,0.5121207954501126,0.5432343055359969,0.4857642121520422,0.5223742292930708,0.4454273986086033,0.4769583679575155,0.5188600450036018,0.018216574293554465,0.5383483800468302,0.2404645201451468,0.44542739860860375,0.28622547451683933,0.38363708176255795,0.5236959433859689,0.5423281089784469,0.49093507250499635
0.2263959390862944,0.43280446376881854,0.45731535394466893,0.43275367234419215,0.4636667132572033,0.45471876233699904,0.2633817553245396,0.41600015816242175,0.42124912227826083,0.45396896266001086,0.503925486933626,0.544974847192162,0.48004159394919693,0.5223596453985643,0.7248305644352415,0.47827999402032756,0.518248418646531,0.3048796012574734,0.43663683596821473,0.36401329007900113,0.7248305644352417,0.3005307984607448,0.3604918203902825,0.5221134600652502,0.5417694057711886,0.48839799476285606
0.22741116751269036,0.4683926302414232,0.463295565944273,0.4497229157799969,0.44330253663942265,0.43491548416192005,0.22328052448196273,0.4656230381888037,0.42327538270499987,0.42124912227826083,0.505085811149349,0.5291643369344698,0.47394903953267203,0.5219237320994118,0.32025647859978074,0.47566412458474333,0.5168102647631274,0.2811004638953718,0.3593059395943183,0.2454394430920422,0.32025647859978107,0.29865967208194644,0.3415580123789138,0.5186904446233355,0.5404076380472727,0.48306361615940363
0.2284263959390863,0.44089960109296256,0.4405102114717361,0.425492028164582,0.41996376179519357,0.41221952245590754,0.2538421900804622,0.44533314177591354,0.47228008175122027,0.42327538270499987,0.4770184702920757,0.5121207954501126,0.46732046179255154,0.5208477210872756,0.3009713187249101,0.46928661740581806,0.5144537616589846,0.2532966411613158,0.33609104917803934,0.25870674777697333,0.3009713187249101,0.281942736940753,0.32268007209117855,0.5137836116636872,0.5393791299968149,0.4744919209694314
0.2294416243654822,0.417530584581996,0.42453776040087454,0.40087904389994256,0.40524357676132283,0.39790476051202284,0.4399422190565776,0.422079497256856,0.4522429483388901,0.47228008175122027,0.47600311743759244,0.503925486933626,0.4600879052676679,0.519789534422978,0.34776259245080593,0.46139614697415415,0.5115748797178885,0.23692726879670153,0.33617632920467694,0.35074598539407,0.3477625924508062,0.26013976348213913,0.302711721427315,0.5085428268960184,0.5395970198852322,0.4640184649324052
0.23045685279187816,0.41165016673176835,0.4119717899076507,0.3928530314692048,0.41508246234051227,0.40747261513664024,0.37031846606440116,0.40741300545010983,0.42927898794847397,0.4522429483388901,0.4723043004204999,0.505085811149349,0.45370846683229177,0.5186859752303236,0.49147217954166145,0.45672659759110407,0.5092198176314569,0.26582684195167117,0.26966010421743647,0.30016612598751813,0.49147217954166167,0.25270872867648997,0.2850785788615154,0.5024823411831012,0.5331574510311796,0.45860851611755293
0.23147208121827412,0.4112682964460077,0.40485608438216747,0.3824574599647039,0.3764896703426638,0.3699427479762357,0.3720598877782171,0.41721600279033766,0.4147952051315287,0.42927898794847397,0.44068316923995426,0.4770184702920757,0.4464306201064277,0.5161709606157739,0.20778054702210227,0.4458993773937769,0.5053452772072282,0.23984299315628202,0.3576124514076305,0.33499185185560026,0.2077805470221025,0.22091207837304527,0.26387567261877487,0.4947407092417734,0.5300128397704369,0.44660894634330184
0.23248730964467007,0.39675809956548125,0.41288013852547445,0.4021784757586152,0.41256552594334484,0.4050250927039927,0.3011160800311743,0.3787639815464805,0.42447608085162714,0.4147952051315287,0.4426413892683014,0.47600311743759244,0.4428294414576028,0.5145715267557339,0.6533740926564708,0.44359046234610483,0.503129393034452,0.3685443083002622,0.3352254183500992,0.2089549878283939,0.6533740926564714,0.2254437122646462,0.24792471992480453,0.4887371449939273,0.520803132428644,0.4440847025264779
0.23350253807106597,0.41707238685126324,0.4137128299275459,0.4072233528701047,0.40409956766231914,0.3967921456356164,0.25092174022270214,0.4147082471498875,0.38650307872494105,0.42447608085162714,0.4900005450259191,0.4723043004204999,0.4387752916800109,0.5126285492071191,0.3837314101620114,0.4401643205595566,0.5006468242699484,0.36877034263457065,0.31616318232652707,0.1633500513687362,0.38373141016201134,0.22554380118677975,0.2351862956649275,0.482653893590275,0.5117894582692051,0.4412081967088892
0.23451776649746192,0.4235637738526179,0.42158551188574855,0.4210586689810186,0.4192010696659644,0.4114777983962572,0.22546615147228638,0.40627316922938483,0.4219995657767991,0.38650307872494105,0.4706362444449547,0.44068316923995426,0.43950760710066966,0.5102415541351663,0.5226730217297184,0.4401028533168277,0.4988923276267736,0.40303731852421354,0.3152833366927815,0.09950225465734644,0.5226730217297187,0.23954785201174042,0.22812098726801697,0.4775573175882347,0.501465395938955,0.4415747967653443
0.23553299492385787,0.4072207277839358,0.4061429500931508,0.40500670243710246,0.41210792230374327,0.4045799891795686,0.18286869252059373,0.42131958711723005,0.413669568511306,0.4219995657767991,0.44844339767498037,0.4426413892683014,0.4393339629840531,0.507998784581496,0.39207364835825337,0.4387647719186681,0.49691038841603197,0.4402799909281251,0.3158878583108848,0.10447717760424416,0.39207364835825337,0.24792084065962075,0.22433742831104125,0.4722064798292732,0.4900112831957455,0.4425756103893501
0.23654822335025383,0.4149340530875443,0.4275657238853525,0.41463784737291653,0.43468394682906375,0.42653422682593056,0.1951405769815452,0.41425231266159745,0.4285285444499357,0.413669568511306,0.43444597008665337,0.4900005450259191,0.4364650997558868,0.506422038840148,0.5657260469976582,0.4417687479642994,0.49594906334300903,0.49230755802341486,0.22794802213812215,0.23466023250046664,0.5657260469976583,0.2736627253067232,0.22705566773240796,0.46788786332986,0.4759464302010421,0.4482109697334995
0.23756345177664973,0.44769647266988055,0.45194074619268043,0.44750620702943533,0.446734680315793,0.43825309849569294,0.26029858245417703,0.43674598906360174,0.42154931112870997,0.4285285444499357,0.4438017688166049,0.4706362444449547,0.4368048309824187,0.5052682433482832,0.5023225665683392,0.44641440667436744,0.49552873797384467,0.5232366315287563,0.23865061212241506,0.1451078237369109,0.5023225665683395,0.3049587002573305,0.23621491048595417,0.46499613419722974,0.4653153504815336,0.45319952428569876
0.23857868020304568,0.4350955689529319,0.44164570499761524,0.4293139277377791,0.44055679842245454,0.432245438753991,0.250891193972968,0.4487527663929436,0.4437627707654189,0.42154931112870997,0.40710387336364257,0.44844339767498037,0.4388432356213518,0.5045147112235521,0.39843300344483046,0.44909378034930075,0.4948668757938115,0.5799917598315383,0.26750489069635375,0.22968530955357247,0.39843300344483024,0.32680892709711284,0.2484188491555196,0.4626888257953987,0.45768384999833833,0.4563275736495216
0.23959390862944163,0.4261603053470695,0.4213584247312926,0.41387347912178896,0.40829440346791857,0.40087159917676285,0.2774324592443086,0.44259741889131854,0.4556199727098962,0.4437627707654189,0.4414084133742167,0.43444597008665337,0.43914522213377666,0.5028164293189558,0.24982876166183646,0.445428624947838,0.49288352525631685,0.5096400099422157,0.26467376586812036,0.17495862665809656,0.24982876166183682,0.32177661209037567,0.2570588855312691,0.4592050873683906,0.45033681036436946,0.45686867884517446
0.24060913705583759,0.4034022579872302,0.4081111350211014,0.40898145233350136,0.40417579614246624,0.39686641591714633,0.46105196145462946,0.41045270398604083,0.4495413059400176,0.4556199727098962,0.4333581315515504,0.4438017688166049,0.4380656242397994,0.5017452796049885,0.4090979630281072,0.4416821113726103,0.4908059389220534,0.38841489867950285,0.2714828035530719,0.08291875642109195,0.4090979630281074,0.31649122136100893,0.2627913185066302,0.45545570868203356,0.4412531994329719,0.45862916849883784
0.24162436548223348,0.4066861443430059,0.42658166029817723,0.4134148698346244,0.4301077358640102,0.42208417033733614,0.2508332417421639,0.4063491196591482,0.4177970363808503,0.4495413059400176,0.4477181535407179,0.40710387336364257,0.4433730160279849,0.5005250443109123,0.5867218769317439,0.4433248321790157,0.4898928778917877,0.491497656858926,0.18682465896865047,0.2371476939739155,0.5867218769317445,0.3332251010392232,0.2711119404557384,0.45446523465569255,0.4386748642130207,0.4592732232760114
0.24263959390862944,0.4295969631232397,0.42938247887459935,0.42778519123552405,0.4236247654810441,0.41577971733882346,0.20388565425356525,0.4321864702484193,0.4137445727825415,0.4177970363808503,0.44097327796017544,0.4414084133742167,0.4444677164155361,0.4989839497379255,0.39606142147328155,0.4434918665925022,0.48874486095148306,0.5285454866489756,0.1818545898332935,0.11194019464449159,0.3960614214732817,0.3431192022637227,0.2799766084351021,0.4532053217452736,0.43564386677908873,0.45984338202511355
0.2436548223350254,0.425702107616337,0.41923886761823803,0.4119625293351904,0.40493848827169543,0.39760813997679656,0.1840831200567532,0.42572714709545834,0.4392600525190212,0.4137445727825415,0.4624408252633068,0.4333581315515504,0.444550757090537,0.4975433265270174,0.32512864596016966,0.4402359607866277,0.48686142912872277,0.5193667743081208,0.1800137161414055,0.17247116518464886,0.3251286459601696,0.3385438255456986,0.2860472079726676,0.45120919367014156,0.43275876361320853,0.4588267906529152
0.24467005076142134,0.4006529550723841,0.40985223279459615,0.40378366658125087,0.40875200710752013,0.40131664512732534,0.21352799192665473,0.40710902979877417,0.43288119689869353,0.4392600525190212,0.47389987071542533,0.4477181535407179,0.4435164551574536,0.49621289603818275,0.4558843658944082,0.4382643978519473,0.48521112956039114,0.5052660504579619,0.1900402142305253,0.15837512842184087,0.45588436589440867,0.3392739888974577,0.29106664582182395,0.45105739634093467,0.4327579003560965,0.45853061618387847
0.24568527918781724,0.40683885749817517,0.408489652114261,0.4031721486533252,0.4134807914122274,0.40591506945739464,0.1999006533186216,0.4109086384743309,0.41449501628107976,0.43288119689869353,0.468025321295546,0.44097327796017544,0.4436523488000494,0.49464425328467765,0.4611773004502493,0.4375098311054126,0.4838230460039534,0.6209043363257121,0.18862533509333945,0.15008337930371185,0.46117730045024957,0.34482745062406434,0.29632162044455057,0.45103842058904875,0.4327507756845618,0.4585006196076489
0.2467005076142132,0.4167669022756999,0.4168165083813755,0.417007464764239,0.4148536605207114,0.40725020730908235,0.16206898028339495,0.41562017410389496,0.4182472910289394,0.41449501628107976,0.43734700195628334,0.4624408252633068,0.4416894451091576,0.4934256375990961,0.4413862712766561,0.4371417083344398,0.48254673517986135,0.5275818469278019,0.17844572764397254,0.09121050553921861,0.4413862712766569,0.35162212915610636,0.30204203986857947,0.4486096720076176,0.42449999133114424,0.46201125196355786
0.24771573604060915,0.40500600831001954,0.4003141680322505,0.4027135393661605,0.4034893906830641,0.39619884699130226,0.17592241823525465,0.41698803554619246,0.42290013232814616,0.4182472910289394,0.4334306172321701,0.47389987071542533,0.4374088040072687,0.4922523969145559,0.36690975712951995,0.4347772871422035,0.4808458453359352,0.5180907831465946,0.13302438361309443,0.06550589348705144,0.3669097571295202,0.34992030184776857,0.3062385607447945,0.4466287239549356,0.42065461337018495,0.46198608949735864
0.2487309644670051,0.4167669022756999,0.4239321561532591,0.4202178464095103,0.4206502254442752,0.4128870338078897,0.26913672587024695,0.4056652179267132,0.42425095352758246,0.42290013232814616,0.4580893051251525,0.468025321295546,0.43543834906959017,0.49133195362553506,0.5349216259280158,0.43595838070048715,0.4799283818777811,0.5246888258856898,0.07621413201449558,0.1343279805254286,0.5349216259280163,0.36261361681107984,0.312428677776855,0.44666287972927143,0.42071236108409193,0.46199509107960024
0.249746192893401,0.43211716717271964,0.42892830456568765,0.43046050927324997,0.4271331958272413,0.4191915443802643,0.14571074985333518,0.42276345696671835,0.4130691908104078,0.42425095352758246,0.45192464698505214,0.43734700195628334,0.43730310959190705,0.4898686435322771,0.47101350449474993,0.4381017398581097,0.4793176596037214,0.5682013256470166,0.08940888372696733,0.07794383347419778,0.4710135044947503,0.3785673620488621,0.32094133617985643,0.447752022453891,0.421875319931759,0.4629616255614061
0.25076142131979695,0.433720917495509,0.4439166920493737,0.434893926774373,0.4492516167129603,0.4407006785022022,0.1844276931729132,0.4292227801196793,0.4299544271757765,0.4130691908104078,0.4341558613664325,0.4334306172321701,0.4417649460571991,0.4880909575394573,0.5609655967520817,0.44387108744853904,0.47965466636991927,0.5668588522469523,0.15612216589080463,0.19403021898770667,0.560965596752082,0.4084223295297234,0.3344145093566806,0.4494521473294807,0.4267977531504151,0.46135858831374366
0.2517766497461929,0.45380604765069954,0.451259426975713,0.4546149425682844,0.4516159797704742,0.44299994824109845,0.1602193620401469,0.4512605220333935,0.43633328279610417,0.4299544271757765,0.4377821373703246,0.4580893051251525,0.4438939426179202,0.4860069949258917,0.446675724005643,0.4490207225675226,0.4800772051602331,0.5366741597913972,0.20899438337683857,0.06053033792024815,0.4466757240056433,0.43426298443712985,0.35096017808078517,0.45319014172282357,0.4278524785151775,0.4676168277852769
0.25279187817258886,0.4486893121067679,0.45723963897531716,0.45071658867470665,0.464505692056259,0.4555347566781792,0.16962703600032544,0.45361626085946194,0.4580964877847241,0.43633328279610417,0.4422787395348798,0.45192464698505214,0.44794054690863877,0.48357300648074475,0.5058268924245061,0.455574240564018,0.48102151455796704,0.5983426202840507,0.28929587943330376,0.16832497431563273,0.5058268924245066,0.46442474945021095,0.3709282307399452,0.4557744833628974,0.4352581171491281,0.4652570835532338
0.25380710659898476,0.4725165263484671,0.4759372514068487,0.4765526671127571,0.483268197745755,0.47378043160015093,0.18497980949988363,0.4664589567356203,0.4604228798067431,0.4580964877847241,0.44358420110958413,0.4341558613664325,0.45569402426354405,0.4814987676998591,0.537455495990126,0.46434261975333196,0.48271241106308027,0.7862943050185703,0.3759513298728832,0.09286860231488264,0.5374554959901267,0.5019584912362943,0.39527947198083163,0.45971360798693983,0.44616521539640486,0.46204165119738505
0.2548223350253807,0.4790079716150468,0.49599738676511573,0.48381425297480785,0.5034035725437349,0.49336118679994867,0.23591525271312075,0.485153024462068,0.4731055867761629,0.4604228798067431,0.4327779141111083,0.4377821373703246,0.46506312283602197,0.4800305963084325,0.5429647785020284,0.4751724081220528,0.48517795483286696,0.8396645474223862,0.48055230160317747,0.23383023518277624,0.5429647785020287,0.5458525276412873,0.4245567577957017,0.46390319863846763,0.4610780067436854,0.4553045939512348
0.25583756345177666,0.49978045663156145,0.4945592066226283,0.4926810879770537,0.4899800281382014,0.4803075802955301,0.19233203487982048,0.505214953630813,0.4915667716650123,0.4731055867761629,0.4490961561286227,0.4422787395348798,0.4726354105874378,0.47908260607523523,0.3617212624841397,0.48159604447574694,0.48698617427752167,0.7280007141770573,0.5007659714304062,0.12189067315819024,0.3617212624841399,0.5694853219918944,0.4532529652157831,0.4677778132338606,0.4695212432103455,0.45443050876833313
0.25685279187817256,0.49916948748043455,0.5082606706417314,0.5026179335592712,0.5143101805521013,0.5039673284455812,0.1918938246616717,0.4918403728366012,0.5113787777532979,0.4915667716650123,0.45526081426872317,0.44358420110958413,0.4824801282691296,0.4794828669696841,0.5649129254811837,0.49126898598187035,0.4897396356000212,0.8033717627742735,0.5468297962721184,0.1641800486864278,0.564912925481184,0.6048117220636947,0.48409409464647724,0.4717397064439314,0.48255104457369424,0.4491337227118115
0.2578680203045685,0.5182618364639627,0.5108344020636977,0.5005541917670303,0.4960053366918864,0.4861669873434804,0.18034991157288918,0.5160817787845751,0.49817081186455336,0.5113787777532979,0.4762932261578134,0.4327779141111083,0.49163783225097063,0.4791409416532616,0.3367140384485603,0.49585989131466174,0.49162061351321995,0.8051756207339342,0.46852459449880307,0.21475927547307289,0.3367140384485602,0.6174609287884388,0.511590054423554,0.474191223611391,0.48917288163779526,0.4472990505934885
0.25888324873096447,0.5097085014090862,0.5108344020636977,0.5156888814190576,0.5148441290512089,0.5044866446776737,0.1864143413215107,0.49784370352384477,0.5221102285672146,0.49817081186455336,0.4785414995738007,0.4490961561286227,0.5009616291026409,0.47906153632869575,0.5346089920476608,0.5030363466644288,0.4942146325592953,0.8262611583981272,0.4289819050592531,0.050580492026458625,0.534608992047661,0.6395862520282971,0.5385247628629973,0.4778874736668195,0.4993378540975584,0.44435160416572417
0.2598984771573604,0.5133741997853977,0.5083363278574835,0.5129371090609508,0.5122509641738944,0.5019649095373577,0.1737827533590169,0.5166137796574832,0.5040993555816231,0.5221102285672146,0.49079833017338176,0.45526081426872317,0.5093870234237372,0.4790971874970572,0.41966560356534505,0.5084371922233664,0.49659862145040967,0.8083306220294122,0.3479972206230638,0.053067953499906305,0.4196656035653452,0.6530812128593546,0.5630843416681273,0.48305994978111,0.5073347870880194,0.44646416885664075
0.2609137055837563,0.5073409522495506,0.5143922548264395,0.5133957183481156,0.5174372939285237,0.5070084949657129,0.2004516277297142,0.5140300735872698,0.522635601996877,0.5040993555816231,0.5086396014726213,0.4762932261578134,0.516136392312879,0.47868395984391154,0.4607827607859216,0.5137976653169674,0.49910572841680834,0.8135738695048963,0.3051797411358476,0.11442828873784722,0.460782760785922,0.6653967978145174,0.5854806030726967,0.48869540355130625,0.5146102008691567,0.45020530279466064
0.26192893401015227,0.5188728056150896,0.5148464291353512,0.5017007149849418,0.5042425513427908,0.49417700841954404,0.2020163379614232,0.5191974857276966,0.5200840826508135,0.522635601996877,0.527786334346565,0.4785414995738007,0.5213456409324899,0.47809247882164396,0.36390287593033366,0.5157879472641664,0.5009634370709253,0.8056413498384181,0.20799852409695452,0.24626880778982818,0.36390287593033394,0.663095015873423,0.6028838993607479,0.49238406504315646,0.5196470565102764,0.45237886524533377
0.2629441624365482,0.49855851832930764,0.5013720522707039,0.49780241940892356,0.5072170913795597,0.49706974952433913,0.1278911525785174,0.5060508721776298,0.5251871213429404,0.5200840826508135,0.515021882652323,0.49079833017338176,0.525573434826698,0.4775398881847269,0.44920699360846894,0.5179563997192254,0.5028725265135479,0.7845989723019616,0.11575001365313249,0.1409616328678936,0.44920699360846944,0.6612892882721265,0.6164035332092499,0.49654329564978417,0.5241879808025451,0.4559699236002309
0.2639593908629442,0.5037515813182111,0.5043999580015821,0.49864324198043175,0.49531893123248416,0.4854993608437749,0.17276673370664467,0.5090145623063698,0.5122042827782405,0.5251871213429404,0.5381574305984189,0.5086396014726213,0.5267662783828242,0.4768803465154109,0.3700983704019418,0.5175704282803257,0.504209821270418,0.7223952430013559,0.08188697650742431,0.1650075155244923,0.37009837040194193,0.6489266246046141,0.6244601348772066,0.5010402766891616,0.5248503215381519,0.4641063351957446
0.2649746192893401,0.49703115371671547,0.5117427506815213,0.5043760913402274,0.5134713181324044,0.5031518522691557,0.1558977814001887,0.4971598017914096,0.5151310525011576,0.5122042827782405,0.5207513500458014,0.527786334346565,0.5277628356018003,0.4767069544444572,0.5309860331392853,0.5205502738156276,0.50625281024187,0.7147553834564283,0.0866955837150301,0.18324974315631762,0.5309860331392859,0.6505910589722202,0.6312768854995158,0.5062507043072237,0.5270348890394416,0.47211430379343733
0.265989847715736,0.5174217684474695,0.5112885763726096,0.5150773634911318,0.5165220866493205,0.5061184030645876,0.12234715099125434,0.5152459761926129,0.5034239736094894,0.5151310525011576,0.5386651623582412,0.515021882652323,0.5303901050120958,0.4766405134059032,0.44946688322289285,0.5235422087998609,0.5083430978008727,0.716101223222544,0.06117151840500927,0.06218906731581896,0.44946688322289335,0.6520914669540145,0.6370651477951422,0.5113776403541642,0.5287186658610774,0.48046044165496493
0.267005076142132,0.5187963616396675,0.5139380805175275,0.5192814763486723,0.5140051502521532,0.5036708230580783,0.11980838651568634,0.5182856167511165,0.5212848380526096,0.5034239736094894,0.5361993212352334,0.5381574305984189,0.5303599115447757,0.47648170522945643,0.4200895035306131,0.5255331954713613,0.5102462930747205,0.6785131473898233,0.06082076274885888,0.04560556907956328,0.42008950353061286,0.6493410024901918,0.6410819076080104,0.5163110347339834,0.5286238240177576,0.4902091582997846
0.26802030456852793,0.5134505272303697,0.5109858320024014,0.5114083725586959,0.5078272683588148,0.4976631057425148,0.23897958397149777,0.5157778611106665,0.5242866120467622,0.5212848380526096,0.5411310034812493,0.5207513500458014,0.5315301071204548,0.4765449045783362,0.4007244840269715,0.5260405647511031,0.5118168330811108,0.6048308500668719,0.03766981784929725,0.09867352257946957,0.40072448402697136,0.6405920838943638,0.642342727465458,0.5215024837048664,0.5234843427630218,0.5055150944495675
0.26903553299492383,0.529946344719446,0.5265041087643512,0.5065927417732293,0.507064518039906,0.49692143925672605,0.36270873865399517,0.5096225136090413,0.5218100969719344,0.5242866120467622,0.5285841194940277,0.5386651623582412,0.5307600412257756,0.47697271612598835,0.4292959037533182,0.526317204619752,0.513293926902499,0.5344295827110734,0.03543549947964074,0.32089644771269904,0.4292959037533183,0.6312359899555932,0.641263285664291,0.5258021244523937,0.5188370556658035,0.5185829912473574
0.2700507614213198,0.4941290793814751,0.4999337566210169,0.4960443782630862,0.4916579857363128,0.4819391083869975,0.2449158336628236,0.5088625454919882,0.5157314302020557,0.5218100969719344,0.5314126103504571,0.5361993212352334,0.5287216423467562,0.4772563033917,0.3514358210398191,0.5237464271539611,0.5140696393565132,0.5265562807975666,0.06855836086976226,0.14427782641921932,0.35143582103981935,0.6107134396460809,0.6358194992633593,0.5290126282658879,0.5116729243835023,0.5320402940721061
0.27106598984771574,0.4961146417247998,0.5037944692611662,0.5018536236257031,0.4998950840078582,0.489949474906231,0.14584207017929504,0.4935122099302345,0.5149809294483487,0.5157314302020557,0.5200986469247395,0.5411310034812493,0.526985224220248,0.47768897623752105,0.477815576632218,0.5231385427735888,0.5151589553521299,0.45721943516727215,0.060444294163765996,0.12354940255375987,0.47781557663221846,0.5991093900969178,0.628874672607076,0.5315324511914327,0.5075417851160129,0.5411084927115298
0.2720812182741117,0.48962331298867057,0.4842641654275631,0.4626408966814628,0.4641243168968048,0.4551638658614233,0.3240654489085425,0.5017192626291649,0.4998218219144387,0.5149809294483487,0.5373597561161176,0.5285841194940277,0.5230141151176573,0.4779887682425762,0.24181584371389045,0.5161468532343205,0.5147115816499623,0.39784567425522843,0.18473620400873025,0.3349924844755059,0.24181584371389034,0.5621764753159305,0.6150761050375786,0.5321548176354173,0.5048668852421774,0.5450052855650113
0.2730964467005076,0.4744257612468199,0.47639142571576054,0.4723485542552166,0.4660311345043966,0.45701797450203363,0.171152064655277,0.46607897267709375,0.5079266346007184,0.4998218219144387,0.5402607326531668,0.5314126103504571,0.5189373173596183,0.4783517608328539,0.44393267981653495,0.5107725705381938,0.5143613905363214,0.30815029807743777,0.24310700615430192,0.14344909434134126,0.4439326798165353,0.5336008936210082,0.5976597384820093,0.5322307177476674,0.5045868686649535,0.5454342472057913
0.27411167512690354,0.4644213890243232,0.4710925329331239,0.4659277326471144,0.4785394716307273,0.46918194969622007,0.15438702669371102,0.4679788349922993,0.4727303363993094,0.5079266346007184,0.5378673772107785,0.5200986469247395,0.5172764001811516,0.47906316088256007,0.5026447030112802,0.5086463700967563,0.5145473449731737,0.3842452426568759,0.2590090818081155,0.15505830225060957,0.5026447030112807,0.519715597872764,0.5806277180435027,0.5319954346379249,0.5049681736913911,0.5445919614438829
0.2751269035532995,0.48702678149421874,0.4825230099004685,0.483890648977629,0.4821241886467512,0.474308383911491,0.15679932398580027,0.4804415468099311,0.4746065310284081,0.4727303363993094,0.5319928277908992,0.5373597561161176,0.5141735001418146,0.4805572620823527,0.4529565905671412,0.5075575716416492,0.5148757233199879,0.3761189667050219,0.2486595411561543,0.08540621789453962,0.45295659056714155,0.5109183259720227,0.5650387221852702,0.5309366548534987,0.5049308548065508,0.5425575023252598
0.27614213197969545,0.47602956983483447,0.46950280734473315,0.4634817192529709,0.4564972792251555,0.4493449332382138,0.18277191514994068,0.48401318824134276,0.4869139876209744,0.4746065310284081,0.5312675283240562,0.5402607326531668,0.5082319361015455,0.48146312024052496,0.2936751201255587,0.5020140659497538,0.5141209123904404,0.34172799026440515,0.2671965377469001,0.16417878344661307,0.2936751201255585,0.4846689000510946,0.5467091655984363,0.5292706828569517,0.5082484698059142,0.5359748828943295
0.27715736040609135,0.4308952288704657,0.4447493256978453,0.43260076370343103,0.44932790338278705,0.4423612813938034,0.291458326493733,0.4584797553259803,0.4904411350447895,0.4869139876209744,0.5166174529472483,0.5378673772107785,0.5018298496857223,0.48115846693730047,0.3932382912260781,0.49617684077245844,0.5130962718381651,0.30977644943628024,0.278179159546106,0.22802658015800287,0.3932382912260779,0.4586546562931484,0.5262396485005373,0.5260374162480154,0.5098679276751272,0.5280260812425046
0.2781725888324873,0.43013154656416963,0.43241044235907744,0.42862601380703214,0.42537895155930294,0.4190322950789377,0.2515754870628068,0.4513365304405843,0.46522578690358996,0.4904411350447895,0.5244501117303133,0.5319928277908992,0.49366869140303055,0.48077764876284246,0.2983627028804551,0.48705289876068775,0.5111115817235432,0.2845768701254514,0.3427170384229458,0.13598670992099826,0.29836270288045524,0.4207489639098787,0.5014042235898426,0.5225233206714007,0.5161714452191759,0.5148366189548947
0.27918781725888325,0.4391431376150038,0.4438409770800218,0.4439900664202012,0.4421584693507392,0.43537745682780793,0.2335589092990492,0.4274749346188551,0.4581715493111286,0.46522578690358996,0.4904356804399604,0.5312675283240562,0.48724395700676043,0.48124921446669877,0.5303429243225811,0.48263424562381224,0.509905521656959,0.2779376956880161,0.31334041733093126,0.0945273317104511,0.5303429243225815,0.4039891047736138,0.4777954099841305,0.5189067635623648,0.5156092019856833,0.5083227839859848
0.2802030456852792,0.4518968127523467,0.4570125518208612,0.45614367907053943,0.46107349019020927,0.4538026470504076,0.1652058232000194,0.444193247577761,0.4346072112198144,0.4581715493111286,0.49224887377448706,0.5166174529472483,0.48421654639563777,0.482435419437251,0.5407624569663634,0.4824530836373055,0.5095367467300271,0.348456778230967,0.2814878176946212,0.10696527169759742,0.5407624569663638,0.40556207035378394,0.4592594143381438,0.5163603705307693,0.5130490524398819,0.505903982667003
0.2812182741116751,0.4562498659899822,0.449745474110274,0.45094589331828905,0.45207358341007575,0.4450358175629411,0.14329987995609333,0.46303927414116297,0.4511172544634984,0.4346072112198144,0.5041430546406467,0.5244501117303133,0.4794829284050682,0.48322136104066915,0.3832342094645315,0.48067089017735537,0.5088065511159667,0.3350808752039751,0.20673244280194375,0.08374812111887558,0.38323420946453157,0.40089778458449055,0.4433896402092559,0.513108125274654,0.5095371538807181,0.5030571461270742
0.28223350253807106,0.4542642453814323,0.4501996484191856,0.4479648163166,0.44124320388185667,0.4344857528585565,0.11217781914050845,0.454072195347752,0.4697285051499879,0.4511172544634984,0.5075517629375181,0.4904356804399604,0.47721803820175174,0.4845971640578607,0.37247805718218463,0.4772464320348266,0.507652658207727,0.3260429377446724,0.21653055385769376,0.12106130846040425,0.37247805718218485,0.3900502462629242,0.42827286192171315,0.5099735215734098,0.5081684450353054,0.4982940870471384
0.283248730964467,0.428298697376014,0.4345299994721321,0.43328873595173734,0.440022908113026,0.43329714048477075,0.1957349441959984,0.4432813206237536,0.46087313445483225,0.4697285051499879,0.4831831284321762,0.49224887377448706,0.47464361023922336,0.48518054456497006,0.42641175325002717,0.47422305293989625,0.506493050166984,0.325177902093285,0.21964741483252037,0.10862336847326146,0.4264117532500274,0.3815677480041654,0.414286311121839,0.5066301990778878,0.5056836659885688,0.49424035929244814
0.28426395939086296,0.44410716000376627,0.45572568610987796,0.45041082971074375,0.4600057095713527,0.45276257523968144,0.15075801803370648,0.44206547599583745,0.4502166879121512,0.46087313445483225,0.4763657671710138,0.5041430546406467,0.47280904318422673,0.4863683691440167,0.5470809701408078,0.4753773387599957,0.5062135016346223,0.4302057055966251,0.18307293867569951,0.15505830225060838,0.547080970140808,0.3906686513229896,0.40512821459989634,0.5048731498419338,0.503551626368177,0.4929374001886714
0.28527918781725886,0.46388680558339346,0.45784524322293263,0.45125165228225184,0.4456668996969364,0.43879498368155256,0.15771885174648895,0.46197538835020135,0.4490159897655238,0.4502166879121512,0.45359270296059734,0.5075517629375181,0.46920031328861483,0.48693068237727133,0.3534179042144491,0.47371848464401317,0.5053460532568288,0.37077558622401885,0.10642379465178285,0.1691543390134164,0.353417904214449,0.3881354885305468,0.39723638485353835,0.5014994644062184,0.49834297186841625,0.49155224527493624
0.2862944162436548,0.4500639635641912,0.4573910689140208,0.45683165131884573,0.4584040386430678,0.45120232358893797,0.11146412171681341,0.44768888060198186,0.4686778728010007,0.4490159897655238,0.4695483505772709,0.4831831284321762,0.46938905413889137,0.4879143250151722,0.505414355281514,0.47467372022311466,0.5050445909702515,0.5022831536852217,0.10968925953906476,0.10364844552636493,0.5054143552815146,0.3964802263137879,0.39278530377501825,0.49860773527358804,0.4913290421339065,0.4929181893525859
0.28730964467005077,0.46388680558339346,0.4602676602133948,0.45973627400015427,0.45687865438460973,0.44971645736744803,0.1369191395092902,0.46037955966375865,0.454569340360909,0.4686778728010007,0.48753464857033063,0.4763657671710138,0.4701364662932099,0.4883858907190285,0.42483105041408803,0.4751783368328864,0.5046912428330694,0.4915547118248069,0.11622080117076754,0.1036490781462717,0.4248310504140883,0.4027361830997283,0.390620646451477,0.49576534193774346,0.48384464603919997,0.4948518509538663
0.2883248730964467,0.4573190328718417,0.4532276119036637,0.46050064225128184,0.4564972792251555,0.4493449332382138,0.09285945727593112,0.45885973938450686,0.46710192427751984,0.454569340360909,0.478976634987842,0.45359270296059734,0.4732167183520996,0.48859331434984876,0.43121539843426754,0.4755219647425843,0.5043358232951658,0.44639241993711076,0.06364185208186653,0.01824222763182414,0.4312153984342677,0.40812785542310803,0.3900922366967643,0.4932113603425696,0.4767990575643708,0.4969104104300688
0.2893401015228426,0.4533478499199668,0.4551200818622625,0.45025797938754186,0.4445228324082531,0.4376805264415733,0.20148334872540774,0.4584797553259803,0.46560103728044344,0.46710192427751984,0.46867802441660783,0.4695483505772709,0.47345075516327,0.48867757973624093,0.36635575772481876,0.47362910488126914,0.5034942272211123,0.40043487169406733,0.05921752947434887,0.15008274668380744,0.3663557577248188,0.40423296205121206,0.38880024465786794,0.4900995281226471,0.46866230693082367,0.4989701697858757
0.29035532994923857,0.4467036914982181,0.4411915306887034,0.44620677517076246,0.4394127311337711,0.43270269036322373,0.13492535438645573,0.44654898640382934,0.46522578690358996,0.46560103728044344,0.4675176448683041,0.48753464857033063,0.471306661868889,0.4893387434867368,0.40440086847179346,0.4711526414973584,0.502472210772791,0.45846292623119855,0.0607832316291813,0.04145937821054597,0.40440086847179335,0.39816797704487616,0.3864130646639956,0.48750000646012315,0.4636307034611725,0.498922590514438
0.2913705583756345,0.4429616074117094,0.43778505011106583,0.44154405302605726,0.4368957947366038,0.4302508498909523,0.12443685704783342,0.441457524693166,0.45344364648551727,0.46522578690358996,0.48651929571584734,0.478976634987842,0.46980428631346466,0.4900339375607571,0.419013783385476,0.46866948404946823,0.5013851531768565,0.4738403776857262,0.0748205087910618,0.054726050275570336,0.41901378338547585,0.3923839253670947,0.3832124331457896,0.4843654056541723,0.45476850400031144,0.50166433997166
0.2923857868020305,0.43685203243089044,0.4369523587089943,0.44238487559756534,0.4428448748101417,0.4360459469354384,0.10057595382092188,0.438949769052716,0.4484156120646259,0.45344364648551727,0.47288451786094193,0.46867802441660783,0.4699628279365073,0.4903045605404569,0.4673192916747637,0.46771788967953215,0.5005891895071171,0.593904315829322,0.07280581060036702,0.036483822643743856,0.4673192916747642,0.3931281825722211,0.38081803162351574,0.4833066229744527,0.4535517146910899,0.5008111261534438
0.2934010152284264,0.4399068199213,0.4340001101938684,0.43535253606153757,0.4312518031526934,0.4247531794157554,0.14896549558435404,0.4448771493101962,0.44593909698979795,0.4484156120646259,0.48499626643412225,0.4675176448683041,0.46909461887325316,0.4904666104065779,0.3675610729044048,0.46483454272408636,0.499340253732107,0.47205429869853166,0.09367165748939023,0.08043129494764545,0.3675610729044051,0.3860442896525589,0.377321523669331,0.48157613805396293,0.45243398250531985,0.49854430981056075
0.29441624365482233,0.4352482821081012,0.4439166920493737,0.44085608077775096,0.4491753300431336,0.4422125105352972,0.14593970398685654,0.4333263644465717,0.45179263643563217,0.44593909698979795,0.4835457781655976,0.48651929571584734,0.46802257222606264,0.4914065001246165,0.536310148099872,0.4657295305444908,0.49888887460442133,0.46727489936101774,0.07699632318108278,0.12935369019844004,0.5363101480998727,0.39467157668314273,0.37644975950575366,0.4801150920175511,0.44774524455093423,0.5003811316519532
0.2954314720812183,0.4512858436012199,0.44512784279100504,0.4483470296009434,0.4492516167129603,0.4422868383906886,0.13420166519882895,0.4511845136262027,0.44038574639441286,0.45179263643563217,0.4831831284321762,0.47288451786094193,0.46837740594616833,0.49226698575443206,0.43377825512583346,0.466475643464669,0.4984583827431408,0.5065804813574549,0.07782330431526936,0.061359702618035326,0.43377825512583373,0.40235048320798594,0.3774661303428677,0.478479480065904,0.44075015011785945,0.5041861987724485
0.29644670050761424,0.4545697299569956,0.4613274387699222,0.4588954514286461,0.45565830042609956,0.44852761469821534,0.14375436247550233,0.4512605220333935,0.45802142625831965,0.44038574639441286,0.4717966239932582,0.48499626643412225,0.4681056186609773,0.4931631213162663,0.46946160792360103,0.4682492592149034,0.49831234901644406,0.5916557029947728,0.07171962989574916,0.1243787672515447,0.4694616079236013,0.4138664702603366,0.3808493707163676,0.47843773572798975,0.44062879781332076,0.504226048397061
0.29746192893401013,0.45922826777019454,0.4559527732643339,0.4612650105024093,0.45863284046286845,0.4514251344335276,0.09372160376375471,0.45764383677916354,0.4580964877847241,0.45802142625831965,0.4669374274278622,0.4835457781655976,0.4682792570176801,0.49409328720162493,0.45000406259741565,0.4702404393269913,0.49829627421083433,0.6110609498920645,0.07592874054399092,0.039801281434883116,0.4500040625974165,0.4257268413930877,0.38620296652890035,0.4789007133838957,0.44173964988852976,0.504019480191711
0.2984771573604061,0.45777723060257436,0.45928353887261963,0.45683165131884573,0.4508532876412451,0.4438470324675703,0.13456936211151663,0.46060752690790363,0.46440028187864724,0.4580964877847241,0.46454407198547404,0.4831831284321762,0.4677205857136378,0.4950996167218752,0.389920443554389,0.47045717694514605,0.4979559156058768,0.46991676308232944,0.06684374607187125,0.1243781346316391,0.38992044355438904,0.42979250033752325,0.3913932189592546,0.4801682177531864,0.4402350399198548,0.5080066309157422
0.29949238578680204,0.4540351465160658,0.4536061289968233,0.458054628857138,0.4603107980609801,0.45305982908738573,0.08414235694291991,0.4528563507198361,0.4673270516015643,0.46440028187864724,0.4702010536983329,0.4717966239932582,0.4692833597235296,0.49594227553116743,0.48656983387561675,0.4723515575591048,0.49802389873041863,0.6043574723217005,0.08568826566480635,0.048922395250794594,0.48656983387561736,0.4404143468383325,0.3979160098754407,0.481071407374263,0.4415724589393021,0.5084345663566998
0.300507614213198,0.46388680558339346,0.4770726871791281,0.46546912335994983,0.48418340502495805,0.4763142572514135,0.20799483854023182,0.462279364001537,0.45967243630820487,0.4673270516015643,0.4591771989928363,0.4669374274278622,0.4737149912016741,0.4971544078374007,0.566381933017506,0.4782356751146322,0.49908625884042146,0.6530913045544031,0.16968471055549417,0.22553848606464838,0.5663819330175064,0.4666805144305214,0.40899633892313547,0.48222126729338943,0.4478917186108514,0.5043558282183775
0.3015228426395939,0.48007713849690636,0.4775269769952395,0.48320273504688205,0.4777767213118187,0.4700735960916099,0.11047465160860262,0.4860648934386481,0.4689780616514496,0.45967243630820487,0.47622068514461297,0.46454407198547404,0.477761595492393,0.49776047399051737,0.3985024245789443,0.48188679338997514,0.4998393816688318,0.6232200251315492,0.18685083379588607,0.038143184659220265,0.39850242457894414,0.48257832180800675,0.42140868269923065,0.4835001559556943,0.4520407948730424,0.5027030347801207
0.30253807106598984,0.4833609665874571,0.47972219132404625,0.47609405782559255,0.4816664686277906,0.473862416779142,0.19345967680925863,0.479681578692878,0.4924672809611905,0.4689780616514496,0.4762932261578134,0.4702010536983329,0.4816043564392614,0.49839894962232145,0.4546415181323176,0.48558027156974487,0.5007254261454674,0.6405434347181174,0.20625858411754344,0.13930290347232396,0.45464151813231807,0.49776351626627124,0.43472759695318336,0.48551146115798305,0.456557128383722,0.5021156320881219
0.3035532994923858,0.4790079716150468,0.49228821957087,0.4851900808363018,0.4941748057541213,0.4860468882680764,0.20746727340463644,0.4835571377981981,0.4861634868672673,0.4924672809611905,0.48238534328471333,0.4591771989928363,0.48783279873846824,0.4990293222662824,0.501553216418429,0.49087314820858635,0.5020991363455269,0.7566493950521783,0.20407832264077663,0.17827608544923582,0.5015532164184298,0.5185721320608884,0.45002680555323604,0.48820584999876315,0.4633980046977746,0.50053684457094
0.30456852791878175,0.4859576146123592,0.4844154798590673,0.48970001097536475,0.4840309480646635,0.47616571668835384,0.24238591903530943,0.4960198496158299,0.4899907658863626,0.4861634868672673,0.4852138341411428,0.47622068514461297,0.4912829870110375,0.49904552824196824,0.37872444884201384,0.49336202464093654,0.5029953158280367,0.7238557719810228,0.19889673199602054,0.043116842366302054,0.37872444884201406,0.5268471735475904,0.4641130002978043,0.4894012528805328,0.46668180633892486,0.4995872658979832
0.30558375634517765,0.48282644141175246,0.4912284410143426,0.4818269071853881,0.49806466944945216,0.4898360543987783,0.15876912887519856,0.48591299257912113,0.5022982224789289,0.4899907658863626,0.4778162554395385,0.4762932261578134,0.4961147539300956,0.4989320938302205,0.5096889358209037,0.49794625780501894,0.5044424714838183,0.775260690323519,0.20751780793440994,0.20315070018371256,0.509688935820904,0.5430351331700952,0.4789947929533958,0.4920083631066351,0.47287985335228544,0.49848149015163
0.3065989847715736,0.4968020548513491,0.5038701264769183,0.5002483744855079,0.5108780368757309,0.5023177221615553,0.14483861160157982,0.4998955246760046,0.49231727241871925,0.5022982224789289,0.4868094044360683,0.48238534328471333,0.5015806873413236,0.499376108880874,0.5020810444718489,0.5040233134794456,0.5063680281390281,0.7899700442640255,0.2420998637391431,0.1417916301855852,0.5020810444718494,0.5643383848072392,0.4956546973475,0.49461926616688,0.4812570817328723,0.4952006651900117
0.30761421319796955,0.5093266311233257,0.5056869392197649,0.5125548957766074,0.5087424756380177,0.5002373482446565,0.10324603862244977,0.5126621541675449,0.5061256160083619,0.49231727241871925,0.5095098723007037,0.4852138341411428,0.5065407966561903,0.4992578131709574,0.4220363743516392,0.5086077300321288,0.5081288807349411,0.849783898798137,0.2476428297765782,0.02819333876542956,0.4220363743516391,0.5783842051259168,0.5121173740101055,0.49719980918222495,0.4879121305359937,0.49358521068818584
0.3086294416243655,0.5145196941122291,0.5081092407030277,0.5102617327056654,0.5065306859201573,0.49808304948939763,0.12750261570105784,0.5105343825856214,0.5187332041962083,0.5061256160083619,0.5034177551738037,0.4778162554395385,0.5120520317882262,0.4994814427774633,0.4216080653393133,0.5119570568008407,0.5097283045604317,0.7975351607808318,0.1933875485659789,0.07960256286976622,0.42160806533931305,0.586527731510065,0.5271049915988789,0.49968927785345607,0.4932720754878477,0.4930885996548675
0.3096446700507614,0.5069591984942402,0.5024318308272313,0.5093445141313361,0.5042425513427908,0.4958540198617156,0.13341973830142867,0.5083306605739346,0.5166319394982339,0.5187332041962083,0.5071165168583156,0.4868094044360683,0.5164006225913698,0.49925619356246276,0.42117642778026315,0.5142819948418809,0.511169441601073,0.7810639493674135,0.13216881214893034,0.027363341447737964,0.42117642778026304,0.5898978580816576,0.5398472321901778,0.5026606999324791,0.4972496531917068,0.494919535534066
0.31065989847715736,0.5065773282084794,0.5127268720222966,0.5134722309860554,0.5169796902889221,0.5082615324906862,0.10866186015241722,0.5060508721776298,0.514455670529024,0.5166319394982339,0.5190106977244753,0.5095098723007037,0.5196469675200885,0.4993566636881984,0.5012563803168647,0.5184966967312736,0.5130860319714237,0.7961612931688314,0.15076234004219252,0.09535606378833031,0.5012563803168653,0.600568393861783,0.5524224801326338,0.5065201316101289,0.5024939308832144,0.49721952817476445
0.3116751269035533,0.5171926695821033,0.5221135645995383,0.5211160301324497,0.5288016219558505,0.519777226002682,0.11564124999821573,0.5187415512394065,0.5122042827782405,0.514455670529024,0.5093649009394641,0.5034177551738037,0.5246976745166572,0.4995981188788853,0.4955959835451399,0.5240914094039986,0.515421206674352,0.8148369040453739,0.16738237073013568,0.11525702081572525,0.4955959835451402,0.6161622076623938,0.5659629135872297,0.5110930098664631,0.5087944560805471,0.4998577605249346
0.31269035532994927,0.5276552395353326,0.5290778401863176,0.5327345208576834,0.5336066929303844,0.524457980954912,0.11194515378038386,0.5305203613246032,0.5247368666948513,0.5122042827782405,0.5227095700741484,0.5071165168583156,0.5298389849548406,0.500222011852525,0.45836140382353857,0.5295412819488239,0.5178654904046411,0.8757122660804778,0.17810199987657938,0.06550652610695823,0.45836140382353924,0.6302618070963952,0.5799420159478681,0.5156089666577265,0.5152149888026694,0.5022644195069866
0.31370558375634516,0.5309391841563335,0.5284722359387022,0.5318936982861752,0.5359710559878983,0.5267610505686772,0.08118308194531079,0.5353079053613581,0.5363689413152839,0.5247368666948513,0.5348938043279483,0.5190106977244753,0.5339761926871744,0.5008329405401529,0.44559947974911357,0.5344295283941318,0.5203126678467287,0.8641282944593588,0.19987600559104585,0.0679939875804059,0.4455994797491142,0.6412304274649013,0.5935732799721202,0.5208193913804953,0.5191105344004012,0.5085588214312654
0.3147208121827411,0.540867112403408,0.5486838012356727,0.5471049005761425,0.5564878059453324,0.5467467803113283,0.1564547508696403,0.5376636441874265,0.5410968441408952,0.5363689413152839,0.5328630986189817,0.5093649009394641,0.5411483449976768,0.502132581158795,0.5394185000222158,0.542153902925145,0.5235207626679446,0.8581652332922514,0.23012598719717797,0.12437813463163791,0.5394185000222165,0.6630053911921213,0.609338038399448,0.5261588448464426,0.528255639325609,0.5098482243932259
0.31573604060913707,0.5574393738679068,0.5725288765111374,0.5648385705806341,0.5721994849282328,0.5620516399540262,0.24018344878578657,0.5581055574146983,0.5434232361629141,0.5410968441408952,0.5307599072293951,0.5227095700741484,0.5484865901780085,0.50338036463339,0.5130153955152735,0.5513263655318663,0.5272592504651616,0.9294911788052771,0.3074421674275918,0.1931995890501083,0.5130153955152741,0.6894557690462431,0.6278530535937074,0.5322762549197241,0.53924793044917,0.5108099684429627
0.316751269035533,0.5839394470490294,0.5857005090055765,0.5846359823773667,0.5916484542668106,0.580997010016643,0.23084771552591649,0.5737599266052151,0.5636104926280534,0.5434232361629141,0.5285841194940277,0.5348938043279483,0.5564816613507848,0.5049765568037555,0.5305351496237859,0.5623621478772032,0.5316634200029358,0.9452643754477826,0.4219135083899515,0.12271940523606828,0.5305351496237865,0.7220234264040715,0.6499335316761352,0.5390425986477473,0.5534377126859069,0.509839236403669
0.3177664974619289,0.5689711107029957,0.5794174948821647,0.5694247800873994,0.5815044801979938,0.5711157232891971,0.23274301040428103,0.5931379540415251,0.5790698462675812,0.5636104926280534,0.540695868067208,0.5328630986189817,0.5636840186484346,0.5064106991080001,0.38355262725715333,0.5695497442129902,0.5354712124199037,0.8633425282597628,0.4487185933921219,0.21890546634209018,0.38355262725715344,0.7371927731130069,0.6709834164665962,0.5451562158868862,0.5624490574067009,0.5127774954465214
0.3187817258883249,0.5779063160436327,0.5914535760971249,0.5845594697394266,0.5957670034025833,0.5850091021396578,0.21651438742636425,0.5830309810499619,0.5982064703837331,0.5790698462675812,0.5519373458123058,0.5307599072293951,0.5725170881374038,0.5082791338665608,0.5040113389925643,0.5780199244803055,0.5397253560528816,0.946829994903027,0.4692119706525885,0.18656720194745688,0.5040113389925648,0.7565538566353981,0.6921443405251713,0.5523665615189296,0.5716569218192198,0.5176650308107624
0.3197969543147208,0.6043301783102338,0.5965254972325051,0.5948786452411065,0.5911145057677027,0.5804768877504874,0.14916675825783604,0.5972414803909905,0.5882254058131859,0.5982064703837331,0.5565064889900613,0.5285841194940277,0.5811161208152025,0.5100649240835656,0.41059462920290923,0.5841053919297525,0.5436183582661618,0.899990035721447,0.42523746280001157,0.13018305489622486,0.4105946292029095,0.7650317205453273,0.7109651736456001,0.5588748477605957,0.5784370280802154,0.5236101901601188
0.3208121827411167,0.5876815894007631,0.6051551556234276,0.5920504768801785,0.5998093240582085,0.5889468088334194,0.21918732701758692,0.592605953168617,0.6022588767268731,0.5882254058131859,0.5587547624060487,0.540695868067208,0.5893150238120015,0.5123627899982727,0.4760507271234779,0.5906629907009311,0.5477218341086767,0.8945208587964204,0.39201663953818777,0.2553899216057408,0.4760507271234787,0.7747276732989364,0.7281857876879789,0.5646279459809566,0.5873392476027557,0.5259522707349734
0.3218274111675127,0.6187639894805633,0.621127606694289,0.62300777011498,0.6265801843891288,0.615024428877368,0.29405047553659336,0.6012690563106922,0.5976810969540707,0.6022588767268731,0.578264145013414,0.5519373458123058,0.5989936486238638,0.51505443837345,0.5637977346600058,0.6008886583616873,0.5527824783043938,0.9380963398153602,0.4183950141321327,0.09452859695026583,0.5637977346600066,0.7985955704050145,0.7472891280396758,0.5720318303848279,0.5998385207707151,0.5279221478352673
0.32284263959390863,0.627470095955834,0.624382599579623,0.6184979566110361,0.6214700831146467,0.6100465927990183,0.23629665261634336,0.6279422674693524,0.6062362787987772,0.5976810969540707,0.5932043844430237,0.5565064889900613,0.6076908187103238,0.518397526666443,0.4090336061770178,0.6083273538594713,0.5574312417231067,0.9203971383089796,0.38755618271491604,0.17910481752711385,0.40903360617701784,0.8097878986409236,0.7650697096896107,0.5789879171552433,0.6088924746094952,0.5324662890019084
0.3238578680203046,0.6215132923954093,0.6225657868367764,0.6092490249595656,0.6055296023119456,0.5945188071640078,0.19756029672684083,0.622850805758689,0.6325772063050306,0.6062362787987772,0.6116984141959054,0.5587547624060487,0.6145760812420613,0.5213614176298146,0.3571588458098642,0.6115194995486177,0.5612319441358495,0.8450028349281491,0.28054457566456514,0.2595348472349446,0.357158845809864,0.8029360610510816,0.7777649784968326,0.5845285008518902,0.6140903999270082,0.5381024045834828
0.3248730964467005,0.585543255637044,0.5794932676051163,0.5770685792337936,0.5754790552649498,0.5652464135370426,0.27801740565276906,0.6069684693240271,0.6275491718841393,0.6325772063050306,0.6020525067457332,0.578264145013414,0.6164559327381245,0.523421070043509,0.2876675698725422,0.6086754549522968,0.5636285338158267,0.6906600970561186,0.22757253947437545,0.13681670723868986,0.2876675698725425,0.771621296012178,0.780932348744929,0.5890786047316096,0.6130299038546108,0.5480682052798032
0.32588832487309644,0.5833285944283529,0.6024299942627573,0.5869291454483087,0.6036990713741806,0.5927357446686748,0.20640614807508667,0.5770275344078637,0.6118646909205667,0.6275491718841393,0.615614743587438,0.5932043844430237,0.6195739237512079,0.5260041428324228,0.5739386063149576,0.611471969128411,0.5671097527684785,0.721152396896269,0.19383463444988874,0.28109453365790915,0.5739386063149579,0.7644622022889993,0.781868474854402,0.594334563731142,0.6156455039993023,0.5557335869542762
0.3269035532994924,0.59913699879088,0.5950872015828181,0.5996942760265728,0.5979787931204434,0.5871636311903633,0.14543783195851417,0.6051446154160123,0.5822967475857783,0.6118646909205667,0.6111906824360833,0.6116984141959054,0.6202005332366773,0.5290101671071618,0.40557159788090785,0.612721486185497,0.5702155450564084,0.6921312654443443,0.19028765145280718,0.06218906731581896,0.40557159788090785,0.7512847140535663,0.7796764173798054,0.5986683602530053,0.6174606172701622,0.5623961641457825
0.32791878172588834,0.6022681719914867,0.610756792776272,0.6087139030344609,0.608656715688368,0.5975649250362413,0.15213145735586522,0.5994452024026773,0.6100635578178726,0.5822967475857783,0.6194585872983507,0.6020525067457332,0.6228882011014405,0.5323953887115219,0.48546566486409637,0.61568243899332,0.5736455065969557,0.7068729745634289,0.16965135511768176,0.13598670992099826,0.48546566486409687,0.7456330958311344,0.7766614404412895,0.603639706136596,0.6193407876236112,0.5702411511001106
0.32893401015228424,0.6145636493980969,0.6146931626321734,0.6171985247523634,0.6220802600939017,0.6106411004944271,0.13531446222185425,0.6100841762671487,0.604435145696083,0.6100635578178726,0.6449150050062151,0.615614743587438,0.6254928225312892,0.5365746549071436,0.49824182473986606,0.6205421363295254,0.5775015961759553,0.6943687147001741,0.18599227189296652,0.08706494729010925,0.49824182473986656,0.7479666631886702,0.7747702656110923,0.6093890057322277,0.6214316143370242,0.5793974738385677
0.3299492385786802,0.6200622552277891,0.6230957338686398,0.6231606787557412,0.6253599468099775,0.6138358740774438,0.13813128321369383,0.6234587570613606,0.6149415836962928,0.604435145696083,0.6400558084408192,0.6111906824360833,0.6288826123493907,0.5404670933837218,0.4490154038015667,0.6251136929167964,0.5813434431606261,0.6702741671701359,0.19123695024569692,0.11442828873784722,0.449015403801567,0.7490504165433419,0.7734991983583162,0.6154153385661022,0.621476164518993,0.5911452645091054
0.33096446700507615,0.6265535839639186,0.6184024453336188,0.6067265572450412,0.6084279138685673,0.5973419990439285,0.2305822200843019,0.6267264808188637,0.6281495495850373,0.6149415836962928,0.6248980013041889,0.6194585872983507,0.6297357246789848,0.543597897984068,0.3526966362175815,0.6257799773185075,0.5843274605980948,0.5680903135645872,0.18612711304002372,0.2412938848429328,0.3526966362175813,0.7342398143818252,0.7691769070176546,0.619965448236408,0.6188969411660552,0.6026320965045323
0.3319796954314721,0.593638392961188,0.601445872921982,0.5837186471679187,0.5947754512638739,0.5840430127411532,0.2708707251308564,0.6098562090230037,0.6313765654135723,0.6281495495850373,0.5963229286870935,0.6449150050062151,0.6265875286787541,0.5466298508308308,0.3673344345484415,0.6238464584787133,0.5866242606070085,0.5573727322525055,0.17541905827035703,0.3051416815543214,0.36733443454844167,0.7095632929966253,0.7602117556595318,0.6232480506421302,0.6152568754260173,0.6127010973013539
0.332994923857868,0.5927219974997228,0.5982665372524001,0.5993120627422294,0.5998093240582085,0.5889468088334194,0.09321230928220595,0.5962535450297921,0.6147164563722483,0.6313765654135723,0.6231573489828626,0.6400558084408192,0.6244434353843729,0.5499988676958477,0.4579890174516986,0.6231784087864445,0.5890412304753727,0.5319843527763809,0.16036470889824744,0.10116098405291726,0.4579890174516992,0.6912163637513475,0.7489449578015492,0.6265420373408662,0.6110291888751436,0.6233808829236035
0.33401015228426395,0.5903545648706373,0.5966011544482572,0.5957194678126144,0.6014872816563201,0.590581100470246,0.1324402599571496,0.6012690563106922,0.6012832486491213,0.6147164563722483,0.6177179349770245,0.6248980013041889,0.6240433057033732,0.5534294630649069,0.44152458770114295,0.6229364627637755,0.5914334973609889,0.5511463629742541,0.1606174254972043,0.12189067315819024,0.4415245877011438,0.6755631651271289,0.7364380308801366,0.6298018711605599,0.6048862674332585,0.6359119638894134
0.3350253807106599,0.6054756726370655,0.6012944429832783,0.6044333941740992,0.5988941167790056,0.5880551048641681,0.11085633699079472,0.6029408934043254,0.6062362787987772,0.6012832486491213,0.6278715741870191,0.5963229286870935,0.6263610488742843,0.5563803922149514,0.4207312443783233,0.6222677071998113,0.5936236459410742,0.5172261566915795,0.09659069317898646,0.07877256555207462,0.4207312443783233,0.6590495756305046,0.7227469782462076,0.6319118450611271,0.6011300812257923,0.6438026454215532
0.33604060913705586,0.6012753325545993,0.6095455842810409,0.6038982722489946,0.6129278381637941,0.6017254425745925,0.11629927902286258,0.600357187334112,0.6078872888486626,0.6062362787987772,0.6406360258812611,0.6231573489828626,0.6272745596583458,0.5599341458284389,0.5017883642560264,0.6242684232760001,0.5963140268082516,0.4745168243964041,0.09948709103427684,0.17495862665809656,0.5017883642560266,0.6543096630913359,0.7107362801069441,0.6339383302858662,0.600355197533273,0.6485441520821466
0.33705583756345175,0.6124253156343779,0.6076531143224422,0.6123064979640757,0.6098007247873718,0.5986792095546357,0.09226680293529477,0.6143397194309954,0.6053357695025989,0.6078872888486626,0.6437546807904924,0.6177179349770245,0.6284447552340249,0.5631508354236722,0.4182882094010641,0.6253376325240183,0.5987682981868214,0.4806625617053212,0.09136615207735406,0.063017799393697,0.4182882094010642,0.646194875255226,0.6993166592202538,0.6348415170116496,0.6008462457610826,0.6498197303398846
0.3380710659898477,0.6102105378952364,0.6080316314156018,0.6114656753925677,0.6106397035864277,0.5994966432423573,0.0638028368045197,0.6112240124878738,0.6191441130922415,0.6053357695025989,0.6276540064799985,0.6278715741870191,0.6286410415711745,0.5664177600817734,0.43739995223908046,0.6263647601351725,0.6011613637036495,0.5390612275466532,0.09186030751661776,0.07628510407862696,0.43739995223908096,0.6384527686955037,0.6884530753277854,0.6362911729644606,0.6002724768396417,0.6532310714459709
0.33908629441624366,0.6053993451920935,0.6025056514785094,0.607338075172967,0.6036228428940333,0.5942881662742338,0.08586779183444504,0.6120599310346906,0.6160672203165156,0.6191441130922415,0.6146718764135746,0.6406360258812611,0.6268140315228785,0.5695437021476085,0.399486474804656,0.6259311974118555,0.6031675232805833,0.6437927926288357,0.07218333273491469,0.06053033792024933,0.3994864748046562,0.6252984934955143,0.6768264305484026,0.6366820491328457,0.6002656967158051,0.6540027334814403
0.3401015228426396,0.6042537343348117,0.5994019730246796,0.6064972526014588,0.603241467734579,0.5939161239802445,0.07097121372811269,0.6050686649862489,0.6168927253414582,0.6160672203165156,0.6194585872983507,0.6437546807904924,0.6246246307477761,0.5729159594659571,0.43149619225631014,0.6255072240490263,0.6050790817425165,0.5174811851862079,0.02240673508906378,0.03565445794595903,0.43149619225631,0.6129463964806772,0.6647683675848381,0.6372854398249442,0.5999292507240488,0.6555204102937985
0.3411167512690355,0.6060866417881924,0.6070476255820263,0.6048156074584427,0.5995042937582606,0.5902702016173303,0.1283935955647987,0.6046886809277221,0.609988553546637,0.6168927253414582,0.6210541575932762,0.6276540064799985,0.6237413249508619,0.5763173870460031,0.4151937308479994,0.6244818374773711,0.6067595934990069,0.5288434882937155,0.022265527603510138,0.1376454393165679,0.41519373084799926,0.5988892037422391,0.65198462596438,0.6372702626977876,0.5999324311389709,0.6554875262737475
0.34213197969543147,0.60310824000798,0.5995534029633833,0.60657364860428,0.6014872816563201,0.592204798516529,0.06978590504683996,0.6009651386367836,0.6096133031697835,0.609988553546637,0.6185883164702684,0.6146718764135746,0.6244056964301794,0.5798144234536166,0.44301359897625653,0.6240029044199882,0.6084570226189907,0.4747014791416361,0.009256966898548685,0.03648445526365062,0.4430135989762569,0.587873980638224,0.6392992497106402,0.6360217369756759,0.5968747453583994,0.6561066962597887
0.3431472081218274,0.6041774068898397,0.6171912368383876,0.6089432076780433,0.624597196491069,0.6147499167050158,0.13769878257493465,0.6029408934043254,0.6059361472034972,0.6096133031697835,0.6319329856049525,0.6194585872983507,0.6268593274837724,0.5836760720600022,0.5457887629895601,0.6278067499942173,0.6110530749309473,0.5344030354921385,0.05773532419953774,0.20398069750140413,0.5457887629895604,0.5949452169869022,0.6307291107442223,0.6361773300343186,0.5975390596014454,0.6557458457237179
0.34416243654822337,0.6254080896370869,0.6201434853535137,0.627517700254043,0.6261989256090335,0.616312816753395,0.10085029911059026,0.6259665127018106,0.6078872888486626,0.6059361472034972,0.6289594127221223,0.6210541575932762,0.629305413050492,0.5878180674787677,0.4409827725612016,0.6312097877779563,0.6136142177253889,0.5249262822973466,0.08890198520227784,0.03482572586808099,0.44098277256120205,0.6002474367337043,0.6250563516047873,0.6372057555644314,0.6003483922289101,0.6549447088292882
0.34517766497461927,0.6221241450160858,0.6333907750637051,0.6137588384635096,0.6416054579126267,0.6313425884851241,0.22623551729502966,0.6275623993656805,0.6306260646598651,0.6078872888486626,0.6297571978695848,0.6185883164702684,0.6335332011847865,0.5919065849086486,0.5066792877424602,0.636791210595701,0.6167183796669757,0.7155279248851018,0.15086754692483662,0.3291875642109201,0.5066792877424605,0.6142820136634286,0.6236503881354365,0.6404959494290249,0.6038156812072462,0.657910480634106
0.3461928934010152,0.6350305915738231,0.6370999422579509,0.6337855549038244,0.6345123687400851,0.624422901201008,0.19464355809568396,0.6429127349274342,0.632202070438515,0.6306260646598651,0.6230848633022428,0.6319329856049525,0.6356697489922944,0.5958427763050888,0.4000382279358161,0.640070049811595,0.6194045658405216,0.7716954941657791,0.17716922470507834,0.15257020815725392,0.4000382279358161,0.6184084869037779,0.623446565705018,0.6420290998482509,0.6074312820380265,0.6572895107496485
0.3472081218274112,0.6317467634832724,0.6298329223009633,0.6113127667518065,0.605300800492145,0.5959252214564196,0.17778973617461033,0.6358455184492289,0.6473611779724249,0.632202070438515,0.6227222135688213,0.6289594127221223,0.6352243233504007,0.5990221951234661,0.2953178193606294,0.637449256327207,0.6207653858751585,0.5473173817412472,0.18147314806140313,0.31675025684368174,0.2953178193606294,0.598416449220312,0.618821674871771,0.6423934145964648,0.6072295338391958,0.6582044594464019
0.34822335025380713,0.5953185289941744,0.609242839910833,0.5987005448143036,0.6078939653694595,0.59845478664192,0.1796005292780094,0.6067405020798822,0.640382001906368,0.6473611779724249,0.6191685339107103,0.6297571978695848,0.6349525360652097,0.6021935109540001,0.44592206471144646,0.6357757704763063,0.6221811443361012,0.5516015615026248,0.18337161383168804,0.22802658015800287,0.44592206471144713,0.5832067111136316,0.6117272453084663,0.6423554630926932,0.6072124903540794,0.6581472646540579
0.349238578680203,0.6137235813816037,0.6130277798280306,0.6161283975372728,0.6192582933967863,0.6095417851800621,0.10420353508607905,0.6093242081500956,0.6116395635965222,0.640382001906368,0.6210541575932762,0.6230848633022428,0.6365002133414412,0.605771572294674,0.48832437965639375,0.636469795178858,0.6240160157124002,0.6130754311598895,0.17538445712907708,0.08043129494764426,0.4883243796563943,0.5783844038604082,0.6049754567325409,0.6422150529517937,0.6068726932019426,0.6582128183396726
0.350253807106599,0.6203676815381275,0.6258208952293101,0.6246130192551752,0.630851423243914,0.6208515945627936,0.1030108039515999,0.6206470837470022,0.6141910829425858,0.6116395635965222,0.6430293813236494,0.6227222135688213,0.639233188686926,0.6093950086363892,0.48886733554639006,0.6391424138801096,0.6262631201455817,0.603606231222603,0.1729695888718592,0.12852432550065523,0.48886733554639034,0.58192405576594,0.6003640071402165,0.6424882875653076,0.6078451481357261,0.657773564496872
0.35126903553299493,0.6290737880133982,0.6308927008574907,0.6342441641909892,0.6301649014051527,0.620182010551792,0.07010821080338064,0.6321979265880537,0.6253729029149293,0.6141910829425858,0.6445524659379549,0.6191685339107103,0.6422681332650944,0.6124966429750377,0.4300938548650603,0.6412044610507206,0.6283934301492982,0.6169686301509976,0.1492498528876709,0.07960256286976622,0.43009385486506024,0.582920546663508,0.5968972447992685,0.6435698359357623,0.6100468638172309,0.6576849132929893
0.3522842639593909,0.6318230909282444,0.6268050165700851,0.6239251053244282,0.6205548758354436,0.6108065677728122,0.09975491630470312,0.631513908900764,0.6367798502113173,0.6253729029149293,0.6592025413147629,0.6210541575932762,0.6441555417678582,0.6155302166666378,0.38776595543633924,0.6411468509669962,0.6300388344330292,0.5639447513726672,0.11420206650671098,0.14676655313248055,0.38776595543633935,0.5753335658541583,0.5924305687853254,0.644852520327503,0.6101753721282683,0.6600661848334112
0.3532994923857868,0.620673224378916,0.6177210683630514,0.6217083382563072,0.6143006490825988,0.6047050050627575,0.07008194673818866,0.6219389367821089,0.6361043537288458,0.6367798502113173,0.652457721066801,0.6430293813236494,0.643136336568435,0.6183482637395746,0.4034312326437609,0.6399642349062227,0.6313585043454515,0.5676092036692125,0.12111806107136229,0.0713101811317316,0.4034312326437612,0.5635824516881025,0.5862346084844712,0.6455735525744727,0.6100405081324272,0.6616121778960441
0.35431472081218274,0.614029007691942,0.6149202497866293,0.6165106108216164,0.6223854067732086,0.6125923938135044,0.09065127744701867,0.6157075228958657,0.626648662587961,0.6361043537288458,0.6246804335971683,0.6445524659379549,0.6427588548678822,0.6210723240661237,0.47223642927551707,0.64046446089038,0.6329640836073571,0.600345407210233,0.12025167127746418,0.09701479318389994,0.4722364292755175,0.5592753891943658,0.5803165878995583,0.6466133623975995,0.6104815622209139,0.6632051716557495
0.3553299492385787,0.6256371885024533,0.6508015217842535,0.6301165639713885,0.6568595332559253,0.6462240499492401,0.19100941081422884,0.6237627906901237,0.6204948770365089,0.626648662587961,0.6271462747201761,0.6592025413147629,0.6442687816700932,0.624744372153185,0.5979881834711459,0.6471326558590982,0.635946516010854,0.7152525367087451,0.17560941050145007,0.3424548688958501,0.5979881834711461,0.5803074465270427,0.5802761164218395,0.6494974971760651,0.6178380253971401,0.6614813163110521
0.35634517766497464,0.6535884153816466,0.6455782862173689,0.650601889698868,0.6470207058664157,0.6366257963256706,0.1781525799448169,0.6581111696296609,0.6284497956906552,0.6204948770365089,0.6379526170512326,0.652457721066801,0.6455069211871132,0.6279092058407133,0.38774742382997024,0.6508021722461317,0.6384010701875398,0.6678986092951366,0.19945541061400457,0.06301906463351054,0.38774742382997024,0.5882789221826247,0.5820228171313921,0.6511938263222191,0.6218159465486328,0.6608167894426383
0.35736040609137054,0.6548866811288724,0.6620805688128943,0.6586279021296056,0.652207035621045,0.6416856175830113,0.16062588409268358,0.6483082302668606,0.6623702769638635,0.6284497956906552,0.6489765270893098,0.6246804335971683,0.650149941495981,0.6309119896621208,0.45758992319990544,0.6547461032899928,0.6409759751734092,0.6202064536320868,0.20450854471276708,0.15671639902627124,0.45758992319990616,0.5970054779054558,0.5853677747347907,0.6533038002227863,0.6263242493013119,0.6604305058508587
0.3583756345177665,0.662829047032622,0.6601124416385435,0.6590865114167702,0.6609018539115508,0.65016797462006,0.13436695752215672,0.6534756424072876,0.6526894584989342,0.6623702769638635,0.6483237133030866,0.6271462747201761,0.6553969348296989,0.6341448839966976,0.4738079432166953,0.6595515359111466,0.6438130438758629,0.6403570164969927,0.2138754893622587,0.13018305489622486,0.47380794321669556,0.6088111036479759,0.5906785262278897,0.6558046502917384,0.6321210368017696,0.6595186640767835
0.35939086294416245,0.6619889790161287,0.6594311801751758,0.6643607514894013,0.6658594982257384,0.6550042941464712,0.09637884201165609,0.6621387455493626,0.6577924971910614,0.6526894584989342,0.6391855376127367,0.6379526170512326,0.6600097616712466,0.6375301056010579,0.45624652856615633,0.6643833341843812,0.6467459117363348,0.6100073810503004,0.237171877328698,0.06550652610695823,0.4562465285661566,0.6201390203866017,0.5974552975002525,0.6589013053845042,0.6377411506930986,0.6599496418018641
0.3604060913705584,0.6712297271975546,0.679339885594739,0.6742977137067375,0.6840881136058059,0.6727877085332467,0.1662344039270487,0.667078306400499,0.6663476790357679,0.6577924971910614,0.6332383918470763,0.6489765270893098,0.6652794029854117,0.6413512417409132,0.5171876908038874,0.6716461036230652,0.6503250860109724,0.6911784711735723,0.30800511281072823,0.1757873587359746,0.5171876908038879,0.6407487205824913,0.6074763976330205,0.6629239215796684,0.6467677956871707,0.6587808788671695
0.3614213197969543,0.6865799338293491,0.6776745027905962,0.6711637280642874,0.6720373801190769,0.6610313562795495,0.14380118102649672,0.6852404312314659,0.6712257049141881,0.6663476790357679,0.6409261899340628,0.6483237133030866,0.6694241562046186,0.6446457158158753,0.37876826634199373,0.6754005094001643,0.6532605998287466,0.7779354189254463,0.32011322962988026,0.19154212489435224,0.378768266341994,0.6460695846675248,0.6166807908255908,0.6665328872298327,0.6508306515468567,0.6617739615789003
0.36243654822335025,0.6752009684146546,0.6706345699880645,0.6709344234207052,0.6641053121474796,0.6532930838304788,0.09494288279518168,0.6732336539021242,0.6891615736285439,0.6712257049141881,0.6737076453303312,0.6391855376127367,0.673735002293655,0.6475204813310281,0.3970564915436824,0.6770321964472998,0.655749711455722,0.7294804131742092,0.2857645372109952,0.11691575021129488,0.39705649154368217,0.6423882150498318,0.6232226954819201,0.6696485180744841,0.6525733378664207,0.6661253522864622
0.3634517766497462,0.671458826062921,0.6658655087300918,0.6308044779021355,0.6252073734703241,0.6153453455822108,0.3335676164076183,0.6653305188771024,0.6773043716840668,0.6891615736285439,0.6643519019329607,0.6332383918470763,0.6748146059475464,0.6494666993329749,0.2541765367798299,0.6713051326970996,0.6565166326517236,0.5387681332368232,0.25101834096678116,0.49999999999999933,0.2541765367798299,0.6088635494572481,0.6209741677073267,0.6696788781193842,0.6525640327527926,0.6661940803861685
0.36446700507614216,0.6380854373294577,0.6351318150836001,0.6311866911864789,0.6296310692854039,0.6196609671038499,0.2236899013241942,0.6265744640044821,0.6694996905930672,0.6773043716840668,0.6692835841789766,0.6409261899340628,0.6755318188746311,0.6514566714911262,0.4544222210360836,0.6674224933975983,0.657438234822197,0.516062525306524,0.22976102028584466,0.1592038604997189,0.45442222103608404,0.5842819841472056,0.6136892195460228,0.6698496483051838,0.6525563753443528,0.6665359147213469
0.36548223350253806,0.6359471035657386,0.6324824264458815,0.6171221287495422,0.6187243448976785,0.60902074173212,0.24336511190061905,0.6309820239827106,0.6312264423607632,0.6694996905930672,0.677551489041244,0.6737076453303312,0.6717570018691035,0.6527789965194332,0.38159124484830975,0.6622656279364687,0.6578681747603397,0.4847004763225501,0.2876208483860781,0.2827532630534788,0.38159124484831003,0.5556835994762629,0.6014786593375069,0.6687111726790717,0.6523172318523736,0.6645476350053189
0.366497461928934,0.6222769164364802,0.6201434853535137,0.6129944118948226,0.6256649771099256,0.6157920036008996,0.1690977579909132,0.620115082874094,0.635579094809521,0.6312264423607632,0.6822657142454005,0.6643519019329607,0.6696431020420426,0.6539149651907746,0.4666023822953578,0.659306474643625,0.6585711308482607,0.5360954533537305,0.3136907169237219,0.1923721222120438,0.4666023822953581,0.5374235203029089,0.587634917641351,0.6682709607139009,0.6521922339961235,0.6638114089412065
0.36751269035532996,0.6213605209750149,0.6165856325907721,0.6194916878233053,0.6238344461721606,0.6140059472647609,0.12557020855666115,0.6270303984927723,0.6248475294852667,0.635579094809521,0.6995993091173982,0.6692835841789766,0.666834637268344,0.6545988133509354,0.424631262301784,0.6565530088169618,0.6591700676331418,0.5507423977783541,0.336909659818109,0.08291875642109195,0.42463126230178416,0.5210040606025147,0.5728954211222511,0.6691931231915701,0.6511233653818655,0.6666863909119455
0.3685279187817259,0.6242625953102553,0.6154501968184927,0.6083316897501175,0.6030126659147783,0.5936928525447619,0.30209527289648386,0.6252065445847574,0.6316766970088523,0.6248475294852667,0.6881402636652798,0.677551489041244,0.6611044678187117,0.6550557926876007,0.3340354599107844,0.6505198934709648,0.6588758919430417,0.46200777320728836,0.38759709574992024,0.19154339013416577,0.3340354599107844,0.49221088734973684,0.5546777492151633,0.6689502486229563,0.6516235149453802,0.6657102261364171
0.3695431472081218,0.5859251259228048,0.5853219919124169,0.5740111062292835,0.5792163456206272,0.5704781503452733,0.28385345222580816,0.6044607136835771,0.6298755639061582,0.6316766970088523,0.6805976582698552,0.6822657142454005,0.6525280831213598,0.6547041447748402,0.3177265001144028,0.6412633885654351,0.6575993956883124,0.2731513208091324,0.4656957870544049,0.23383023518277624,0.3177265001144029,0.45185810436330537,0.5310976575622206,0.6669579162772602,0.6561266234831402,0.6573016972683842
0.37055837563451777,0.586917848829242,0.5835052946767698,0.585553200951696,0.5829535195969455,0.5741237272650176,0.1478372826969769,0.5807511926536568,0.6093881758457389,0.6298755639061582,0.6436095987640915,0.6995993091173982,0.6425172610500114,0.6545307502312022,0.45190275408089997,0.6343683838266145,0.6565290417387435,0.30894212818487077,0.42891827961393586,0.08872367668567888,0.45190275408090025,0.4232099137670384,0.5058398668492694,0.6645747019725926,0.6588911315635269,0.6498695104607896
0.3715736040609137,0.5908890900463418,0.5973580731273769,0.5925854821701643,0.6014110531761729,0.5921304130872757,0.14946536925991002,0.5844747349445956,0.5859740180624025,0.6093881758457389,0.6478160922084255,0.6881402636652798,0.635526304102912,0.6545647817910688,0.5246742288666216,0.6320780572940974,0.6562715440966598,0.36490205801607967,0.3428975237790013,0.16417878344661427,0.524674228866622,0.4149122976663416,0.483781768200831,0.6631440217716672,0.6592658016841222,0.6466947007205436
0.3725888324873097,0.6076903338457565,0.6022785643240536,0.6074144711757882,0.6088855175081689,0.5994222578131042,0.11644658617111323,0.6028649429745618,0.5896511740286887,0.5859740180624025,0.6374448852914103,0.6805976582698552,0.6300603649317702,0.654188827387464,0.46971746685066734,0.6315611734462323,0.656336316518934,0.36009989748837967,0.22771178688615884,0.057214144368923615,0.4697174668506676,0.41455522345948775,0.4660555972834382,0.662563399665597,0.6594046650485046,0.6454194586799328
0.37360406091370557,0.6001298382277677,0.6052308128391797,0.6068029532478624,0.6095719229675711,0.6000920721195523,0.08401531880150218,0.6103121435112937,0.607812284577427,0.5896511740286887,0.6440447341781328,0.6436095987640915,0.6285126876555385,0.6539360299919449,0.4366658268564159,0.6312628882083329,0.6564272166726033,0.3427684517318045,0.2138907668662094,0.0961860611060219,0.4366658268564163,0.41541836812878696,0.45206729760505304,0.6623281165558547,0.6594969000473949,0.6448666793288768
0.3746192893401015,0.5986788010601475,0.5938003358718349,0.5935028173796125,0.5977499913006428,0.5885587610058914,0.14303181520375347,0.6109960452437289,0.6151667110203374,0.607812284577427,0.6423040818568064,0.6478160922084255,0.6253569346486074,0.6537707384361499,0.3762439618871229,0.6288725164322848,0.6560208073751055,0.23785360774226186,0.18852317287129178,0.11525702081572525,0.3762439618871227,0.4080048549802324,0.4392221063197595,0.661102353629185,0.660042254829736,0.6419219121025558
0.3756345177664975,0.5817247858403384,0.5846407304490491,0.5772214878745549,0.5713605061291771,0.5628141481777326,0.24244016003951024,0.5992172351585321,0.6158420929924711,0.6151667110203374,0.6225046458618007,0.6374448852914103,0.6206686183788452,0.6536832325964256,0.3045182086993766,0.6221256383567506,0.6545281749130554,0.21661338072950806,0.2288827529434927,0.19154212489435224,0.30451820869937696,0.38345009991508494,0.42346581087365265,0.656848252949008,0.6597904592938109,0.633849607055602
0.37664974619289343,0.5757679822799137,0.5823697433972908,0.5798203515919004,0.5783773668215713,0.5696595651803188,0.14432018179300776,0.5729240080583984,0.6042100183720385,0.6158420929924711,0.5998767190103658,0.6440447341781328,0.6159878475959566,0.6531452283267,0.4684387980508421,0.6178794052455749,0.6533871372907121,0.2603799191190679,0.20853937067158856,0.13847417139444593,0.46843879805084243,0.3703770874568478,0.40794313311038055,0.6534328260706715,0.658922017899584,0.6280360067935563
0.37766497461928933,0.5848559590409451,0.581839911872627,0.5740875022321047,0.5682333927527545,0.5597634243965669,0.18558531039414655,0.5799152741068403,0.5782443412426386,0.6042100183720385,0.6034303986684768,0.6423040818568064,0.6104841694706213,0.652513234837902,0.38294599994445383,0.61256353438967,0.6518671816518808,0.3153496277576848,0.18823943691255574,0.1948595836854915,0.3829459999444536,0.3537954403092871,0.39182429066266244,0.649254622607451,0.6574164821247186,0.6213678513275404
0.3786802030456853,0.5714148707770531,0.5707878364912424,0.5575004720806435,0.5770044395234077,0.5683201668628689,0.2015233157811347,0.5698083011152768,0.5851485130374598,0.5782443412426386,0.6209816719126564,0.6225046458618007,0.6079097415080932,0.6518407264098892,0.47733839623050767,0.6098066050499238,0.6507731561930725,0.336146851119286,0.1843885970069598,0.2537311922101712,0.47733839623050794,0.34860053225748816,0.3777698145481204,0.6450802119783735,0.6527274439099049,0.6178954260201132
0.37969543147208124,0.5703457038951935,0.5654132864928536,0.5510797087901008,0.5502335791924877,0.5422033965929977,0.2120357933531931,0.5785473546871154,0.5751674484669125,0.5851485130374598,0.6280891418940397,0.5998767190103658,0.6050408782799266,0.6503142169677515,0.3001643984455171,0.6026905760148846,0.6486039447189558,0.3024466506212059,0.250728039687059,0.2645110354216535,0.30016439844551723,0.32617977168706774,0.3615223571886938,0.6393271137580127,0.6482466279589647,0.6111252672740145
0.3807106598984772,0.5530099349200742,0.5656403736473095,0.559411421867242,0.5652588527159856,0.5568613563261843,0.16218859597160626,0.5518741435284551,0.5837976345828548,0.5751674484669125,0.6287418450151017,0.6034303986684768,0.6032893691796721,0.6490372632314588,0.5099839262761791,0.5995962705208457,0.6471473331511337,0.3366249348609107,0.2667200686888008,0.17661735605366619,0.5099839262761796,0.32133622772678405,0.34744340675705276,0.6334146296448669,0.6356336092951815,0.6121876992724525
0.3817258883248731,0.5528571634996798,0.5649589966767423,0.551844018723669,0.5720469115885793,0.5634837321887344,0.16892589965128743,0.5668446109865368,0.5574567070766012,0.5837976345828548,0.6175003672700039,0.6209816719126564,0.600382755477485,0.6482642846777099,0.4674870380463049,0.598296965975927,0.646031347896802,0.3669509426686939,0.25182834518421066,0.2512437307367235,0.46748703804630565,0.3242456186633661,0.33682956572441214,0.6284394909271332,0.623364252991764,0.6147401600296886
0.38274111675126904,0.5802737486727182,0.5806287033773958,0.5850945916645313,0.5818857389780889,0.5730819858123036,0.10758103677397343,0.5736079097908335,0.5722406787439955,0.5574567070766012,0.5924065992955609,0.6280891418940397,0.597710178586468,0.6479904200083358,0.48251997699613597,0.5990201781174569,0.645370046863432,0.4537178652409174,0.2046157198398969,0.06218906731581896,0.4825199769961364,0.33544552895230423,0.33083809443323364,0.6243485631832976,0.6105230919991704,0.6195955244528989
0.383756345177665,0.5876815894007631,0.5803258434999883,0.5838715558086797,0.57891119894132,0.5701801480373675,0.09913228667227156,0.5834108491536338,0.5789197232147723,0.5722406787439955,0.599078933862903,0.6287418450151017,0.5946752224884722,0.6475464024849978,0.4186161005844239,0.5990718571895395,0.6446104470956446,0.5189759796503138,0.13084571466949518,0.07213891320960966,0.4186161005844241,0.3435654832476106,0.32785713282849727,0.622045044720316,0.6063004664278377,0.6193169690323209
0.38477157360406095,0.5742406176673215,0.585094904757961,0.578138706448884,0.5782247934819178,0.5695106791740893,0.11534463734892808,0.5804471590248939,0.5886005416797015,0.5789197232147723,0.5894330264127308,0.6175003672700039,0.5927425180248147,0.6470521498987919,0.429939344153507,0.5989895203381626,0.6438519677276584,0.5028934095374399,0.080579777008552,0.18656720194745688,0.4299393441535072,0.350866952967879,0.3271019091793802,0.6194872673957063,0.6004410552144759,0.6201801330470077
0.38578680203045684,0.581572014419944,0.5732859106974566,0.5722529484483273,0.5683096212329017,0.5598378098258202,0.13984929565201254,0.5797632572924587,0.5856737719567846,0.5886005416797015,0.5977734169556179,0.5924065992955609,0.5924405257524761,0.6464023283531285,0.3840759430788095,0.5971220136043323,0.6427091240008285,0.3927648509925654,0.08190208811518356,0.12106194108031221,0.3840759430788094,0.350639260487141,0.3264469137392696,0.6169788258678824,0.5964563393564644,0.6192623125877615
0.3868020304568528,0.5663745792085438,0.559281586800946,0.5581883860113904,0.5637334684575277,0.5553734174456747,0.15619810527607955,0.5698842515450404,0.5849983899846509,0.5856737719567846,0.5723169992477535,0.599078933862903,0.5909909974047327,0.6453571072111849,0.4103986514681552,0.5947632342299916,0.6414199739718742,0.3428630713530988,0.08207991700035312,0.12023194376262061,0.41039865146815524,0.34845189186261677,0.32543473937233325,0.6138973536928599,0.5901391745238167,0.6195591482148323
0.38781725888324875,0.5730186793650677,0.5780549719554293,0.575845543377942,0.5854704559941128,0.5765794827598815,0.13091722965498437,0.5653247907072851,0.5752424527381481,0.5849983899846509,0.5866045355563012,0.5894330264127308,0.5926972105440933,0.6448401677426293,0.5428240707730345,0.5967797631404874,0.6410892273724575,0.43773227936932546,0.10027166493976762,0.13432924576524216,0.5428240707730347,0.36415568807284127,0.3281297809081589,0.6119885100229921,0.5831342849596155,0.6228393617991529
0.38883248730964465,0.5856960270574384,0.5857761662213286,0.5911331416707305,0.5937076706450173,0.584615066630518,0.12530242928329077,0.5869824905850454,0.5707397917469192,0.5752424527381481,0.5930593024166229,0.5977734169556179,0.5943505822356867,0.6444804168420258,0.474011559188882,0.599925150560773,0.6411154797263594,0.5059421855528412,0.13407577699949558,0.053067953499906305,0.4740115591888827,0.3837439645029605,0.3346575353888902,0.6115255294717931,0.5816183399534587,0.6234516288026631
0.3898477157360406,0.5832521504529306,0.6004617515812067,0.5884578819505638,0.6067499562704557,0.5973387749076761,0.17568632712749632,0.5951896592388304,0.5921276891035168,0.5707397917469192,0.6024150458139934,0.5723169992477535,0.599944863802637,0.6445468578805799,0.4972519135288238,0.6048665298471192,0.6416854155805327,0.6550172441726341,0.1495114374410046,0.24295134899868892,0.49725191352882425,0.40969535536311835,0.3456715832609953,0.6128954953735047,0.585021138154586,0.6227244611664494
0.39086294416243655,0.6104396367606028,0.6180995854562112,0.6143703563914354,0.6236056443523599,0.613782675829278,0.14939285760166263,0.6081843719293705,0.6002326163001341,0.5921276891035168,0.5995865549575641,0.5866045355563012,0.6057203292131634,0.6449795307264009,0.5149728890947808,0.6119696958921268,0.6429369813357451,0.681614369230974,0.23274850443807932,0.1550576696307016,0.5149728890947811,0.44314810461301546,0.3619488227332953,0.6149181877641009,0.5917639081881083,0.6199295434997304
0.3918781725888325,0.6233460833183398,0.6224901296210243,0.6263710604010125,0.6274191631881845,0.617503213916892,0.09812054920444147,0.6249785773406125,0.613065446322363,0.6002326163001341,0.5989338518365022,0.5930593024166229,0.6112013593580516,0.6455726313571634,0.4515410498634424,0.6184737371990776,0.6442987382638965,0.7404495114895097,0.29306842566636904,0.07296891052730126,0.4515410498634431,0.47248031219528536,0.3815169909520322,0.6162122506582693,0.5969985647321452,0.6172192241140407
0.3928934010152284,0.6241861513348331,0.6216574382189528,0.624460110614414,0.6290971207862961,0.6191401539513547,0.10669119882611047,0.628778186016169,0.6296504365821136,0.613065446322363,0.5895055120933506,0.6024150458139934,0.6158745846540672,0.6461592510812623,0.44132628632313686,0.624099865630316,0.6456771731089166,0.7237307874357076,0.33988336766513466,0.08457748581666158,0.4413262863231374,0.49667528118872845,0.40257137071090887,0.6172179018117671,0.6011320239708966,0.6150473964896194
0.39390862944162436,0.6309066954667791,0.6257451225063584,0.6303458686149709,0.6230718122326111,0.6132620929722293,0.09944688449663633,0.6304500231098025,0.6334027113299734,0.6296504365821136,0.5851540472877768,0.5995865549575641,0.6202458291975714,0.6461268416025748,0.40474221001158245,0.6276091421204466,0.6467499037751114,0.8535879452302376,0.35067391089609845,0.06550526086714467,0.40474221001158267,0.5108897351279302,0.4225872634004257,0.6178896040525376,0.603566302656589,0.6139238388534373
0.3949238578680203,0.6231933118979455,0.6196135383216503,0.6225491608278154,0.6226904370731567,0.612889935530517,0.07614380717608485,0.6244466924225589,0.6350537213798586,0.6334027113299734,0.6058237541108649,0.5989338518365022,0.6246472672083958,0.6460522975761779,0.43152795390865495,0.6304111281140745,0.6477646383816291,0.819184169065841,0.34502800609184425,0.08291875642109195,0.4315279539086547,0.5212841781323194,0.44091981449878836,0.6191305441063638,0.6071693987666908,0.6127435914439886
0.39593908629441626,0.6281573925519329,0.630741270918787,0.6331740369758986,0.6278768832071451,0.6179496416401343,0.10518501178314446,0.6240667083640323,0.6291251776627889,0.6350537213798586,0.6136565235590912,0.5895055120933506,0.6305435410476847,0.6457606097953078,0.458110736775088,0.6336452826924819,0.6489561921704872,0.8152800665704777,0.301359361223607,0.08955240876355691,0.45811073677508857,0.5326726287743209,0.45812753544195034,0.6219425802926016,0.6121881661837498,0.6132198773872005
0.39695431472081216,0.6283864914172993,0.6223386996823204,0.6291993453970591,0.6242921661911212,0.614452374988003,0.09148630343274186,0.6292342364593138,0.6287499272859354,0.6291251776627889,0.626058436185073,0.5851540472877768,0.6365379522956349,0.6455434635681502,0.41631102507935025,0.6356405890778369,0.6499513021189631,0.7585086441331459,0.1855913867285579,0.04062938089285439,0.4163110250793501,0.5382427928187584,0.4731368641714615,0.6242271230036974,0.6160442763029879,0.6138283695523988
0.3979695431472081,0.6318995349036666,0.6483791047937912,0.6386011856892909,0.6526647556400054,0.6421320453062535,0.21704851857825763,0.625662595027902,0.6338530804884002,0.6287499272859354,0.6420865141497858,0.6058237541108649,0.6431891895360293,0.6465497943247428,0.5686211592409048,0.6424242725550169,0.6520923735778705,0.8498911079882017,0.17993999866865246,0.22388038928898557,0.5686211592409052,0.5627542295358504,0.4906148017625318,0.6284281008435327,0.6247760201045054,0.6133039734309024
0.39898477157360407,0.6120434453486173,0.6239284252707114,0.6133002291763451,0.6315378287033162,0.6215211785737954,0.28806226867282253,0.6539316928504322,0.630325933064585,0.6338530804884002,0.6457127901536779,0.6136565235590912,0.6469338130742368,0.6470521498987919,0.33507660773683073,0.6441388787345936,0.6532671121956553,0.7247619343146919,0.11366364456076854,0.2305140416314505,0.33507660773683107,0.5653286417286366,0.5051717104258258,0.6311414712267852,0.6284333894381653,0.6149506420857404
0.4,0.6255608610574813,0.6221116125278645,0.6239251053244282,0.6251311449901769,0.615270729857511,0.14428107117418926,0.6328818283204889,0.6582428663494881,0.630325933064585,0.6473083604486034,0.626058436185073,0.6487532776356595,0.6471769289880568,0.40299655498291315,0.6443785786114313,0.6541282065315424,0.7436608655567682,0.07308693443658239,0.09535606378833031,0.4029965549829131,0.5615403372997737,0.5159717616945232,0.6348680842224069,0.6281821976039637,0.6224944989130773
0.4010152284263959,0.6230406570080015,0.6362673663630789,0.630422264617792,0.6332157863014278,0.6231580034605345,0.12867593426561247,0.6264985135747188,0.6374552321834508,0.6582428663494881,0.6415788930551247,0.6420865141497858,0.6497045388937421,0.6472271640509247,0.4718651592109721,0.6460424965063021,0.6552931887122535,0.7868452072895692,0.07143866310320889,0.17993481484480545,0.47186515921097283,0.5634951295518341,0.5250480742141336,0.6382493582217007,0.629810807453637,0.6274799523537972
0.4020304568527919,0.6362525298760769,0.6392952720939571,0.6393656122579777,0.6444275409891009,0.6340961159924471,0.08696602943002696,0.6345536654141222,0.6311514380895278,0.6374552321834508,0.6412162433217032,0.6457127901536779,0.651388115572483,0.6475301989819967,0.4863859773588301,0.6494394239575176,0.6568807459239654,0.764212393041993,0.08979759010072429,0.11608575289360329,0.4863859773588308,0.5722329519312568,0.5342592357635864,0.6418507382035797,0.6330363446556357,0.6312967740122836
0.4030456852791878,0.6453405066371084,0.642777352133747,0.6456334669077594,0.6403852203334757,0.6301524216170736,0.10376104268338812,0.6457245241966472,0.6391062422333362,0.6311514380895278,0.6461480362328804,0.6473083604486034,0.6525054697003949,0.6479515296229851,0.414411360348666,0.6514848283288741,0.6582372178650431,0.7196074528571454,0.09564371259036193,0.08623494997241765,0.41441136034866627,0.5749381758991908,0.5422319182304639,0.6447614459833891,0.635557504725305,0.634467519602956
0.4040609137055838,0.6477079392661939,0.641036312113852,0.6412000494066364,0.6428258118711367,0.6341762588078653,0.11823282808313718,0.6416969482769455,0.6501379391528708,0.6391062422333362,0.642739327936009,0.6415788930551247,0.6544608221444994,0.6485575970124441,0.4448216563816707,0.6536014404075248,0.6596424264976135,0.6880009703732741,0.09357272625310901,0.11525702081572525,0.4448216563816714,0.5776662536716497,0.5492189179547136,0.6479415897519837,0.6374739178937023,0.6387711609478787
0.4050761421319797,0.6440422408898826,0.6362673663630789,0.6419644759753232,0.6364191281579974,0.6279168285691635,0.08842025930054798,0.6441286375327775,0.6461605370809664,0.6501379391528708,0.6697188302581789,0.6412162433217032,0.6558197585704548,0.6488557681726624,0.40329348989752034,0.6541700542017865,0.6607249528084909,0.5854415983327542,0.07854729236708975,0.054726682895475935,0.4032934898975206,0.5738577429369123,0.5539585324188055,0.6508371146140498,0.6376119904737789,0.6442988814282912
0.40609137055837563,0.6348014927084568,0.6352074722993521,0.6412000494066364,0.6392410948551128,0.6306741559513555,0.09346467269122452,0.6377453227870074,0.648561933374221,0.6461605370809664,0.6496292302103717,0.6461480362328804,0.6569446466654127,0.6484814333775525,0.44666039272590174,0.6551476233065661,0.6618828869671656,0.5809372960449448,0.07171905056357018,0.051409224104336675,0.44666039272590213,0.571775981146595,0.5572856153608847,0.6543663902131146,0.6353298229121183,0.6534906275286724
0.4071065989847716,0.6334268995162587,0.6253667209203981,0.6243073186087716,0.6171989606392205,0.6091389984439514,0.11744262229562202,0.6405569961013657,0.6422581392802977,0.648561933374221,0.6435371130834717,0.642739327936009,0.6562425247120742,0.6478478178075749,0.32962298577249594,0.6519456126343128,0.6620748189201329,0.4685317697358541,0.09407181411755318,0.1268655961050856,0.32962298577249616,0.5527376400629841,0.5556982953059522,0.6570266261748522,0.6279399042205382,0.6660972871751848
0.40812182741116754,0.625331762192115,0.620067712630562,0.62300777011498,0.6168175854797662,0.6087661501158991,0.048393538469004835,0.6185952625948423,0.645034785950406,0.6422581392802977,0.6512248005052972,0.6697188302581789,0.6526941875110166,0.647095906527681,0.4315184785047639,0.6492565454950814,0.662243295939432,0.49172734374256066,0.09254705014051377,0.08291875642109195,0.431518478504764,0.5366024242325754,0.550827373787757,0.6585863380142493,0.6238746483671076,0.6732207448206543
0.40913705583756343,0.6212840769995928,0.6274105053105012,0.621479033612725,0.6329869844816269,0.6245637268666066,0.11349416266877158,0.6182152785363157,0.6233466424881904,0.645034785950406,0.6618860608099528,0.6496292302103717,0.6528376324003988,0.6465028058969183,0.5109505203295265,0.6499920204106857,0.6630804833777051,0.5613847190814574,0.09240354627655441,0.1799335496049919,0.5109505203295268,0.5351290770468539,0.546601814217315,0.6605407246467602,0.6206419140871604,0.6802827289844723
0.4101522842639594,0.6360997584556826,0.6386140106305895,0.6363844186211699,0.6330632129617741,0.624638227443583,0.10041580011904472,0.6343256981699772,0.6229713921113369,0.6233466424881904,0.6580422170990401,0.6435371130834717,0.6536227892688247,0.6458059909780612,0.4337088805868035,0.6506076122078159,0.6638880236298883,0.5416749120805282,0.08611303390484658,0.14096289810770715,0.4337088805868038,0.533293683085394,0.5428117424260427,0.6618499704586719,0.6190879556642095,0.6844009828689074
0.41116751269035534,0.6328159303651318,0.6356617621154634,0.6356965046904229,0.6406902506334236,0.6320897820616315,0.10051115009485037,0.6344016485997406,0.6388811149092917,0.6229713921113369,0.6603629761956471,0.6512248005052972,0.6543626501763564,0.6448839268442034,0.4694331042483483,0.6524959982184475,0.6649824400027835,0.5863838379600854,0.09029759373924247,0.11608701813341685,0.46943310424834905,0.5367630254610333,0.5405539745456764,0.6627000343441133,0.6200155355240153,0.6851354190223408
0.4121827411167513,0.6409110676892759,0.6622319987515981,0.6483088432630447,0.6596816163323997,0.6506441104559143,0.1848724694073599,0.642000865950854,0.6389561191805273,0.6388811149092917,0.6542708590687472,0.6618860608099528,0.6558725769785674,0.6446214068523463,0.5226047574924775,0.6574890017115962,0.6668271153074423,0.5505244586262226,0.1334710037057596,0.27031469044642686,0.5226047574924778,0.5527282791600026,0.5423108934828138,0.6643052891461537,0.6250075722154531,0.683277030208136
0.4131979695431472,0.6616072252608186,0.6900134438829639,0.6640550508429978,0.6930879621962598,0.6832820417395528,0.3248162585982697,0.6609229588988741,0.6464606686762466,0.6389561191805273,0.6569542678987756,0.6580422170990401,0.661089365325138,0.6452371943654586,0.58780596379315,0.6676392455972013,0.669994671421489,0.7638507649900675,0.2948578199916968,0.40381393889397743,0.5878059637931503,0.5889305043424106,0.5517960592098642,0.6674892257488904,0.6399921081608628,0.6745002428618404
0.41421319796954315,0.6916966693732806,0.707802707696672,0.6906554392146164,0.7135284836735469,0.7032522265395581,0.26622997900302176,0.6942074520474495,0.6651470381443094,0.6464606686762466,0.6359943970228858,0.6603629761956471,0.6680878792789378,0.6471137321118617,0.5252350277097573,0.6796550511677313,0.6738917110768232,0.8383104825896406,0.45957963766450155,0.31011660450121675,0.5252350277097577,0.6310151909731786,0.568776673033375,0.6719899996224105,0.6574612515759504,0.665811901911212
0.4152284263959391,0.722473526612292,0.7432296898781849,0.724823230729808,0.7171132006895709,0.706754674839238,0.2666933113704846,0.7145734148449578,0.6980168870685306,0.6651470381443094,0.6356317472894644,0.6542708590687472,0.6760753934450132,0.6489724442740844,0.44919368632792417,0.6901369849042338,0.6777856418884534,0.8311927740687289,0.5655174393968775,0.3275288348153505,0.4491936863279249,0.6648006734366169,0.5899014248304778,0.6766881108924875,0.6715962311711323,0.6608489105087963
0.41624365482233505,0.7181968590848539,0.7137072047269242,0.7099942417241843,0.7200877407263397,0.7096604276367663,0.2055265873701249,0.7181450562763694,0.7181291392624343,0.6980168870685306,0.6510072327982765,0.6569542678987756,0.6840780101046626,0.6511260883795357,0.44645814989758925,0.6992531524596317,0.6816511016392754,0.8169900407560133,0.6381754486817997,0.16500878076430586,0.44645814989758964,0.6912490058951319,0.6127039782281507,0.6812761662759786,0.6838775341288801,0.6575270352543564
0.41725888324873095,0.7153712287250357,0.7162809361488904,0.7144276592253073,0.7241300613819652,0.713609994546028,0.12965113042534937,0.7211087464051094,0.7216562866862493,0.7181291392624343,0.6510797184788963,0.6359943970228858,0.6946626002137135,0.6532181527446023,0.4511212232924375,0.7074457349118684,0.6855338028582789,0.8487181491553507,0.6423847383029988,0.1451078237369109,0.45112122329243826,0.7124347654097365,0.63567426926572,0.6862437135348406,0.6949412307035499,0.6561671992355872
0.4182741116751269,0.7063596959394266,0.703487820747611,0.6893560073559436,0.685003320885009,0.6753832533641991,0.15105120493536042,0.7251363223248113,0.7245830564091664,0.7216562866862493,0.6583322704866805,0.6356317472894644,0.7014119748627692,0.6545177933632443,0.2618812712847484,0.7070451365836024,0.6876301071319437,0.6514899138181884,0.5541448312266336,0.27694834278889185,0.26188127128474853,0.697425938446595,0.6507008246477621,0.6878527553804369,0.6976319816600962,0.6566209807397395
0.41928934010152286,0.704832214796384,0.7090895734076552,0.7079303832968246,0.7111641206160331,0.7009421329146716,0.18470460777330683,0.6861523002080461,0.7285604584810705,0.7245830564091664,0.6763911648255212,0.6510072327982765,0.7091503497241005,0.6568156617506359,0.5517445038152681,0.7114669748843361,0.690736813097411,0.7297170187262354,0.49764297844279687,0.13681670723868986,0.5517445038152686,0.7023693513958376,0.6638253423079996,0.6918146514858007,0.7041249357433443,0.6578709157256871
0.4203045685279188,0.7095671965850053,0.7418671669514496,0.7165679136554882,0.7497569126138814,0.7386471397622189,0.428217883259085,0.7122176760188894,0.6900620829247222,0.7285604584810705,0.7081572673673062,0.6510797184788963,0.7207012920649807,0.6604390968560091,0.6042694724891676,0.7220915223779496,0.695333521170125,0.7825868995005306,0.4701267249850178,0.40215647473822136,0.604269472489168,0.7320550675751856,0.6809502293011699,0.6980155473396173,0.7175312847745945,0.6565783236631274
0.4213197969543147,0.7667677995601675,0.7780511833192818,0.7518058323857703,0.745714591958256,0.734697918296127,0.3654250710485785,0.7506696972627462,0.7158027472404151,0.6900620829247222,0.7275941642940518,0.6583322704866805,0.731097141323755,0.6638972428782716,0.4159934401096708,0.7300504340567229,0.6995811380560872,0.8508297172016828,0.38103328015744586,0.4162525115010294,0.41599344010967076,0.7493511243989671,0.6985102814387879,0.7036130525013354,0.7280986340906817,0.6569482941830255
0.42233502538071066,0.7000210220932411,0.7318748701265922,0.7003630967883704,0.7380112094271003,0.7271716328056556,0.3217088200155015,0.7466421213430445,0.7537757493671011,0.7158027472404151,0.7310028725909232,0.6763911648255212,0.7388506071588332,0.6667995541012582,0.4001691390108847,0.7351636901674077,0.703340448810496,0.8217401551863062,0.27730205590039664,0.4684904676832441,0.40016913901088497,0.7540436484443256,0.713605602993443,0.7082694136429116,0.7359684553778563,0.6581782218349647
0.4233502538071066,0.7403440538240168,0.7376280527253403,0.7150391771532331,0.7233673110630565,0.7128648736285402,0.2682782906090265,0.7389668376073131,0.749798347295197,0.7537757493671011,0.7338313634473526,0.7081572673673062,0.7418478127828081,0.669231921701568,0.36988679156631143,0.7366886034943632,0.7063407310145038,0.7465890435513147,0.24005837064527974,0.3723056718170357,0.36988679156631155,0.7436906492512622,0.7233712727407913,0.7123982813093462,0.7403611891768311,0.6618582797886364
0.42436548223350257,0.7424059436123135,0.7597320879809097,0.7498948825991717,0.7499094859535349,0.7387962560638951,0.23822848880280112,0.7243763542077579,0.7422186790179042,0.749798347295197,0.7376752071582653,0.7275941642940518,0.7454489914316331,0.6722136407218052,0.5497370891767347,0.7427551006476665,0.7103318929858142,0.781653988117608,0.2649125603993804,0.23631896189603746,0.5497370891767354,0.7520357585492323,0.7330462741720778,0.7177263504822794,0.7482902072473181,0.6643433284877304
0.42538071065989846,0.7789869495218057,0.7877406202667314,0.7809286884719132,0.7946038149852155,0.782462230251345,0.2750792560989013,0.7508217140771278,0.7278099577273636,0.7422186790179042,0.7004695799454808,0.7310028725909232,0.7531194108317965,0.6763961473707586,0.6252097171076545,0.7558330372040822,0.7160332041193578,0.8198147268547861,0.4151935170485391,0.20646815897485182,0.6252097171076552,0.7883194986227626,0.7488840984282902,0.7255970082714925,0.7638515585918282,0.6641598932226277
0.4263959390862944,0.8022796385878003,0.8208967309036854,0.7989680591228082,0.8243493317322634,0.8115237883969441,0.2653544150036327,0.7953530164379918,0.75392587241991,0.7278099577273636,0.7253458908780643,0.7338313634473526,0.7634397591425295,0.6817713411332699,0.5566670284101569,0.7719335877710791,0.7227532603674884,0.8290956206473811,0.6004060699361603,0.3739644012126054,0.5566670284101574,0.835056708588689,0.7719851915413433,0.7348072777081037,0.7839103245932579,0.6620936238125538
0.42741116751269037,0.8235103213350475,0.8268768851496897,0.8235811017050071,0.8203832395567854,0.8076487220646585,0.24230141726034393,0.8249900336802469,0.7979024225349014,0.75392587241991,0.7620437863310265,0.7376752071582653,0.7729673935781363,0.6869131826929377,0.4172718682538398,0.7843867051942559,0.7290441405668111,0.7853730605964335,0.6963168951051283,0.17247116518464886,0.4172718682538396,0.864594595909403,0.7970583463787531,0.744916941036356,0.7970653052224099,0.6687015077145356
0.4284263959390863,0.825801426519161,0.8486781760350512,0.829466859705564,0.8576794491159763,0.8440866433649895,0.2607975996928246,0.8210384081903086,0.8271702342744096,0.7979024225349014,0.7581999426201138,0.7004695799454808,0.790059764518372,0.6930629746176923,0.5849767007791957,0.8013468993789783,0.7366460013366523,0.8026167451827734,0.754080758231533,0.3474297918427454,0.584976700779196,0.9107447509640103,0.8274166847503984,0.7569012951554331,0.8154731894943923,0.6737169779636697
0.4294416243654822,0.8709356509530793,0.8676028756210388,0.8358876229961066,0.8293832045265983,0.8164414022160064,0.3688065694420456,0.8581985763990589,0.8232678364737409,0.8271702342744096,0.7508747942665486,0.7253458908780643,0.8017616972355075,0.6984252065668767,0.3214440537607307,0.8100861225453748,0.7427679530439051,0.7224598306660786,0.7213395573409084,0.4850752311593133,0.32144405376073093,0.9210206829848785,0.8539967430543645,0.7666732109462288,0.8248782578690619,0.6834195261632231
0.4304568527918782,0.8261068528294994,0.8343711077683327,0.8105102704803396,0.8186290534785265,0.8059346330555835,0.32924889055735485,0.8300055449611468,0.8599650789273952,0.8232678364737409,0.7369499076914223,0.7620437863310265,0.8085790158259041,0.704127741751304,0.38992055353590427,0.8152839357814927,0.7482006794911613,0.6933311182329068,0.7143030218887724,0.3963515544736344,0.38992055353590444,0.9160073229421155,0.8741419055158983,0.7759062489688687,0.8291522441582724,0.6972064192145436
0.43147208121827413,0.8250376859476397,0.847694054694276,0.8112745804139078,0.8565354400169725,0.8429690195626195,0.30550531918689877,0.8192906206669119,0.8321232644240655,0.8599650789273952,0.7621888683574274,0.7581999426201138,0.8195486331223811,0.7103164265340945,0.5876607057904443,0.826418752130067,0.7550035237297958,0.7303157527646542,0.7377982727002388,0.5339969937902023,0.5876607057904447,0.934951417149918,0.8944859878292195,0.7866458701999769,0.8386859008781593,0.7086738038051269
0.43248730964467,0.8568837100685106,0.8601086530023958,0.7993502724071518,0.8028410296361199,0.7905100197806517,0.3600960351253324,0.8570587401783338,0.8215418221526201,0.8321232644240655,0.8046887168844878,0.7508747942665486,0.8259658220317778,0.7152200545927493,0.22082339611932186,0.8257806158195624,0.7592970347051522,0.6996949975970908,0.6468763349167832,0.7993367612897339,0.2208233961193221,0.9049092461661274,0.9040564270547916,0.7937689285314627,0.8383047889148858,0.7229939862210425
0.43350253807106603,0.7854782782579351,0.80204768853345,0.7912478639735928,0.7942987846852676,0.7821643430911626,0.4892664189660808,0.8035601850917768,0.8588394423071724,0.8215418221526201,0.8329737361139431,0.7369499076914223,0.8329869839660247,0.7197331443532932,0.3981558413135852,0.8237076246599406,0.763065404566672,0.6532387967373195,0.46004207113552925,0.2512437307367235,0.3981558413135854,0.8701221504351017,0.9039489771509612,0.7988047873389962,0.8389484570239221,0.7322035818033855
0.43451776649746193,0.7728773745409866,0.7801707404323364,0.774202224534967,0.7836972069768493,0.771806690232416,0.23823448386116014,0.7950490987640835,0.8060073497315188,0.8588394423071724,0.8292023780836502,0.7621888683574274,0.8363314663034049,0.7240841842477158,0.3893859640495834,0.8200867810362833,0.7662432187437653,0.5792118290710435,0.3496560084134417,0.19651704784124757,0.38938596404958326,0.8304955373218815,0.8950191300532049,0.8022961114342896,0.8393762805906995,0.7386069817363089
0.43553299492385783,0.7979265270849395,0.8000037886361475,0.7868908424752911,0.8084088509295624,0.7959495982294426,0.19166372861227243,0.78448619128423,0.7976022909396212,0.8060073497315188,0.8646673529751083,0.8046887168844878,0.837697959736061,0.7289748504930437,0.5366606675488871,0.8216107730065667,0.7703284982523693,0.6226630912627213,0.3314253657689672,0.2761196107110138,0.5366606675488876,0.8135665352013298,0.884097029282693,0.8068386296457238,0.8416659007740497,0.745202765067975
0.43654822335025384,0.8092291650546622,0.8201396967173662,0.8100515445580562,0.8286204542076898,0.8156961661507952,0.1943740659484967,0.8091076972455851,0.7871709717209849,0.7976022909396212,0.8377604469987192,0.8329737361139431,0.8381207373975077,0.7345056132150124,0.5162646382129611,0.8265271750622618,0.7750977113468029,0.6630715887454758,0.3336204698225276,0.24544007571195015,0.5162646382129616,0.8112954477515693,0.8748524862424836,0.8122387974108848,0.845790085203439,0.7516394747096212
0.43756345177664974,0.8306890631977261,0.8276339193360092,0.8339002772066869,0.833501753662371,0.820465239406798,0.12649087823322774,0.8292455768440936,0.8114857533108373,0.7871709717209849,0.8275343221081048,0.8292023780836502,0.8394192753689953,0.7402373161884529,0.45307120146538926,0.8314359057866081,0.7798837646764982,0.6988526232241012,0.33988042914163025,0.06882271965828393,0.45307120146538965,0.8092307949717747,0.8669960615785786,0.8176807095139599,0.8497105309032542,0.7583619165217811
0.43857868020304575,0.8401587937140679,0.8546583302810555,0.8476591389972202,0.8643912795084228,0.8506441910593204,0.14522686300006993,0.8341090713106121,0.8313727636703585,0.8114857533108373,0.8635795144400051,0.8646673529751083,0.8400836468483128,0.7461634809793868,0.557704868390953,0.84106026022038,0.7857722352943206,0.7035762267440439,0.35946420940054424,0.21558800755095092,0.5577048683909537,0.8265281802510467,0.8645713608758919,0.8266063600440431,0.8517017239592857,0.7738335490092737
0.43959390862944164,0.8636042542004562,0.8615469486520828,0.8588190204352893,0.8564590951574662,0.842894518985643,0.15728749302360767,0.864885924773592,0.8361756707672052,0.8313727636703585,0.8125214863327141,0.8377604469987192,0.8427637577063756,0.7517460983727181,0.40213160093502437,0.847494611402916,0.7910984966332897,0.6309961709398305,0.3962648077595424,0.1699837037112012,0.4021316009350246,0.8301735309369829,0.8634451714884097,0.8338356756373858,0.8532628959301718,0.7864164410186273
0.44060913705583754,0.8572655803542714,0.8562480558694463,0.8558379434336002,0.8571456169962275,0.8435654847693242,0.10934015818389697,0.8569826737937156,0.8665691191269362,0.8361756707672052,0.8043986634968474,0.8275343221081048,0.846576325185924,0.7570661957741928,0.4360656407685395,0.8528837214099496,0.7962445576655612,0.5849767290653565,0.42433614424254246,0.14427909165903285,0.4360656407685399,0.8294361734271205,0.8623796561635452,0.839178921937476,0.8576532786021436,0.7924751658832406
0.44162436548223355,0.8583347472361308,0.8557938815605346,0.8554557301492568,0.8481456520264146,0.8347722288793599,0.10198650540911278,0.8576666914810054,0.8587643235255991,0.8665691191269362,0.7943176206326339,0.8635795144400051,0.8457458608367769,0.7618369442284244,0.3977418405277762,0.8556590126528665,0.800812927503572,0.5740438495759309,0.41136893057090573,0.14345035958115482,0.3977418405277762,0.8181312884504046,0.8590042140658198,0.844275495044223,0.8588830918614665,0.801216538010962
0.44263959390862945,0.8477957333074791,0.8456501547969735,0.8491113628615353,0.8433406974312396,0.8300778864957802,0.11423155484693331,0.8486995547101672,0.8594398200080704,0.8587643235255991,0.8178159289773128,0.8125214863327141,0.849754726173302,0.766424578015365,0.4142125896277856,0.85705734625908,0.8050014659379243,0.4885999735254809,0.39349881293444977,0.10116098405291726,0.4142125896277855,0.8017689597140407,0.8526521077423612,0.849516282707185,0.8567186879706792,0.813639452194934
0.44365482233502535,0.8458101709641545,0.8732802854968351,0.8525511657855077,0.8772046469347017,0.8631627060935542,0.22963814113223813,0.8439121266282668,0.850584392057746,0.8594398200080704,0.8370351475318762,0.8043986634968474,0.8579611746569742,0.7716960599624662,0.5686890404160695,0.864349576419853,0.8104400808647576,0.6227322911569263,0.39241292668699895,0.36650075155244877,0.5686890404160697,0.8101426436146358,0.8494392656109928,0.8571706331385419,0.8535654188155362,0.8317756161172548
0.44467005076142135,0.8824675043186186,0.8737344598057468,0.8633288339392334,0.8595862085338888,0.8459495032325709,0.21485746748751383,0.8776525542651328,0.8458566037424724,0.850584392057746,0.8416767763902517,0.7943176206326339,0.8654730581940087,0.7767212254207118,0.36465195570421083,0.8671172467440753,0.8149295800673297,0.6057202703924782,0.25990501018550144,0.2545611895278628,0.36465195570421016,0.7998412070907759,0.844569912191617,0.8626277223687738,0.8491494918719895,0.8468767140568924
0.44568527918781725,0.8594039141179904,0.8527658603224568,0.8290846464212206,0.8231289777737534,0.8103312034267042,0.20123212723226708,0.8600983807368372,0.8791767073147831,0.8458566037424724,0.87104963415481,0.8178159289773128,0.8669301320286251,0.780979895704557,0.28937009768739796,0.8627627443972734,0.8177203787975114,0.44981205020537973,0.21124499021549803,0.3963515544736344,0.2893700976873981,0.7611351623986872,0.8320359951983772,0.8640470240672714,0.8477625335324115,0.8510430745729597
0.44670050761421326,0.8066326335602104,0.8159005824912569,0.8061532489820379,0.8008580417380604,0.7885725441883707,0.2079877015659949,0.8237741310749036,0.8618412163013252,0.8791767073147831,0.8635069180942241,0.8370351475318762,0.8641820657093944,0.7846551854812928,0.3429916097532283,0.8551565899005782,0.819471585475092,0.5153285365781931,0.2986586613362541,0.2412938848429328,0.3429916097532286,0.7110759396227584,0.8108366194286046,0.8628781883962592,0.8485878374689926,0.8479293315878057
0.44771573604060916,0.8080836707278306,0.8071194941616306,0.8014905268373326,0.8021546241767177,0.7898395145878635,0.17888340610668063,0.8015844303242352,0.8259694788726135,0.8618412163013252,0.8641597318804473,0.8416767763902517,0.8610791656700576,0.788434187073438,0.438697944160811,0.849168772448718,0.8212082693399327,0.5394185007255172,0.3641912326325075,0.19568831576336954,0.4386979441608117,0.6700694058154484,0.7847252602529629,0.8619712030457468,0.849197823384825,0.8455436238538195
0.44873096446700506,0.7789869495218057,0.794704895853511,0.7796292566132405,0.8023071975163711,0.7899885157418166,0.23614049562003891,0.8028762833593419,0.8040562080863534,0.8259694788726135,0.855601662965378,0.87104963415481,0.8549337640458516,0.791613604655473,0.4339771064251033,0.8442973493950721,0.8228832202034582,0.5681468566461899,0.3934486013251543,0.29684929981628677,0.43397710642510406,0.6357792276963332,0.7561832739473251,0.8592160941151664,0.8466983419101581,0.8426556448360852
0.44974619289340106,0.8037306757554205,0.8149921183662336,0.7998853943322565,0.8243493317322634,0.8115237883969441,0.1487059952010985,0.8030283001737233,0.8053319677593851,0.8040562080863534,0.8510326304527838,0.8635069180942241,0.8517553745783009,0.795710225073197,0.5241943638482114,0.8443134795637073,0.8254130797424086,0.5617677210582422,0.3825740905841922,0.29933549604992093,0.5241943638482118,0.62328185978501,0.7305605161320048,0.8589656280876811,0.846501598767011,0.8423625697366245
0.45076142131979696,0.832750952986023,0.8301318780350238,0.8304605909178332,0.8277814754086339,0.8148766598040543,0.1449002750589871,0.8249900336802469,0.8054820908121942,0.8053319677593851,0.8832338684086105,0.8641597318804473,0.8488487608761137,0.8000158887302359,0.44726021231379653,0.8449497967462378,0.8279870730958936,0.5176786029573225,0.3616569985271826,0.133497983207737,0.447260212313797,0.6142792557864444,0.7080531042528571,0.8594210171800089,0.8467297761605674,0.8430251593064017
0.45177664974619286,0.8301544214915711,0.8258927638089144,0.8072997721999494,0.8023071975163711,0.7899885157418166,0.1725934479721715,0.8284096582972771,0.8271702342744096,0.8054820908121942,0.8664804909770543,0.855601662965378,0.8443114349826073,0.8036085339654163,0.3303543333417227,0.8408454601839519,0.829396188518009,0.4398884995413481,0.3726543661579518,0.3383086780268328,0.3303543333417228,0.5868035953567814,0.6839151432232555,0.8567228297144994,0.8438812969039367,0.8405980896001802
0.45279187817258887,0.7962463910519532,0.8043943328009606,0.8019491361244974,0.8090190279088174,0.7965457179929775,0.16098872786289015,0.8030283001737233,0.8305472586454159,0.8271702342744096,0.8318133012330589,0.8510326304527838,0.8409140996776325,0.8071055703730298,0.4610108630776715,0.838705926989741,0.8310303651091866,0.3598041351182164,0.36878727323912236,0.16086258989528854,0.4610108630776718,0.568899796046167,0.6606089955867599,0.8570302229976424,0.8436831039384702,0.8413980930179056
0.45380710659898477,0.797544656799179,0.795007640223719,0.7891076095434121,0.7840785821363037,0.7721793082650216,0.19100941081422884,0.8097156485482566,0.8054820908121942,0.8305472586454159,0.8106358626501484,0.8832338684086105,0.8316960030012375,0.810158589257305,0.33107938352153554,0.8324273595316898,0.8315588149064002,0.3276467616485045,0.27722018656602765,0.1973457799191256,0.33107938352153543,0.5353610225319828,0.6344788773649643,0.8565217052743864,0.8446433860300071,0.839441287041042
0.45482233502538066,0.7860129199640901,0.783955680349534,0.7625836171746146,0.756850001786423,0.745577190341432,0.20202404589359912,0.7848661753427566,0.8120861310117353,0.8054820908121942,0.8118687832116522,0.8664804909770543,0.82152664506676,0.8125812342612769,0.3195466603206295,0.8223468892698638,0.8309293354628184,0.2835138689814507,0.2790708800276425,0.36401329007900113,0.3195466603206297,0.48826771214737774,0.6030644744113307,0.8551858922517174,0.8486437856114668,0.8328209117527515
0.4558375634517767,0.7629493297634619,0.7733577792770612,0.7491304560304847,0.7437314876808374,0.7327603275561226,0.19233346227466785,0.7577369137409515,0.7875462220978384,0.8120861310117353,0.8120138652380531,0.8318133012330589,0.813667473296493,0.8148612745918032,0.3773420056541853,0.8117175117015307,0.8297766447894241,0.2780366017564986,0.3775372664368098,0.39386409300018677,0.37734200565418535,0.44149527038120917,0.567494255289683,0.8519677969793514,0.8551494745349055,0.8200081902112012
0.45685279187817257,0.7433987830492012,0.7479987511361577,0.7347601929471445,0.7277147783979891,0.7171119822548148,0.2820549347180966,0.7446662506206483,0.760754925433158,0.7875462220978384,0.8329737361139431,0.8106358626501484,0.8064273770446497,0.8167410540278809,0.3642539632605772,0.8001128489249454,0.8280002174198293,0.26403811989114867,0.5004434070779128,0.2719734198419965,0.364253963260577,0.39337030027085884,0.5282975252867351,0.8469471210895613,0.8614911929682112,0.8038323730049098
0.4578680203045686,0.7097962954503717,0.7174921446441216,0.6766672727805009,0.7216893534649451,0.7112252851964417,0.39466411258148637,0.7287079637562228,0.7478470911396937,0.760754925433158,0.8362373623844137,0.8118687832116522,0.7984625108590211,0.8189611366992015,0.40701912123800976,0.7895241842067975,0.8260418010976556,0.13268466205071386,0.5907558998696174,0.5679939875804053,0.4070191212380099,0.35210101218903467,0.4877296410952059,0.8413837688068858,0.8657310247506664,0.7886996991095986
0.4588832487309645,0.7018538130161717,0.7209742246839115,0.6944009427849923,0.7076556320801564,0.6975145306351381,0.26192723997504913,0.7227045171141246,0.7320876059048858,0.7478470911396937,0.8120138652380531,0.8120138652380531,0.7890934122865432,0.8208911511981466,0.37172580476874967,0.7783128515361535,0.8235740649488634,0.1354249633476736,0.6761963532146454,0.41376378478776815,0.3717258047687498,0.3107684938674942,0.4460507217965411,0.8335852096099005,0.8653700749456501,0.7738008696238153
0.4598984771573604,0.7363728126069168,0.7333131657762793,0.7005160054291316,0.7069692266207541,0.6968437951469034,0.24045037162224853,0.7087219850172413,0.7261589476774784,0.7320876059048858,0.8183961464177549,0.8329737361139431,0.7774745260043225,0.8224630344049836,0.43029947434201965,0.769015323258909,0.8211744349403045,0.16863649616463144,0.6711964687435136,0.4825865044460521,0.4302994743420197,0.27969890372419554,0.40577345981476864,0.8261471723269865,0.863582203119214,0.7610365903250921
0.4609137055837564,0.7283540027277448,0.7291497087659222,0.7040320877208063,0.7033845096047302,0.6933415771426704,0.27950189629405475,0.7080380832848061,0.7123506040878356,0.7261589476774784,0.7946802703660554,0.8362373623844137,0.7651610747754638,0.8239571343684341,0.41741739040019976,0.7607574345805492,0.8187191918285168,0.19172067167776224,0.5992226711199532,0.3988390159470821,0.41741739040019976,0.25488711245308787,0.3680141423435082,0.8184966147297722,0.8596940696340272,0.7499598806904749
0.4619289340101523,0.7532505003817539,0.7784297004124414,0.7385820925203416,0.7881209027919289,0.7761284145833901,0.4450257430660727,0.7044664418533944,0.7116752221157019,0.7123506040878356,0.7687886065789884,0.8120138652380531,0.7637568423886145,0.8270895585772752,0.8110362231394823,0.7693852201947164,0.8198992608598532,0.4886825521183199,0.5654663192498837,0.563847796711388,0.8110362231394824,0.3003831463926906,0.3479605157932393,0.8155100155235927,0.8532149336382735,0.7506045806792464
0.4629441624365482,0.7872348582663439,0.8136295954394985,0.7898719194769802,0.8220611971548968,0.8092879650535872,0.26119412998142955,0.7888937512624583,0.7081480746918869,0.7116752221157019,0.7563142082723868,0.8183961464177549,0.7650478233534017,0.8305395991390098,0.5747598945312871,0.7826063172664197,0.8224505741303894,0.5589397303163997,0.6089376400177815,0.39303536092230873,0.5747598945312875,0.362991449626195,0.34589056673074364,0.8144512299485799,0.8501892159144444,0.7515630203883946
0.4639593908629442,0.8166370057827071,0.8124183869442674,0.8112745804139078,0.8207646147162395,0.8080211098018176,0.1774697142498255,0.8227102452839419,0.7915236241697425,0.7081480746918869,0.7410839154551367,0.7946802703660554,0.7686791954695469,0.8332523147880418,0.42808355877113335,0.7931881786432864,0.82484768394119,0.5124469036060666,0.6954738474095528,0.14759528521035858,0.42808355877113335,0.4123119379123677,0.3552419785259934,0.8116429923870713,0.8397766583265174,0.7564961003405476
0.4649746192893401,0.8222883830327937,0.82029112665607,0.819071288201063,0.8301458384661478,0.8171866382812175,0.1737596295624892,0.8214183922488352,0.8249188465236263,0.7915236241697425,0.7353543373964968,0.7687886065789884,0.7759343942149639,0.8357300561530508,0.4714768388384429,0.8035492649017986,0.8275425976547681,0.5249731758098486,0.8072863445063245,0.14925401460592821,0.47147683883844366,0.45853280715322575,0.3730387044910816,0.8101781535165168,0.8342120250109386,0.7592027179362298
0.4659898477157361,0.8202263767140464,0.8230162880167402,0.8098222399144738,0.8077223290908011,0.7952790930366546,0.1866170313898401,0.8307653971233453,0.8236430868505944,0.8249188465236263,0.7220096682618127,0.7563142082723868,0.782268536689446,0.8376552068811426,0.34284858246314737,0.8079554371297568,0.829195307264188,0.5314397769999206,0.8416577691943888,0.2794370695021531,0.3428485824631472,0.47834772705165707,0.3916983889169263,0.8094115783069037,0.8322221459492647,0.7596955563926767
0.467005076142132,0.7988429225464048,0.8068167497914227,0.7988151504820472,0.8038325817748293,0.7931153521680848,0.16676853507894207,0.8084236795582953,0.8328736506674348,0.8236430868505944,0.7213569651407508,0.7410839154551367,0.7898030682069277,0.8394345137187994,0.41738253143319587,0.8108542875435969,0.8306207488552722,0.5090474348296676,0.8373085693958594,0.2213941930553514,0.4173825314331957,0.4909140034158474,0.40943068425111073,0.8095595799066749,0.8325212395658685,0.7596856227566197
0.4680203045685279,0.8078545718624642,0.8056811985119436,0.8008790089094068,0.7982648768607457,0.7876688648558959,0.15188309065241934,0.8045481204529752,0.8108102568283657,0.8328736506674348,0.7179482568438793,0.7353543373964968,0.7973829072051302,0.8410096386153104,0.4104276577925594,0.8122152345657891,0.8317577547499821,0.5526030656980403,0.7964164128023856,0.18656720194745688,0.41042765779255935,0.49642072100195744,0.42484551248139235,0.809366041134847,0.8321488223298033,0.7596798829593682
0.4690355329949239,0.7992247928321655,0.8162790995844165,0.8045479998418429,0.8224425723143511,0.8113203223698692,0.1449687900116618,0.7990007242540216,0.8069829778092705,0.8108102568283657,0.7985241140769681,0.7220096682618127,0.8087451086957336,0.8439297778951623,0.5333036930302759,0.8177182965228671,0.83385995723485,0.6724415933430234,0.7107897582546485,0.2628535712658974,0.5333036930302767,0.5182660120691681,0.4420528179641748,0.8103678994542022,0.8346054816479982,0.7591799647029643
0.4700507614213198,0.8322164278103185,0.8261198509633705,0.8310719922106403,0.833501753662371,0.8221387964172707,0.13485084437542197,0.8230902293424684,0.8015046887402899,0.8069829778092705,0.8307979483785755,0.7213569651407508,0.8212699487553154,0.846529056659762,0.478240093990567,0.8242286415271032,0.836341608765014,0.7304227540328826,0.5623141873540783,0.08291875642109195,0.4782400939905677,0.5429904924835076,0.46133668415591184,0.81082328854653,0.8360359683415588,0.7586384299533445
0.4710659898477157,0.8176298452195948,0.8172631054179922,0.8054653350512909,0.8017732490172633,0.7911008427489147,0.1907501959099428,0.8341090713106121,0.8252940969004798,0.8015046887402899,0.8295650278170714,0.7179482568438793,0.8310089720216456,0.8476342354609111,0.3056139386275966,0.8237948471903047,0.8374007948986582,0.6828076179909597,0.1759115010362094,0.2636810381039619,0.30561393862759667,0.5381401339166441,0.47568127167792434,0.8095292198617748,0.8327561004325905,0.7593909984023645
0.4720812182741117,0.8038070032003924,0.7990954400183239,0.7786355254009713,0.7752311905061442,0.7651365280646955,0.21303125851976296,0.8024962993008153,0.8361756707672052,0.8252940969004798,0.8384856358004009,0.7985241140769681,0.829733082030605,0.8482613676515401,0.3239112176223087,0.8186211048853711,0.8373099112888309,0.6288809180292115,0.22113651299103992,0.35572217358078007,0.32391121762230884,0.5139980276275028,0.4817688944362202,0.8081820225460915,0.8308326580846788,0.7586811308048923
0.4730964467005076,0.7659277315436742,0.7726008605979413,0.7673227353221409,0.7770617214439093,0.7669273054574898,0.17738863822249373,0.7760510553863,0.8049567173825316,0.8361756707672052,0.8171631151910896,0.8307979483785755,0.8252788025720135,0.8490910646475053,0.44105151510177293,0.814720383404762,0.8372990441397659,0.6677228321597385,0.2646034725289866,0.1882259313430265,0.4410515151017733,0.49593652795278104,0.48260801818454047,0.8065919506617943,0.8281324826580831,0.7582739086702236
0.4741116751269036,0.793420760692135,0.7981113186775488,0.7955283728339547,0.8068833502917454,0.7960998660083519,0.10984973814441523,0.7778749092943149,0.7788409172003228,0.8049567173825316,0.8134643535065778,0.8295650278170714,0.8239047636524841,0.8508655101869932,0.5586663581103817,0.816943123133042,0.8385341079300037,0.7112710929219868,0.25489211534206246,0.16169132197316657,0.558666358110382,0.5034836784018207,0.4849636939648062,0.8077266276631777,0.8302004771773799,0.758423143305926
0.4751269035532995,0.800141304824081,0.8010635671926749,0.7939996363316996,0.8050529357333394,0.7943089734678345,0.10599577205646202,0.8075877610114786,0.7806420503030171,0.7788409172003228,0.8081700215271403,0.8384856358004009,0.8214209391315712,0.8520371300266963,0.4258303891565926,0.8184294090891759,0.8396442903090846,0.7158125972888493,0.2217255466209181,0.2106130846040556,0.4258303891565927,0.5076704227848157,0.4877826342775991,0.8101250190950019,0.8327593476658119,0.7605536141175838
0.4761421319796954,0.7938789584228677,0.7902386944729458,0.7819224196841824,0.7770617214439093,0.7669273054574898,0.13000997748998325,0.8057640230583183,0.8099847518034231,0.7806420503030171,0.8311605981119969,0.8171631151910896,0.8183859945534027,0.851664417312766,0.3182237413538512,0.8145635413896932,0.8395418788847155,0.4935492710039451,0.25040224466967625,0.22305165721110748,0.3182237413538512,0.4898873878717802,0.4860689599731858,0.8117834025279708,0.8327928863370555,0.7637651715373598
0.4771573604060914,0.7846383267718923,0.7798678805549288,0.7644945669612132,0.76501098795718,0.7551385966935448,0.167645811952148,0.7778749092943149,0.8081837332110666,0.8099847518034231,0.8416767763902517,0.8134643535065778,0.8145432336065339,0.8504036695521594,0.38270792512867796,0.8092126985992014,0.8389401829132477,0.3690075722899071,0.2984645599614233,0.2985067639720429,0.3827079251286779,0.46684769120435815,0.47955600959665845,0.8136391175669101,0.831381279881573,0.7688101967975985
0.4781725888324873,0.7476754505766393,0.7507239124968277,0.733613553094114,0.7422824482818855,0.7329047228011435,0.19159778297032304,0.7658681319649732,0.7806420503030171,0.8081837332110666,0.8115061334782308,0.8081700215271403,0.8090018050071783,0.8487442805055986,0.33693501875763826,0.800708276647736,0.8374128220128294,0.3315388187624698,0.3952485843681121,0.31426279537023405,0.3369350187576383,0.4320789689684376,0.46658594861690184,0.8146637502628803,0.8297359934613795,0.7724629818247098
0.4791878172588832,0.7519521181040777,0.7466361127022227,0.7152684817968155,0.7098675381773758,0.701194997315043,0.1883044975784246,0.7432224967260146,0.76878484835854,0.7806420503030171,0.786267283477387,0.8311605981119969,0.7978585493539985,0.8456037557815993,0.2933523334600197,0.7878650532550096,0.8345915440632534,0.25733438023621624,0.5207377049127627,0.4684904676832441,0.29335233346001965,0.38137496513722347,0.44489375510209983,0.8147738061494659,0.8294218652873098,0.7729929430303136
0.4802030456852792,0.6529774462305197,0.7216556016544788,0.6560290384122601,0.7302317147951565,0.721116244332645,0.3342935894270009,0.7109258229837827,0.7464213229241907,0.76878484835854,0.7880079357987133,0.8416767763902517,0.787636349971754,0.8434971075220262,0.523633651283301,0.7810541612388457,0.83273141733831,0.3494136786867603,0.47729621002901407,0.8374799459489541,0.5236336512833014,0.35767973946428944,0.4222516880685816,0.8159312575274639,0.8265428068394951,0.7781412639614559
0.4812182741116751,0.7389693441013686,0.7388391457133718,0.7238294995175388,0.746324768937511,0.7368590107670606,0.19391415932866762,0.7312157193966728,0.7145269875673834,0.7464213229241907,0.8163653300436269,0.8115061334782308,0.7821477743399925,0.8419608754835509,0.5035268544327774,0.7784033732598103,0.8316163655659068,0.39926904533893526,0.45211057291911966,0.29021564747382184,0.5035268544327777,0.352266020870318,0.4029297980400382,0.8180677986387889,0.8211849704343732,0.7876880006308372
0.4822335025380711,0.7330125405409437,0.7411101327651302,0.7357538075242948,0.7483839853157179,0.7388734050385074,0.20271376308385802,0.7472500726457163,0.7345641209797136,0.7145269875673834,0.814624788387462,0.786267283477387,0.7794902999425493,0.8396630070961592,0.4422131064115645,0.7766084059171161,0.8306310447931491,0.41387905328048813,0.45267366239636814,0.18573846986957884,0.44221310641156525,0.3508894769639782,0.3871650682652372,0.8160906434202494,0.8214293390057488,0.7835743395739979
0.483248730964467,0.7455371168129202,0.7500426510334601,0.7322377252326201,0.7337400869516741,0.7245481070779406,0.16964901788097525,0.7493017778430215,0.7503987249960951,0.7345641209797136,0.7880079357987133,0.7880079357987133,0.7752021018339599,0.8381948357047323,0.37040948757304076,0.7724811364185795,0.8290727594514482,0.32407056554700453,0.461017022807694,0.3217251797905771,0.37040948757304076,0.3403758595350293,0.37220685009144766,0.8116961268085862,0.8186500775364771,0.7777585481917163
0.4842639593908629,0.7431696841838348,0.7557957181250086,0.7397286157382531,0.7593669381835904,0.7496174936566559,0.15894469844142756,0.7347112944434664,0.7524248709124961,0.7503987249960951,0.7765488903465949,0.8163653300436269,0.7704986830706244,0.8374526470211759,0.5447868851191583,0.7737569395838275,0.8286458926026667,0.36523849239333117,0.3726680756352177,0.30348295215875176,0.5447868851191588,0.352516408207515,0.3629498092284722,0.8086412160537347,0.8139651253759044,0.7764726828801111
0.48527918781725893,0.7743284117086068,0.7675290549697606,0.7596025401729255,0.756850001786423,0.7471552898892871,0.15024786711524926,0.7602446693814016,0.7380161496219555,0.7524248709124961,0.7549363163496432,0.814624788387462,0.7657273088461203,0.8368822308000784,0.42262406787736334,0.774343818403431,0.8281306454062902,0.4146568048115912,0.24811984250172658,0.21641800486864254,0.4226240678773635,0.36151619709106,0.3575527538862166,0.8049942988997986,0.8068336429626393,0.7764785951479879
0.4862944162436548,0.7439334247553561,0.7420942541059055,0.7332314564448893,0.7335112851318732,0.7243243750515646,0.17039925661276348,0.7577369137409515,0.7632314405079861,0.7380161496219555,0.7241129703165603,0.7880079357987133,0.7614164627570839,0.8352908999278815,0.3337094185497164,0.7705867521796887,0.8266608590003766,0.4208289346669474,0.1997920559956599,0.22388038928898557,0.3337094185497163,0.35260009003209225,0.35124520841541385,0.8013018445738059,0.8037981592392651,0.7722932176182161
0.4873096446700507,0.7353036457250571,0.738082227034252,0.7098413330834231,0.7039946865839852,0.6954501622517782,0.20660255760608753,0.7344833271993214,0.760754925433158,0.7632314405079861,0.7434772708975248,0.7765488903465949,0.7553767555482396,0.8326430057089088,0.3049713144482423,0.7621539292871784,0.824015946136424,0.3647037009946904,0.23273942161851002,0.43366600705497665,0.30497131444824227,0.32519375256799665,0.3400826120463373,0.7963342973149442,0.8032503250620651,0.7631213163775458
0.48832487309644673,0.7006319912443683,0.7218826888089347,0.6850754984955819,0.689808391859543,0.6815726737871332,0.30574797631095507,0.7050743931560661,0.7377910222979109,0.760754925433158,0.7587801600605559,0.7549363163496432,0.7501826036622892,0.8295899868246336,0.3701486465912144,0.7526787668850885,0.8208822626305778,0.2552692788113551,0.3167171746175819,0.5248758799742896,0.3701486465912144,0.2949166581339757,0.3243952779938155,0.7909379223839258,0.8037017740139116,0.7521094877962077
0.48934010152284263,0.7209461619996999,0.7258947158805882,0.7126696180794699,0.7318333275337618,0.7226830594036165,0.19243166704016829,0.6909398442448009,0.7087484523927849,0.7377910222979109,0.7607382694237415,0.7241129703165603,0.7523568904239903,0.8267735593601914,0.6227799790358451,0.752556160848221,0.8196266463802491,0.37776876716256225,0.2959427838229968,0.26948595836854883,0.6227799790358457,0.30418193450501524,0.3139132397290991,0.7864295570515342,0.7948245467035093,0.7521780871232263
0.49035532994923864,0.7111708886425695,0.7030336464386993,0.6864513263570758,0.6980456065104474,0.6896304811683672,0.23207641701054987,0.7328114901056881,0.6947899857503335,0.7087484523927849,0.7468133828486152,0.7434772708975248,0.7491709439497389,0.8234077854211913,0.2861964670357942,0.746321547383094,0.8170091207750452,0.3695590245128474,0.3413961340549085,0.30348295215875176,0.28619646703579427,0.2884227969094603,0.3020104769701166,0.7796897834295614,0.7833088833512716,0.7505226561349435
0.49137055837563454,0.7014719427304111,0.6946310752022329,0.6751385362782457,0.6691390685624552,0.6613531941661789,0.20817640316481983,0.6991470128985859,0.7361400122480255,0.6947899857503335,0.7711819620213767,0.7587801600605559,0.7415307064970686,0.8194132547376979,0.30393670899754166,0.7359723993899274,0.8132869573641095,0.347440322595586,0.4386462558199901,0.3341624871578155,0.303936708997542,0.2568362948621181,0.28543877556488834,0.7730904199484884,0.7809854203623934,0.7399359045642054
0.49238578680203043,0.6443476672002207,0.6555704675350267,0.6415058666881587,0.6377919390768019,0.6306880888258749,0.24175443955482406,0.6703459142031476,0.7028949129469508,0.7361400122480255,0.7687886065789884,0.7607382694237415,0.7305837371810384,0.8149439191333586,0.2895729597681253,0.7218137146444603,0.8084015436075043,0.33704008929217866,0.5808849100193747,0.2711434225243049,0.2895729597681256,0.21140986290030644,0.2620431208179016,0.7662519747329438,0.7859916644525329,0.7215405425952225
0.49340101522842644,0.6401473271177546,0.6665468857006591,0.6436461211183396,0.6718848067794234,0.6640390148122001,0.19674068660546945,0.6391131262518774,0.6744526062323852,0.7028949129469508,0.7465958151415946,0.7468133828486152,0.7244609835372797,0.8113010363626255,0.5939837907564464,0.7164190362834295,0.8051316084085012,0.4538834044445371,0.5970573880529679,0.3681594809480184,0.5939837907564467,0.20390905412504323,0.24165256279644762,0.7610187785288535,0.7831166792603441,0.7141794800791393
0.49441624365482234,0.687114575535504,0.7000813979235732,0.6748328356318422,0.7062064763018456,0.697613903120348,0.22339271771696756,0.6730816370877426,0.6436089032245651,0.6744526062323852,0.7185284742843214,0.7711819620213767,0.7191988877099882,0.8076678786609149,0.5904009302348843,0.7182364485100858,0.8034233556089301,0.4799594706544327,0.5168680858139922,0.39718028655151244,0.5904009302348848,0.2263762355560741,0.2303543530777795,0.7560094869320774,0.7713264399588342,0.7161852697469656
0.49543147208121824,0.6990281826563537,0.7076512777579682,0.6990636649296976,0.7140623157932957,0.7052987470258064,0.14721322566969797,0.707278115167753,0.6771542486312578,0.6436089032245651,0.7050387231232365,0.7687886065789884,0.7149635425689931,0.804575966918604,0.46828216363452896,0.7211496820543872,0.8021101934232491,0.46484181587207163,0.42362144450320754,0.21724673694652058,0.46828216363452946,0.2525523955216322,0.22715779367082373,0.7514821458477999,0.7581031064662933,0.7205694041827494
0.49644670050761425,0.713538321271655,0.733994427239647,0.7153448777996366,0.7396891670252119,0.730367903309075,0.28394708932779694,0.7151052997630114,0.7109247213619949,0.6771542486312578,0.7450002448466693,0.7465958151415946,0.7155750610807161,0.8028031409876107,0.546576898850063,0.7281858968001389,0.8019188370577026,0.5061886218741888,0.4392563789272664,0.3291875642109201,0.5465768988500634,0.294439333480564,0.23394889374043956,0.7496226321841316,0.7521017179548959,0.7229411314291251
0.49746192893401014,0.7364491400518888,0.7481501810748614,0.7401872250254177,0.7503670895931365,0.7408132987329777,0.20486855834547807,0.7406386747009466,0.7186543981817588,0.7109247213619949,0.7128714925714628,0.7185284742843214,0.720165239941817,0.801730371665149,0.47956041721045994,0.7358814204441431,0.8021809498919685,0.5468985332167066,0.5150331275958644,0.21476054071288642,0.47956041721046055,0.33713557487563073,0.2489107421337117,0.7488940084782904,0.7496472869868767,0.723973487091098
0.49847715736040615,0.7517230192387113,0.7713896521027104,0.754710513384638,0.7766041178043077,0.7664794959615678,0.16410387437783425,0.751277648565418,0.7438696890677894,0.7186543981817588,0.6853842584894703,0.7050387231232365,0.7287567271327424,0.8011875060972543,0.5459363075507616,0.7469411981338245,0.8035285771879344,0.5478340856920308,0.6330783543588296,0.3117740686569728,0.5459363075507618,0.39145159047432887,0.2730024961576326,0.7506017219174584,0.755456417441597,0.7214972634414046
0.49949238578680205,0.7706627133322955,0.7957646744100382,0.7756544483992821,0.787205695512726,0.7768501605130477,0.21129554638533665,0.7774189748060247,0.7543761270679992,0.7438696890677894,0.6555762653108708,0.7450002448466693,0.734237768797458,0.8008666480546865,0.47791459424191374,0.7579148671002576,0.8052661328288173,0.5678484866688388,0.7412684453677988,0.3515759827117627,0.4779145942419145,0.4427238686964275,0.3037188718682635,0.7544497693020941,0.7649179860767834,0.7195513217337276
0.500507614213198,0.7941080572882339,0.8071194941616306,0.7952226721875512,0.8166460655804668,0.8056499878835809,0.18865335287912677,0.7879818822858782,0.780191795654928,0.7543761270679992,0.687995181638879,0.7128714925714628,0.7459774519886142,0.8007029785800707,0.556097507750165,0.7722383435524254,0.8081651304795843,0.6487072604822007,0.8936280795057714,0.2636810381039619,0.5560975077501655,0.5049176517759705,0.3421724118008694,0.7587494129449145,0.7793876999728486,0.7134733639680314
0.501522842639594,0.8156442828762699,0.8157491525525531,0.8146378706999403,0.8216035935152954,0.8104995493981718,0.16128962269671998,0.8173148658993701,0.7906231148735643,0.780191795654928,0.7206316656739078,0.6853842584894703,0.7610691745238511,0.8005717185841422,0.4535598701491548,0.7848576111037029,0.8111574938415598,0.7154327452476932,0.9458411385375688,0.14759528521035858,0.45355987014915533,0.5569073547130652,0.38453833144227945,0.7624949959018358,0.7921129159976341,0.7080583442799685
0.5025380710659899,0.8025850648981384,0.8191555753765909,0.8089050213401446,0.8283154239077417,0.8170653877285806,0.1893399298007214,0.8222543107956519,0.8195906805074546,0.7906231148735643,0.7281017853887126,0.6555762653108708,0.7799281685777426,0.8011243092210593,0.46061029938330744,0.7964010267296802,0.8143128302180931,0.7554143112077268,0.8290959879706734,0.24709753986770622,0.4606102993833079,0.601603441124481,0.42840636189592546,0.7664720749249428,0.8048226184760228,0.7031118561338016
0.5035532994923858,0.8371040644888835,0.8439847719928306,0.8420790816430669,0.8539422751396579,0.8421345440118492,0.21850874350713767,0.828941659170185,0.8244685918755372,0.8195906805074546,0.7524703645614741,0.687995181638879,0.7979491527956137,0.8020787828336048,0.5369176334341119,0.8104982995422576,0.8184147371770272,0.738519311098468,0.7804416293587942,0.1592038604997189,0.5369176334341123,0.654022503272018,0.4751996985557735,0.7724528705867605,0.8227566930128318,0.6968540084831175
0.5045685279187818,0.8513087767938466,0.8485267460963475,0.8448308540011736,0.8448660816896978,0.8332558485111946,0.19579546573752776,0.8544750341081202,0.8310726320750783,0.8244685918755372,0.7626240037714687,0.7206316656739078,0.8116743934180222,0.8033703204644037,0.39735598771000147,0.8203846116689839,0.8219767164664202,0.8054658604069214,0.7229416501178557,0.17910481752711385,0.3973559877100017,0.6863071960993934,0.5198396816463778,0.7767069770575245,0.8352213412516245,0.6926950355010301
0.5055837563451777,0.8458864984091264,0.8365663220971393,0.8272500926374432,0.8207646147162395,0.8096788915741978,0.22553124067732738,0.8454319469075187,0.8562879229611089,0.8310726320750783,0.787572800384672,0.7281017853887126,0.8222363355466262,0.8047282991337569,0.3371325266555046,0.8240976922453844,0.8243924089307102,0.8198523452309283,0.5778907525127356,0.23880642336948515,0.33713252665550447,0.691370523054163,0.5566817039407119,0.7798871208261186,0.8424830235691956,0.6916453384194593
0.5065989847715737,0.8167897772031015,0.8127212468216749,0.8084464120529798,0.8184764801388729,0.8074405349809285,0.15616556067355908,0.8214183922488352,0.8473574907395487,0.8562879229611089,0.7976538432488856,0.7524703645614741,0.8300351088624256,0.8063163883162795,0.4240484122893544,0.8267202470381698,0.8266178040752956,0.9185650339611885,0.4568528521717305,0.18159227900056152,0.42404841228935425,0.6911325983173351,0.5861022216153717,0.7841146600861245,0.849792508464968,0.6925973240011226
0.5076142131979696,0.8209137898405957,0.840048517644129,0.8275559099189654,0.8499761829641796,0.8382548717706318,0.14964836127934544,0.8191386038525303,0.8236430868505944,0.8473574907395487,0.8256486984255391,0.7626240037714687,0.8398949290376911,0.8089140474723847,0.5615945561835439,0.8345848740266559,0.8300715186085956,0.9169359598877098,0.34702298390247066,0.2736321492375661,0.5615945561835443,0.7116569339507149,0.6142192671645642,0.7913781343490965,0.8611416368020033,0.695444325775621
0.5086294416243655,0.8432899669146746,0.838610221994442,0.8274030012782042,0.82419675839261,0.8130363688902403,0.1408938632013326,0.8505234086181821,0.8213916990998111,0.8236430868505944,0.8303628129645342,0.787572800384672,0.8446058932878999,0.8110919980686803,0.33082035498889856,0.8363392084916725,0.8323131118441562,0.7923416567872061,0.2517007710130807,0.2595361124747581,0.33082035498889883,0.7059802032602145,0.6354459680319969,0.7980647793401406,0.8661219231101971,0.7035410368748499
0.5096446700507615,0.8040361020657586,0.8032588970286811,0.7946111542596254,0.7995614592994031,0.7889373321757917,0.18559130545250557,0.8248380168658653,0.8523855251604402,0.8213916990998111,0.8367450941442358,0.7976538432488856,0.8458289303113462,0.813044699449975,0.3334789585563611,0.8333019333869232,0.8334379025217618,0.704494975479553,0.20862678015224428,0.22802658015800287,0.3334789585563611,0.6806838673225497,0.6467816799210198,0.8014346690464204,0.868997854379502,0.7072550089900237
0.5106598984771574,0.7948717978597551,0.8012149971313787,0.7924708998294444,0.801925822356917,0.7912499590505909,0.15286371091257633,0.8002925772891283,0.8270201112216007,0.8523855251604402,0.8611136733169973,0.8256486984255391,0.8443718449569024,0.8150622197886445,0.4431132907334799,0.8312461499371246,0.8346173317367616,0.6676612571912774,0.2363378100791529,0.2288553122358809,0.4431132907334804,0.6602121159870329,0.6512813538124591,0.8066033465359815,0.8702149957021137,0.7161501669978328
0.5116751269035533,0.799606663117926,0.7892545731321705,0.7875023604032169,0.7862903718541638,0.7759548869643739,0.1499541092556564,0.8026483161151967,0.8027804484133216,0.8270201112216007,0.8524831187213082,0.8303628129645342,0.8408763607234393,0.8168237010421208,0.3688883310758299,0.8267254650812144,0.8350974919034764,0.6034895444854684,0.30291790559405424,0.15174147607937588,0.36888833107582997,0.6304817156525999,0.6482458474287294,0.8124323419732992,0.8660814398993419,0.7316962185302373
0.5126903553299493,0.7761613191619877,0.7684374035875843,0.7592203268885821,0.7531890562902519,0.7435739653991454,0.13759629562489203,0.7870698973544434,0.8051068404353405,0.8027804484133216,0.8295650278170714,0.8367450941442358,0.833439966614619,0.8160815123585642,0.29523750216517564,0.8170170432199517,0.8341763408782892,0.4672021248722805,0.4512102269800035,0.2305140416314505,0.2952375021651756,0.5809580043659647,0.6347647158664305,0.8181740559006457,0.8526839247591582,0.7563494207577225
0.5137055837563452,0.7708918121976619,0.7747960749267482,0.7679342532500667,0.7677567261741483,0.7578245324872893,0.15763263709770658,0.7540893218797764,0.7897224910670484,0.8051068404353405,0.827389240081704,0.8611136733169973,0.824908877878161,0.814927718103042,0.4957213172847639,0.8117186092308879,0.833899734328122,0.4768528238743581,0.45203636432563904,0.20563816165716026,0.4957213172847644,0.5516390920874703,0.6174364012281873,0.822944271553537,0.8426101628346796,0.7757728114721106
0.5147208121827412,0.7660805029640686,0.7836528204721263,0.7689279844623361,0.7886547349116777,0.778267859282343,0.1329492689597289,0.7686038548495682,0.7571527737381074,0.7897224910670484,0.8573423152867043,0.8524831187213082,0.8193447897785309,0.8142454870786914,0.5218060376134929,0.8111776461392897,0.8345067835454167,0.4556723779520718,0.40683084459243246,0.2918731116295779,0.5218060376134932,0.5431518488885567,0.601679562369655,0.8270465777998005,0.8367666537537441,0.7896525893112835
0.5157360406091371,0.790747785222261,0.785393975999221,0.7557041279617885,0.7496805677543752,0.7401418723584033,0.14639675581699083,0.7894256361805119,0.7714864907574124,0.7571527737381074,0.8328286540875423,0.8295650278170714,0.8123085253507105,0.8125358604965779,0.27102966728038835,0.8036591199548531,0.8334622650069021,0.3750602311556642,0.4609942358938505,0.45439569616024966,0.2710296672803886,0.5069365905684564,0.5809915519633525,0.8288188041629113,0.8319095283678366,0.7979849631459534
0.516751269035533,0.7395803132524955,0.7500426510334601,0.7444678505208983,0.7480027265356226,0.7385003264150086,0.12839587939655453,0.7505936308781282,0.7920488830890673,0.7714864907574124,0.8094029420886444,0.827389240081704,0.8053326708971849,0.8112670122208131,0.4261443476442365,0.7972029795711859,0.8323886326909582,0.35512974479942905,0.49008340297226377,0.18905466342090455,0.4261443476442366,0.476909695674137,0.5577397263384528,0.829232454707911,0.8309524454451158,0.7997529277704581
0.517766497461929,0.7479809934174281,0.759277913671998,0.7470667142382438,0.7657736218967297,0.755884638792819,0.12468436731437085,0.7489219097393496,0.7537006305855278,0.7920488830890673,0.8116512155046316,0.8573423152867043,0.7969978684978769,0.8104583824987027,0.5097497249680135,0.7951470618878669,0.8320993076982981,0.3335750074223197,0.3560092067462981,0.2620235739482058,0.5097497249680141,0.4664136525032612,0.5367957537162202,0.8299990241269376,0.829752096973031,0.8024551215193784
0.5187817258883249,0.7765430729172978,0.7673019678153048,0.7638066530304662,0.7644770394580724,0.7546162866206464,0.12527245399149556,0.7666279841271717,0.7520497350459803,0.7537006305855278,0.7967834617556417,0.8328286540875423,0.7910865036848413,0.8097405003059907,0.4278514612673856,0.7932295475560793,0.8317671768248516,0.3448340680319476,0.26411761003494577,0.16832497431563156,0.4278514612673854,0.4572800551121873,0.518002134821212,0.8293956276442523,0.8302484436460644,0.8007772913068126
0.5197969543147208,0.7776886837745799,0.7873621031735718,0.7623543125310323,0.7582991575647338,0.748572758363136,0.1803641855213631,0.765336131092065,0.7695352346019093,0.7520497350459803,0.7653074126014972,0.8094029420886444,0.787002148920102,0.8083776603384688,0.40713100756115417,0.7905390523785851,0.8311900505328611,0.37359122830438163,0.23001717805943606,0.40381393889397743,0.4071310075611542,0.44571883519019917,0.5003870009071097,0.827957350193869,0.8310884516293773,0.7971215748260599
0.5208121827411168,0.7589782050768122,0.7596563152579581,0.7286451303030052,0.7229859359036024,0.714028095929338,0.1736685617712257,0.7591807835904398,0.7682594749288774,0.7695352346019093,0.7791598134960036,0.8116512155046316,0.7791882731107291,0.8060295568882091,0.2827594022579027,0.7819264778052111,0.8291606946749888,0.3235717454321795,0.24589880274789555,0.4660030062097964,0.28275940225790297,0.41090488111965007,0.47852509823399975,0.8232971846369771,0.8333166904981333,0.7857708983446919
0.5218274111675127,0.7181968590848539,0.7240779031377413,0.7054080322174191,0.7312994954140131,0.7221607493307184,0.2055394339237514,0.7239963701492313,0.7621808081589987,0.7682594749288774,0.7990317351716292,0.7967834617556417,0.7737449934398615,0.8045322177077691,0.46981488427768514,0.7763891867340256,0.8275581384526611,0.25289240429900073,0.24027948558344314,0.32835756689322854,0.46981488427768553,0.3904372609608052,0.45646760247379214,0.818804002222329,0.8323876010594526,0.7779090713383469
0.5228426395939086,0.7268266381151526,0.7177948890143295,0.6921077797140504,0.6849270924048618,0.6767974977017953,0.20433128692492042,0.7322796051876346,0.7274347073505101,0.7621808081589987,0.7619711899852455,0.7653074126014972,0.7669880733039327,0.8026135478863409,0.23130107712043343,0.7634395757537318,0.8240816772444683,0.23070539418707034,0.4141792707239264,0.40381393889397743,0.23130107712043346,0.3411210271984487,0.427815184347116,0.8116695538072424,0.8352729542050943,0.761058579043102
0.5238578680203047,0.6784084690602333,0.6984916723351824,0.6818651168503106,0.683172906326603,0.6750815663291475,0.18274907683238245,0.6860763497782825,0.7356147533287007,0.7274347073505101,0.7603757303554812,0.7791598134960036,0.7586155319504311,0.8006187144300211,0.4254087552367555,0.7525259598144862,0.820668284005174,0.2555886286408865,0.5063043815114731,0.30348168691893823,0.42540875523675564,0.302663179626591,0.3963102083444679,0.8031727309493156,0.8303513136662986,0.749360953557023
0.5248730964467005,0.7039158193349188,0.7342972871170546,0.7090005105119151,0.7370960021478972,0.7278310838170067,0.3030887397102674,0.6843285622548858,0.6899870786534865,0.7356147533287007,0.7772740791482766,0.7990317351716292,0.7535119835060955,0.7991359591440877,0.6777627812294894,0.7533865970584392,0.8196408554636525,0.3984267029736307,0.4292614649440722,0.4013277426603433,0.6777627812294897,0.31420368315318703,0.3736818428450436,0.7978105088973398,0.820181323853937,0.7490534287882987
0.5258883248730966,0.7236954649145461,0.7470146297953824,0.6961589839308299,0.6914100045981484,0.6831392585626582,0.30745885177503685,0.7380549686307329,0.6882610643323657,0.6899870786534865,0.7760411585867726,0.7619711899852455,0.7477440635824426,0.796721414655274,0.23521626300073398,0.7457962744281579,0.8167456357359537,0.35846330580094776,0.46823542940585067,0.6799335496049913,0.23521626300073403,0.2913399085867039,0.35047640189427576,0.7913743241431946,0.8163878840411452,0.740258183434228
0.5269035532994925,0.6845180440410524,0.6866826782746782,0.6657366959860141,0.6937744840350211,0.6854524611760741,0.28264416331109926,0.6925356149538162,0.7413181697217259,0.6882610643323657,0.7701666091668933,0.7603757303554812,0.7423762733397892,0.7949518304139548,0.44399214629397693,0.7400152914048015,0.8140627068731248,0.4083276838958697,0.4841922365108217,0.3490872559985015,0.4439921462939773,0.2772110641786083,0.3287587666288721,0.7851696354552354,0.8109139062898176,0.7335990075533966
0.5279187817258884,0.6955151391699862,0.7054560634291616,0.6890503067095403,0.7053674975027897,0.6967931301486506,0.18532780836367735,0.6948914697347393,0.6963658770186454,0.7413181697217259,0.7365872579580008,0.7772740791482766,0.7363969645854129,0.7936845992739999,0.48543289199336415,0.7373901553829783,0.8119691748434057,0.40153879508893664,0.4295209063047542,0.30182422276318216,0.48543289199336476,0.27689135859590575,0.311313306365985,0.7779744669503487,0.7950452925915188,0.7354119754195317
0.5289340101522844,0.7071233199804975,0.7491341869084369,0.7115229782264395,0.7552483890478177,0.7455884748183156,0.24039670157598664,0.7064421966209362,0.6986923835510019,0.6963658770186454,0.7444926237520082,0.7760411585867726,0.7354834653211784,0.7939600835518689,0.6553154279294132,0.7442983974179707,0.8120410249838639,0.46232710241293806,0.40406483596520754,0.53648445526365,0.6553154279294133,0.3156254105274968,0.30600162308302203,0.7745438629448554,0.7839199160398456,0.7398410954935429
0.5299492385786803,0.7390457880767908,0.7309665215087688,0.6785782225670994,0.6846982905850609,0.6765736505276961,0.30396944233110706,0.7561411430319362,0.7100992163370523,0.6986923835510019,0.700397094264861,0.7701666091668933,0.7281980731084412,0.7934253184991323,0.13177131552756027,0.7371419354947202,0.8091635220872206,0.41781059045708624,0.35927415328610046,0.6948595836854908,0.13177131552756038,0.2957177515252708,0.29730927524368167,0.7688287162282664,0.7781620158304281,0.7344242129129114
0.5309644670050762,0.6791720931013042,0.6958422836974638,0.6726924645665425,0.688588037901033,0.6821029290529393,0.2628584723734864,0.6858483825341375,0.7591790341648461,0.7100992163370523,0.6987290382893157,0.7365872579580008,0.7247931923165931,0.7925405251421306,0.4509565806311686,0.7319928480574593,0.8065613183182163,0.4271540652452669,0.3629788825641768,0.3739644012126054,0.4509565806311693,0.284979695347383,0.2879588722669208,0.7631894667286344,0.769683928000604,0.7318801410598407
0.5319796954314722,0.670924184356766,0.6685150128750099,0.6521307428362418,0.6487748919446745,0.6430990558865445,0.30697439396383264,0.6897239416394576,0.689761951329442,0.7591790341648461,0.750004523438466,0.7444926237520082,0.7166244827871144,0.7904679059697394,0.25370373529884993,0.7205517182728867,0.8023983597770168,0.3478074274285069,0.42608592727898725,0.29767803189416486,0.2537037352988498,0.2493245040303579,0.27252100659764966,0.7563472286789475,0.7675765985795266,0.7206016694629708
0.5329949238578681,0.675430067280021,0.6754036312460372,0.6631377156335497,0.6674611109643436,0.661405471232558,0.26069482726381255,0.6500560177902575,0.6935892303485371,0.689761951329442,0.7065616970723807,0.700397094264861,0.7148956101474795,0.7887485567912883,0.5205584114841255,0.7145833536651154,0.7991790872362665,0.3835267681297111,0.44784905919678025,0.25373245744998474,0.5205584114841262,0.23768729041467643,0.2575735149538753,0.7520817379151697,0.7664844347722588,0.7133487130497543
0.5340101522842641,0.660003416672804,0.6656384215756359,0.6087139030344609,0.6063685811110013,0.601554448205489,0.3386965315732603,0.6686740771095143,0.6544154728200551,0.6935892303485371,0.7088100811535294,0.6987290382893157,0.7072931231688298,0.7860423245216045,0.15274515546903122,0.6986085467069201,0.7935345220564991,0.3323801232876118,0.6326902357762147,0.7371476939739149,0.1527451554690315,0.1861765436674317,0.2341193276236074,0.7440516884425848,0.770488053046527,0.6936257434395473
0.53502538071066,0.5780590874640271,0.5956170331074819,0.5551309130068801,0.5763180340640055,0.5721148600842892,0.45263746882926503,0.6078043878708437,0.6728015961825,0.6544154728200551,0.7198338805264453,0.750004523438466,0.6913784932911464,0.7821531277347008,0.2877769552573026,0.6800824499445928,0.7868562467946525,0.336733522166497,0.7826629715896993,0.551409224104336,0.28777695525730296,0.12690120327596072,0.2021268778823525,0.7334866360220048,0.7717201489388215,0.6717179527041225
0.5360406091370559,0.5919582569282015,0.6099998740971524,0.5880756686662202,0.6110210787458819,0.6061125708324023,0.256767207601734,0.5778634529546802,0.6126901959455093,0.6728015961825,0.7672656326298442,0.7065616970723807,0.6834211841122182,0.7790547350857263,0.6061032572599565,0.6712252146139399,0.7818892425172745,0.37815424633612593,0.8303544710594266,0.3515759827117627,0.6061032572599572,0.10996307654115,0.17275265856110433,0.726587476507247,0.7701448270557583,0.659795285766141
0.5370558375634519,0.5992897702112744,0.6056093299323393,0.5962544731026004,0.5990465737393,0.594381320782385,0.17869698833961148,0.6124399150932172,0.5831222526107211,0.6126901959455093,0.7001795265578403,0.7088100811535294,0.6740445285330396,0.776197795154754,0.3755816828108513,0.6618043651732171,0.7766169057338177,0.4107432696842196,0.8711096438880281,0.21476054071288642,0.37558168281085147,0.09197117267002491,0.14523784107176485,0.7191759948539177,0.7680888981226792,0.6473514326446007
0.5380710659898478,0.6245680216205937,0.6226415595597281,0.615363970968586,0.62726670622789,0.6220280588517711,0.1549808229502253,0.600509088193639,0.6172679757183117,0.5831222526107211,0.7038782882423522,0.7198338805264453,0.6663137106784087,0.7745675738972063,0.5709542635155839,0.6592198783330618,0.7727299452978893,0.4529710550381504,0.8286313367190739,0.19403085160761346,0.5709542635155842,0.10299560439988487,0.12568642522335144,0.7122844267980312,0.7585516640865155,0.6434175523177236
0.5390862944162437,0.6092178149887991,0.6043981214371081,0.5635390220868425,0.5630470629981252,0.5591135306462499,0.24464006097830787,0.6286262851566422,0.6054857780450702,0.6172679757183117,0.6660199579085058,0.7672656326298442,0.6472886352745151,0.7718743059135343,0.12796616904813762,0.6454459583704164,0.7663132717054089,0.31574138920987105,0.6640798985093842,0.556385412291045,0.12796616904813768,0.06846892619287631,0.10233961137254466,0.7022620507703367,0.7534928320606693,0.6288721027258394
0.5401015228426397,0.5559883367002866,0.5612498294824966,0.5383145782118367,0.5365812329671533,0.5331854874948708,0.31987147736794097,0.56464088897485,0.6332527027875021,0.6054857780450702,0.683788688194545,0.7001795265578403,0.6326272474074253,0.7677258308244476,0.2999708781550464,0.6293714074196075,0.7590428830329512,0.3306013069840401,0.7202189328906456,0.35737963773653614,0.2999708781550466,0.02648472647644845,0.07429210576942602,0.691230224964415,0.7498308060274577,0.6109524337782358
0.5411167512690356,0.5499550891644395,0.5539826940183095,0.5078157776290809,0.5384116475255594,0.5349787981375776,0.32366977505684597,0.5382715954900981,0.5700644097747856,0.6332527027875021,0.6256957864516517,0.7038782882423522,0.6177620161964856,0.7643341258407389,0.44280582084722986,0.6165518213723136,0.7521340551787965,0.3297236317827119,0.667443337335692,0.6086233684732596,0.44280582084723047,0.0,0.04594322689196184,0.6820465227385614,0.7483821463143403,0.594432489948855
0.5421319796954316,0.5400270443869147,0.5733615679132087,0.5463404740074557,0.5805129280592844,0.5762243671812178,0.2674309890276158,0.5400953334432583,0.5440236138638124,0.5700644097747856,0.597120713834556,0.6660199579085058,0.6110050960605566,0.7624511071876722,0.6505029397383997,0.6137067294392469,0.747254528011007,0.376752178869989,0.6049749353387213,0.4029852068160994,0.6505029397384002,0.01565367015321628,0.02675771766109275,0.674543966741118,0.7391172252867719,0.589030296210025
0.5431472081218275,0.5630906345875429,0.563596473750007,0.5438945189308712,0.5595385744622488,0.5556763711056824,0.22862411983265218,0.5820430456887635,0.5458246324561686,0.5440236138638124,0.6301198476030063,0.683788688194545,0.6003223685428445,0.7607884764514373,0.32933716148710446,0.6075709469628618,0.741690357843585,0.2811384720539889,0.44439748268475493,0.3225539118684551,0.3293371614871045,0.01763549860328334,0.011851615733134535,0.6683051193835298,0.7366542047162961,0.5792887756358579
0.5441624365482234,0.5449146810654798,0.5622338353160721,0.5516147140800866,0.5607589284207588,0.5568718347690048,0.19536581988846335,0.5611451979732018,0.5872497777354342,0.5458246324561686,0.6187332878315077,0.6256957864516517,0.5958076906297851,0.7584274111878505,0.4395184635653241,0.6027723215705287,0.7363953586929137,0.34152661939013207,0.427421376645926,0.22388038928898557,0.43951846356532437,0.02524811742862354,0.0016257222370814617,0.6622142736257127,0.7330633747681856,0.5709663784883847
0.5451776649746194,0.5369723151617304,0.5815370519952192,0.5424421784314374,0.5856230293337665,0.581230644747223,0.1899953895146429,0.5623611005785449,0.566612266622206,0.5872497777354342,0.6455678187924383,0.597120713834556,0.5967287469007201,0.755865403200107,0.5589209717758955,0.6033603530988032,0.7323464594507623,0.37939870997281744,0.4304796190783236,0.5348257258680803,0.5589209717758961,0.05461893017135089,0.0,0.654677564749227,0.7177871446632362,0.5715177377582976
0.5461928934010153,0.5980678319090206,0.6219601825891607,0.6045097901769204,0.6303174747448061,0.6250166028623537,0.19107164522957504,0.587134507399427,0.5678130220240021,0.566612266622206,0.5845013441667148,0.6301198476030063,0.5986388033839307,0.7540860963624502,0.6539535008054854,0.6119559298184369,0.7303230107496204,0.49514639417128714,0.48039320105438793,0.3043116842366298,0.6539535008054858,0.11532365565891517,0.012247532962287089,0.6516378369121189,0.7109924142784061,0.5723745457504857
0.5472081218274112,0.6261718302086082,0.6293787479920516,0.6165870068244376,0.6242158213316149,0.6190391693980187,0.22744138046210477,0.6316659257151456,0.5922778121563257,0.5678130220240021,0.5593349798464908,0.6187332878315077,0.6011301849115445,0.7516326614882857,0.4044107268350001,0.6178808941855598,0.7281240765130985,0.4598415659752739,0.5247277663153611,0.2545611895278628,0.40441072683500007,0.1624322154138667,0.03255927107035356,0.6481768670711391,0.7029346467792967,0.5736720056053684
0.5482233502538072,0.6325103875243433,0.6375542320740621,0.62300777011498,0.6232243855722646,0.6180676680565188,0.14341978112327408,0.625586528643284,0.6362544767816547,0.5922778121563257,0.5610755215026557,0.6455678187924383,0.6007300552305446,0.7489312905167708,0.4286209861264714,0.6225485930726131,0.7259699675293767,0.5477031576252428,0.5151236413138435,0.27446214655525775,0.42862098612647154,0.20211960064571,0.05766611188308418,0.6440897437426188,0.6917987856130281,0.5768269403932131
0.5492385786802031,0.616701983161816,0.6339963793113206,0.6167399154651986,0.642291979751388,0.6367476226169243,0.13788577129994276,0.6245987092369405,0.6302508142830117,0.6362544767816547,0.6011096395718696,0.5845013441667148,0.6085741245072378,0.7460775922754724,0.5243430031189742,0.6298294194217426,0.7246966943225006,0.6318783461319737,0.5888137900672867,0.30348295215875176,0.5243430031189745,0.2503306200480522,0.08851134376257702,0.6384694699948726,0.6661118449692389,0.5915548320315479
0.5502538071065991,0.6095995687441095,0.6090157527563771,0.5983948441679,0.597826336160149,0.5931858571190628,0.18419674068660546,0.6435967526147239,0.6292753007155978,0.6302508142830117,0.5811651215504632,0.5593349798464908,0.6146364796965291,0.742053893802966,0.22465663637675376,0.6277135390567696,0.7216162391618035,0.49834653331256284,0.5148308278966763,0.2288553122358809,0.224656636376754,0.2578250143418793,0.11486013190288641,0.6341470577660236,0.6545753601728523,0.5946505787910764
0.551269035532995,0.6105924081809969,0.613557726859894,0.6017580178188137,0.6036228428940333,0.5988645973891521,0.13574553546576607,0.5992933015431503,0.6480366744548962,0.6292753007155978,0.5823255564313474,0.5610755215026557,0.6210914190799468,0.7375278397564103,0.4616440412080138,0.6270347438022532,0.7188986781325353,0.527734319725664,0.4137488624614811,0.24212388216062442,0.46164404120801417,0.27039354964515816,0.138744214359789,0.6299195185060175,0.640435748311345,0.6005390310102202
0.5522842639593909,0.5901254660052709,0.616812719745228,0.5956430718097933,0.6232243855722646,0.6180676680565188,0.12492531156461031,0.6050686649862489,0.6042851371536118,0.6480366744548962,0.6059688361372657,0.6011096395718696,0.6253192187340684,0.7333129236287698,0.5285361629384437,0.6300381063953626,0.7171063494774632,0.5131040932166577,0.41082037563495466,0.34411233305160616,0.5285361629384441,0.29697325500858174,0.1637835521553977,0.6286482241978776,0.6364449206124583,0.6020481977244608
0.5532994923857869,0.6224296878568746,0.6233984782388478,0.6213262416070827,0.6175041073185275,0.612463773806576,0.08536363597434685,0.6245987092369405,0.609988553546637,0.6042851371536118,0.6484687953294874,0.5811651215504632,0.6310569451904013,0.7288338654280929,0.4060497665922396,0.6314568630663535,0.7151453999462072,0.6345795029896022,0.3312222481457138,0.13764417407675433,0.4060497665922397,0.3155568081917731,0.18796250901122946,0.6261625570466686,0.6269424810439763,0.6067009957948689
0.5543147208121828,0.6109742784667577,0.6088643228176733,0.5836422511650975,0.5769282110432605,0.5727125919159505,0.12967796544848031,0.6188992962236053,0.6292753007155978,0.609988553546637,0.6426667315902279,0.5823255564313474,0.6326574639144003,0.7229482131036894,0.23872947568393316,0.6252509434646654,0.7115666920369161,0.6006012604262405,0.2734523538251764,0.3872304406577218,0.23872947568393357,0.3019635281944629,0.2042719195220159,0.6246977181761141,0.6257944344823461,0.6049843593084793
0.5553299492385787,0.5590430659254709,0.5544368683272212,0.5418306605035116,0.5349032753690417,0.5315417537447334,0.19238313561535703,0.578471404257352,0.6236468885938082,0.6292753007155978,0.6417239750815256,0.6059688361372657,0.6276369619049793,0.7163625066434395,0.2242614210893047,0.6125435733166236,0.7063731479079955,0.5139435764544644,0.454309103313622,0.24461007839425852,0.224261421089305,0.2622469604824334,0.20845548464396124,0.6226370800723328,0.6285999279771592,0.5981423466074302
0.5563451776649747,0.5024533155709853,0.5123483549291368,0.4988725466240139,0.4948613275928826,0.49231368796106956,0.2802227306919867,0.5365997583964648,0.5837226303116192,0.6236468885938082,0.659855355100986,0.6484687953294874,0.6142288160484832,0.7094381165564411,0.22612253289972806,0.5948768541319005,0.6997109142553355,0.36971202025827987,0.703004548958169,0.24958500134115386,0.22612253289972836,0.20397816607869146,0.1987978782973993,0.616857420431801,0.6345190117851438,0.5809046125592473
0.5573604060913706,0.5044389944447604,0.5024318308272313,0.4991782472704175,0.5015730416059698,0.4988889684047889,0.17338850690216778,0.49670386730311966,0.5423726038139269,0.5837226303116192,0.617572963615785,0.6426667315902279,0.6020890031763275,0.7027049441245766,0.469465511353686,0.5816408049356359,0.693590260404265,0.41350393223529436,0.818064406526483,0.1376454393165679,0.4694655113536864,0.16631128914623244,0.18266528093857048,0.6120075147278102,0.6376836469850176,0.5682448401133418
0.5583756345177666,0.5132977558099753,0.5285478931544543,0.5043760913402274,0.5219372182237505,0.5188392326486632,0.19265462611533063,0.5033910997227982,0.5029737189614003,0.5423726038139269,0.6230848633022428,0.6417239750815256,0.5920630786114052,0.6957351778001942,0.5422062392288263,0.5745085099893046,0.688560145068082,0.45295194729153054,0.8321001202526573,0.3673294836303268,0.5422062392288269,0.155281204787037,0.16729750335182964,0.6067667270648484,0.6335084533607418,0.5621710937708312
0.5593908629441625,0.49642018456558856,0.49107701107563884,0.4805273586915966,0.48098006316838837,0.47871451154364564,0.24001815646245878,0.5236809961356883,0.5095776446506036,0.5029737189614003,0.6417239750815256,0.659855355100986,0.5760955957661269,0.6884429338247492,0.21872544236903893,0.5612370563315696,0.6820167074673802,0.3478035944569263,0.841959489072841,0.2155892727907645,0.21872544236903882,0.12003174411770268,0.1471362891618226,0.6026833907798842,0.6387995131216018,0.5488817199074767
0.5604060913705584,0.4810699779337939,0.49630024664252326,0.48641311669215337,0.4924206196758625,0.48992253033897826,0.3153743271617538,0.48287323606576305,0.5296147780629339,0.5095776446506036,0.6362845610756875,0.617572963615785,0.5656619960333318,0.681917185023705,0.49577402699150114,0.5524556742401652,0.676207691811628,0.2682201649506233,0.8597241511341537,0.20895562044829952,0.49577402699150147,0.1048433526491559,0.12761756506639949,0.6004861295787592,0.6416728873463404,0.5417043781120627
0.5614213197969544,0.5066536556534514,0.5264283360413995,0.5132429263424733,0.5252931334199737,0.5221269304443844,0.1625865536550586,0.49427206209243313,0.4893153839142289,0.5296147780629339,0.5977009312749981,0.6230848633022428,0.5579085186784265,0.6760396356871446,0.610673183527848,0.5512390468713855,0.6719994061307093,0.35402705507717214,0.7951111329971866,0.24792627194558425,0.6106731835278487,0.12134793995632925,0.11568608777375178,0.5998334030898748,0.6419981743364449,0.5401013362048857
0.5624365482233503,0.5171162256066809,0.5317272288240362,0.5177527398464173,0.5213271576238545,0.5182416159647253,0.14091498864507399,0.5270246703229551,0.5005722081578079,0.4893153839142289,0.5577394095515653,0.6417239750815256,0.5478222071788639,0.6704100249206194,0.41263309049842956,0.5495235852944407,0.6677905116901741,0.3505594244418072,0.6301191525432615,0.2570473857614969,0.41263309049842933,0.13533281862427177,0.10926205809910944,0.5968885482216092,0.6410111673835912,0.5353273020468257
0.5634517766497462,0.53261932018932,0.538010242947448,0.5309000837090249,0.5435980936595477,0.5400598065760059,0.13813042677678541,0.5230731607878714,0.5329167981627043,0.5005722081578079,0.5196635115106982,0.6362845610756875,0.540506609978979,0.665956895291966,0.5501208315809352,0.5521634056717071,0.6646768208987248,0.3574495141580045,0.4038368611678774,0.18324974315631762,0.5501208315809354,0.166529585196533,0.11108534420074856,0.5960954115918252,0.640662488954661,0.5341244865562662
0.5644670050761422,0.5561409915902306,0.5631422994410953,0.5625454075096922,0.5694537467112646,0.5653898876002771,0.18575688325480283,0.54526286153854,0.5290145148723735,0.5329167981627043,0.5260456820252388,0.5977009312749981,0.5397667490714473,0.6617435987728201,0.566053543138344,0.5590174586448513,0.6627651008344706,0.4705801252716193,0.37640141990087345,0.11525702081572525,0.5660535431383447,0.2134990673410851,0.12302664541020669,0.5965280320981242,0.6410812621114281,0.534551638765906
0.5654822335025381,0.5775244457578722,0.5751027234403032,0.5717179431583413,0.5694537467112646,0.5653898876002771,0.13177595039517426,0.5710242037206201,0.5509277856586337,0.5290145148723735,0.5454099826062031,0.5577394095515653,0.5431867323568689,0.6570862872030206,0.43334820579071687,0.5646253201683329,0.6609283501845007,0.45936526917157183,0.447541421479056,0.14676655313248055,0.43334820579071714,0.25322655038099406,0.14144608575274847,0.5957235111753262,0.639911588635254,0.5341487807700491
0.5664974619289341,0.5731714507854618,0.5745727764084398,0.54381812292805,0.5372676384265556,0.5338579501989552,0.12285615999383365,0.5710242037206201,0.5763682038687088,0.5509277856586337,0.5064638137372537,0.5196635115106982,0.5473843270238432,0.6525731999151619,0.2721047585188524,0.5633700504373476,0.6578193713588572,0.37328394702345924,0.4262717547172891,0.4436145877089538,0.2721047585188527,0.26309542710878897,0.1583841788311699,0.5910937114539206,0.6314986702651588,0.5335147458060508
0.56751269035533,0.5375069568678853,0.5537556068638536,0.5388495835018224,0.55091998465189,0.5472327037036632,0.12045528186052354,0.5389554972225332,0.5763682038687088,0.5763682038687088,0.51734264174893,0.5260456820252388,0.5522689411505821,0.648385829495355,0.5038426668165191,0.5648216510604034,0.6554025055477628,0.4090732452699881,0.4182924583097106,0.26948595836854883,0.5038426668165196,0.2832566347432742,0.17643424161641857,0.5874467942999849,0.6235561790068282,0.5343328912268995
0.5685279187817259,0.5359031482798707,0.5363448601433052,0.5166826126313268,0.5317761619926193,0.5284781334185581,0.21386999573208937,0.5525580452608903,0.544698995835946,0.5763682038687088,0.5486011231960541,0.5454099826062031,0.5532428503891114,0.6434141407896513,0.33576912834216976,0.5625336847170006,0.6522808741795021,0.43961976527420066,0.41520238685596245,0.31923645307731585,0.33576912834217,0.2870701175425255,0.19172538682775037,0.5828966846296789,0.6145467749607356,0.5344521809503632
0.5695431472081219,0.5266624000984449,0.5414166657714858,0.531129388352607,0.5486318500745233,0.5449913532695879,0.13418453646066028,0.5334840514533432,0.5581320890487349,0.544698995835946,0.5448298758309225,0.5064638137372537,0.5599393720705728,0.6388281290838901,0.520841604565628,0.5637219316103956,0.6499856400543367,0.5466709777697188,0.3142719078508511,0.21807546902439862,0.5208416045656283,0.30457579053753187,0.20786522778098915,0.5782365190727871,0.6000194569854305,0.5398823556866498
0.5705583756345178,0.5398743894969708,0.5608713123893367,0.5408369292912422,0.5686909963923561,0.5646425788760466,0.14075683329598315,0.5502782568645852,0.5392957110382011,0.5581320890487349,0.5660073144138329,0.51734264174893,0.5674890060816278,0.6347995693132146,0.5358136173028742,0.5683359539617292,0.648618188348248,0.6738954792849442,0.2293492566783295,0.32587137065959443,0.5358136173028749,0.3349714896436116,0.22756082775039452,0.5767868573293894,0.5959192818147521,0.5411520031791879
0.5715736040609137,0.5672146472250371,0.5798716691910764,0.5725587657298495,0.5790637722809737,0.5748047109006261,0.14278516137412445,0.570264235603567,0.5558807012979516,0.5392957110382011,0.5905934612936148,0.5486011231960541,0.5728115003633871,0.6317416891307704,0.4853496378053027,0.573994283196366,0.647737582731303,0.6793343942314571,0.2447850410165165,0.18988339549878258,0.48534963780530305,0.3679777234692514,0.25068365536661785,0.5755648930274487,0.5917794499795139,0.5429069285791953
0.5725888324873097,0.5820302121506767,0.5982665372524001,0.589375100524893,0.6052245720119975,0.600433830562313,0.12048754098407455,0.5805991758392752,0.5756177031150016,0.5558807012979516,0.5905934612936148,0.5448298758309225,0.5811160977755478,0.6290630050416054,0.5632511126059677,0.5833734258667476,0.6479841203704981,0.6876506111014261,0.29856746826707037,0.20895562044829952,0.5632511126059683,0.4142941694009009,0.27951884484175465,0.5746692919699504,0.5874852275024807,0.5454551096209361
0.5736040609137056,0.5970749924721329,0.6058364170867951,0.6025224443875007,0.610487130246774,0.6055894547254409,0.11561755524374906,0.6066645516501186,0.5858238950095935,0.5756177031150016,0.5599876829675525,0.5660073144138329,0.5877371185089675,0.6274813967657461,0.45886728647069724,0.5920027089177111,0.6484407813965427,0.8193935700601603,0.36720165376825753,0.14925401460592821,0.4588672864706981,0.45510201889641816,0.31169451251840796,0.5743201543488933,0.5857583628032168,0.5465013840815399
0.5746192893401016,0.6002061656727397,0.5989477987157679,0.5931970000980901,0.5939364724648182,0.5893751583641033,0.11160314997494922,0.611907914220309,0.6115645593252865,0.5858238950095935,0.5729697023688154,0.5905934612936148,0.590160544575413,0.6255854113539826,0.3534677305917725,0.5960581915607408,0.6481882934563346,0.7498073740838459,0.3899456517257295,0.17495862665809656,0.3534677305917724,0.4750453245815348,0.3418860035170736,0.5751664196096059,0.5885645761827412,0.5453469175100465
0.5756345177664975,0.6008934622688386,0.6126492627348707,0.6029046576718441,0.6014872816563201,0.5967723632567531,0.15284686765337713,0.5954176264829756,0.6167426022886493,0.6115645593252865,0.5547658366687351,0.5905934612936148,0.5933313885560907,0.6227041649321662,0.47033748814462184,0.6007471941245635,0.6482610676760312,0.7123582769504333,0.4200687916689835,0.21973419841996822,0.4703374881446224,0.4961853437653129,0.37075723628570983,0.5784793820602278,0.5957973736603683,0.5445860502338288
0.5766497461928934,0.5797392234970137,0.5975095030660809,0.5805082655226473,0.5986653149592047,0.5940078967157164,0.1345670782797608,0.6029408934043254,0.6004577436241787,0.6167426022886493,0.570793914633448,0.5599876829675525,0.5994088462389555,0.620733640439375,0.4196180163854697,0.6040713111309439,0.6482131281447703,0.7162662785399385,0.3883667688225983,0.29684929981628677,0.4196180163854697,0.5103738375497088,0.397020817582805,0.5836442667156466,0.5999590462705437,0.5505248099889243
0.5776649746192895,0.5880634596865238,0.6164342026520684,0.5891457958813108,0.6213938546344995,0.6162744725615353,0.1544224260859263,0.6001292200899668,0.6078872888486626,0.6004577436241787,0.5898681618267718,0.5729697023688154,0.6063847122123083,0.6191957863197205,0.5442144225469029,0.6109175028954092,0.6491163294445279,0.7170151831278371,0.4059795066477857,0.4104475912364424,0.5442144225469031,0.5377935670374646,0.4241512314514002,0.5896060866255785,0.6076171353218096,0.5545213285616719
0.5786802030456853,0.631593992062878,0.6308927008574907,0.6269825783289383,0.6343597954004316,0.6289768785098825,0.14905313762798378,0.6227748553289256,0.6051106421785544,0.6078872888486626,0.5997316369839649,0.5547658366687351,0.616538967653212,0.6176871024617633,0.4953245815749546,0.6188729522862073,0.6505256355353739,0.6946489822472708,0.3488509204482718,0.15837512842184087,0.49532458157495507,0.5680688689632578,0.4526124194506613,0.595199798953154,0.6177798998561206,0.5552890727607884
0.5796954314720812,0.6389255053459509,0.6362673663630789,0.615516879609347,0.610716048445934,0.6058135321949868,0.1637867072427442,0.6356935016348473,0.6274741676129036,0.6051106421785544,0.6246079479165485,0.570793914633448,0.6226843807972451,0.6146162579933073,0.3216119839599436,0.6210893370268407,0.6508921901027807,0.6196393507771696,0.24585275434753556,0.34162613681797205,0.32161198395994367,0.5732428250694002,0.4765360959408111,0.6016549594591848,0.6169764275773657,0.5687253017588959
0.5807106598984773,0.6173892797579151,0.633693519433913,0.6171221287495422,0.6406902506334236,0.6351786197392101,0.1682444613511434,0.6121359974193086,0.640231878853559,0.6274741676129036,0.6296121158431842,0.5898681618267718,0.6298112371468536,0.6136812295734376,0.577986860426982,0.6283446821612859,0.6524962470061506,0.7720731246197422,0.23645683176070365,0.2960193024985952,0.5779868604269824,0.598225906644117,0.5012507736737157,0.6090322824428852,0.621022425314864,0.5791092397078965
0.5817258883248732,0.6418274631507411,0.6525425618041485,0.6435696084803996,0.6562493562766702,0.6504215299067712,0.11640433528363048,0.642000865950854,0.6169678441230315,0.640231878853559,0.6138740912661118,0.5997316369839649,0.6374514630796966,0.6129941372509179,0.5064736533910691,0.6371056931274846,0.6546872280849942,0.774588345399684,0.26760068902553313,0.2155892727907645,0.5064736533910694,0.6278154972401555,0.5276263353696454,0.61554815724813,0.6307147219462179,0.5821526618141307
0.582741116751269,0.6676403562662153,0.6665468857006591,0.6555704291250956,0.673867911056842,0.6676819433343085,0.11715571593129662,0.6575032183269893,0.6464606686762466,0.6169678441230315,0.6210541575932762,0.6246079479165485,0.6442461336896461,0.6135272826951595,0.5150489849412098,0.6474725139453894,0.6575281299053404,0.865719588574119,0.3706588625672774,0.23880642336948515,0.5150489849412101,0.6621954764873925,0.5563997255518413,0.6231379947555441,0.6417269846905453,0.5859756696474752
0.5837563451776651,0.6744372278431333,0.6719214356990477,0.6668068232011045,0.664257769107774,0.6582672351816826,0.12169140579836335,0.6750575078101391,0.6617698992629655,0.6464606686762466,0.6183707487632477,0.6296121158431842,0.6495686279714055,0.6134592220481109,0.3894467033814667,0.6542096975348461,0.6598562547993498,0.8105646355111582,0.40892824348114254,0.1757873587359746,0.389446703381467,0.6798601465537006,0.5833608475270281,0.6291415532128039,0.6501777353246037,0.5892600045703626
0.584771573604061,0.6638982139144817,0.662534743121806,0.6581692928424411,0.655562950817268,0.649749067202687,0.0844321180969401,0.6654824197366294,0.6791055047867609,0.6617698992629655,0.6399833227601994,0.6138740912661118,0.6556687336347173,0.6145044431900545,0.3933033327993959,0.6581433587045891,0.661729940295211,0.7501609013819451,0.3761415593393405,0.16666624492006193,0.393303332799396,0.6849023699491289,0.6060550710261844,0.633426013937881,0.6568600051878735,0.5909515367139105
0.585786802030457,0.6505335696260118,0.6477735005461758,0.646856502763611,0.6452665197881569,0.6396618963459769,0.08875655352659306,0.6568193165945542,0.6696496991355383,0.6791055047867609,0.6523126390404002,0.6210541575932762,0.6600022277042008,0.6159693753644918,0.3855734916462214,0.6594924494370737,0.6631001159508914,0.6954780673057147,0.3292725437551379,0.12769432818296364,0.3855734916462217,0.6788168258655415,0.622852275077693,0.6371981641055596,0.6610531015128287,0.5941335039785366
0.5868020304568529,0.6529774462305197,0.6798698326266024,0.6572520742681117,0.6848507475453556,0.6784414617473794,0.15579272513942077,0.6465604427434639,0.6610945172908318,0.6696496991355383,0.6298297942153659,0.6183707487632477,0.6685333049208313,0.6175380168816543,0.6186517871968497,0.6677829299699849,0.6660698004040102,0.7183378229318407,0.3110449340346869,0.36650075155244877,0.6186517871968502,0.7008610463163849,0.6412098783759917,0.644541328419631,0.6685550662944146,0.6009894155791627
0.5878172588832488,0.6865799338293491,0.682216476894113,0.6744506223474988,0.6891219864001408,0.6826259300121774,0.16366623511762446,0.6860002833936645,0.6509634441778134,0.6610945172908318,0.6583322704866805,0.6399833227601994,0.6752373836089931,0.6194518278775983,0.45268107764053545,0.6753415113515764,0.6691014155710882,0.7167442260946955,0.32807028898532403,0.20563816165716026,0.452681077640536,0.7186555411777723,0.6598673452062372,0.6514177251389469,0.6761654247313467,0.6068233928651053
0.5888324873096448,0.7191133710767693,0.727560098684731,0.7133575320102169,0.7284774123375386,0.7211817633872039,0.2219273541666369,0.6902559425123658,0.6899119598719132,0.6509634441778134,0.6731274278898893,0.6523126390404002,0.6845536292138765,0.6216022278206911,0.6108483491213881,0.6886709443242451,0.6736578291028332,0.8252122847074517,0.46195445205391444,0.2802658015800311,0.6108483491213885,0.7587864878326329,0.6837497632551657,0.6612048180568993,0.6877596964222203,0.6143631317068995
0.5898477157360407,0.7173567910683606,0.7272572388073233,0.7239824081583001,0.7208503746658892,0.7137095973266844,0.12498583310613964,0.7294678159184214,0.6941146037781998,0.6899119598719132,0.6898809159866062,0.6298297942153659,0.6954552910491851,0.6249550374736793,0.4000411172939713,0.698192124034358,0.6777170153850849,0.790703343582252,0.43113689612717726,0.16169132197316657,0.4000411172939714,0.7813183612981796,0.7078843723931625,0.6697737452976403,0.6960861417005346,0.622791907336317
0.5908629441624366,0.7104072646014986,0.7183248360461931,0.7143512632224861,0.7094098181584152,0.7025015785313519,0.1023690472282133,0.7218685985673081,0.7328379921482551,0.6941146037781998,0.6807426296310948,0.6583322704866805,0.702257507146008,0.6286270855607407,0.38307823842579597,0.703905100168617,0.6811392013427184,0.7626203916337067,0.4123649271171534,0.16832497431563156,0.38307823842579586,0.7869931731386299,0.728458567025575,0.6767753692401125,0.701757246882569,0.6308131116882983
0.5918781725888326,0.7160585253211348,0.7499668783105085,0.7229122809432095,0.7560873678468734,0.7482304241817589,0.1668887217250923,0.7104697725406379,0.7253334426525355,0.7328379921482551,0.6724747247688274,0.6731274278898893,0.7121399868215481,0.6332519901245376,0.6403727297813124,0.7170538541053597,0.6863766787539545,0.7895977113469907,0.519357285553583,0.42205616652580275,0.6403727297813129,0.8222487225048876,0.7527862737305195,0.6855833782153248,0.7170224044616458,0.6327605385727609
0.5928934010152285,0.755541489035417,0.7545088524140253,0.7510414058170832,0.7536466599298532,0.7458393817073908,0.08971404999022234,0.756977061578753,0.7140766184089566,0.7253334426525355,0.6626838459574154,0.6898809159866062,0.7200368975460083,0.6369305215909472,0.42292194491603874,0.727368804967822,0.6913068283639863,0.768184548306934,0.5874063496771671,0.1666675101598755,0.4229219449160386,0.8440616857780783,0.7771166670599239,0.6929682868673103,0.7305870631430489,0.6336262898386315
0.5939086294416245,0.7341581513982257,0.7443652411576638,0.7401108290225965,0.7501382877733356,0.7441183838349178,0.09320517230796899,0.7545452563680666,0.7600045391897887,0.7140766184089566,0.7003244979190799,0.6807426296310948,0.728537792815146,0.6409801486354775,0.4183321526042918,0.7351713508536444,0.6958971110872496,0.8337409480981712,0.596145794618863,0.17412989458021852,0.41833215260429174,0.8543069015097976,0.7988675140534456,0.6999167879694407,0.7413119484546213,0.6364821333394602
0.5949238578680204,0.7582907919502629,0.7592021409490464,0.7492833646712459,0.7464772258978054,0.7405266960496789,0.1034250339363125,0.751049681321273,0.7576030283861965,0.7600045391897887,0.7043860200021745,0.6724747247688274,0.7375369551739444,0.6449260613919129,0.41763503942165675,0.7408905712224627,0.7001544779280631,0.7864887175909036,0.5387083650531088,0.2371476939739155,0.41763503942165664,0.855259729121348,0.8164808441873384,0.7075066254768548,0.7478238779589164,0.6448122681655798
0.5959390862944163,0.7403440538240168,0.7441381540032079,0.7420217788091951,0.7468586010572598,0.7409008110026875,0.11158573575781106,0.7474019735052433,0.7541509997439546,0.7576030283861965,0.7418091042568185,0.6626838459574154,0.7475930616863597,0.6483517954628034,0.43498982200229885,0.7456391735679748,0.7042608173969069,0.7651450084221437,0.37312240680212166,0.15091274400149784,0.43498982200229935,0.8519019670933202,0.8298221212991396,0.7147397396949268,0.7530251927722242,0.6537569553319972
0.5969543147208123,0.7682951641727597,0.7707840478550947,0.7699215990394864,0.7798074596608773,0.7732249647403279,0.13166918126058946,0.7477819575637699,0.7505487335385661,0.7541509997439546,0.7345565522490343,0.7003244979190799,0.7569923652459851,0.6515279738278489,0.5751324290760301,0.7555063941883673,0.7095822379391616,0.7866883568772395,0.3663246734510265,0.14013290079001556,0.5751324290760306,0.8692183693151379,0.8443598262276902,0.723752671734981,0.7619593822195747,0.6624459038217884
0.5979695431472082,0.7864711176948226,0.7832744188861662,0.7797821652540017,0.7740871814071404,0.7676130101497537,0.09449610820794857,0.7806106321789099,0.7509239839154198,0.7505487335385661,0.723677724237358,0.7043860200021745,0.7654026570735075,0.6547122551807375,0.4093612585872223,0.7625410346998629,0.7144560670484748,0.8014421768224662,0.29559686889308445,0.1699837037112012,0.4093612585872225,0.8740230369679378,0.8570622982810383,0.7313501007012667,0.7695380183995177,0.6697225767276037
0.5989847715736041,0.7846383267718923,0.7922068216472966,0.789031096905472,0.8016207920569689,0.7946245933774053,0.1255853389420435,0.7749112191655747,0.7833436927018895,0.7509239839154198,0.7680634177773067,0.7418091042568185,0.7726427648451781,0.6585026014504,0.5493193327503619,0.7732954896902005,0.7202887109597884,0.8643178759280071,0.37838962400615495,0.16749624223775353,0.5493193327503625,0.8934895619723099,0.8715688246321844,0.7396723605392511,0.7818000574210258,0.6737271353491422
0.6000000000000001,0.7976211007746014,0.8014420842858345,0.8039365985490358,0.8099342351880205,0.8027801611757227,0.08576758871615825,0.8023443984412884,0.7777152805801,0.7833436927018895,0.7657425480155384,0.7345565522490343,0.7814607433604006,0.6620644568153878,0.4676297913023845,0.783603928951083,0.7262398359296074,0.9114776025867424,0.42006128870083653,0.10696463907769063,0.4676297913023849,0.9100497563510301,0.8868699581106088,0.7495846864709464,0.7899394385949023,0.6849720378729144
0.601015228426396,0.8072436027113373,0.8038645012762966,0.8063061576227991,0.8087138812295105,0.8015832005919975,0.09229192508460882,0.8106275175248367,0.8048067088400606,0.7777152805801,0.762406436064448,0.723677724237358,0.791290370068346,0.6665451346245598,0.42834758581957966,0.7918165462580047,0.7319066151845415,0.8723795098106576,0.36155197473994966,0.10779463639538223,0.4283475858195795,0.9171145896947583,0.9006875979041006,0.7579448920221162,0.7984742698938498,0.6927836835263373
0.602030456852792,0.8071672752663653,0.8223349110461728,0.8132620428384462,0.820307011076638,0.8129562260748221,0.15842284288522174,0.8094116149194934,0.8129866403079136,0.8048067088400606,0.7589251314217955,0.7680634177773067,0.7976471605232751,0.6711489719145015,0.480897070334906,0.8006407407264684,0.7378353565991571,0.8797088011143198,0.41504991283248244,0.23465896726065427,0.48089707033490664,0.9261073553348305,0.9137487196360561,0.7661077659673156,0.8084472346322757,0.6987688836114655
0.6030456852791879,0.8146514434393824,0.8128725612531791,0.817466039060868,0.8172561261803628,0.8099635367462005,0.1091722965498439,0.8209624577605452,0.8117858849061172,0.8129866403079136,0.759287781155217,0.7657425480155384,0.8039435525237366,0.6752715184315644,0.4209440612781403,0.8073066355252565,0.7434041776877356,0.8166430423764264,0.42761898030238193,0.08540621789453962,0.4209440612781402,0.9257105846140612,0.9241090655353081,0.7732422085918157,0.8170264195079178,0.7041375195611651
0.6040609137055838,0.8091528376096903,0.8040915884307527,0.8036307812675135,0.7971970962418893,0.7902847908338727,0.13217105328893183,0.817922701247187,0.8231928322025053,0.8117858849061172,0.790618858948122,0.762406436064448,0.8086016753261784,0.6790894128817458,0.3516058183198998,0.8091187502330415,0.7479168452584886,0.7573532495244724,0.38379571830271564,0.13930416871213752,0.3516058183198999,0.9054211624241024,0.9278691389440961,0.7798567549906318,0.8195392814038609,0.7145642964411932
0.6050761421319798,0.7836454873350046,0.7747204177109961,0.7717561528232638,0.767070320714746,0.7607291338075847,0.1284041582866694,0.7979368384630601,0.820190943698015,0.8231928322025053,0.785179444942284,0.7589251314217955,0.8106400857250251,0.6831293173299383,0.3086963559468426,0.8051317497857895,0.7509942962003588,0.6822963955134734,0.33213409366998553,0.1633500513687362,0.30869635594684286,0.8623542479615798,0.9212655023344489,0.7854049301461506,0.8156923664095168,0.7292737615929327
0.6060913705583757,0.7637130703349831,0.7660151021043216,0.7680106492528879,0.7644770394580724,0.7581852903043947,0.08592574406524905,0.767919953117133,0.8004540563913027,0.820190943698015,0.8113611621169912,0.759287781155217,0.8123840493384065,0.6880070168165696,0.42236537765531146,0.8013988376543795,0.7538427540131061,0.5504622062303801,0.27736562764693545,0.10862463371307382,0.4223653776553113,0.8222339168513377,0.9070285176445139,0.7913363842205959,0.8068817629170368,0.7497044137594319
0.6071065989847716,0.7655459777883641,0.7614731280008047,0.7649531762483778,0.7667651740354389,0.7604299800224458,0.08505332033452426,0.765336131092065,0.7708111087852787,0.8004540563913027,0.8192664172458373,0.790618858948122,0.8110930568537922,0.6937840935547094,0.4430584072523891,0.7987600570438589,0.7566750718797912,0.567644582600972,0.30006079021528265,0.0920398702370046,0.4430584072523894,0.7884786123883545,0.8881054042953855,0.7954121290466883,0.8027526580828779,0.7618152235285817
0.6081218274111676,0.7766958443376922,0.7768399748240506,0.781005201109853,0.7858327682145625,0.7791358428205942,0.07756435052820745,0.7676159194883698,0.7682594749288774,0.7708111087852787,0.8181059823649532,0.785179444942284,0.8122556954227707,0.6998236927573905,0.5141208257406458,0.800062854713155,0.7601926793723255,0.637579309225925,0.2866413867616846,0.08623494997241765,0.5141208257406461,0.7724669089615024,0.8693934137013382,0.8002240832469075,0.7987437806518962,0.7752462486764938
0.6091370558375635,0.7903660314669506,0.7837285931950781,0.7443913378829584,0.7369434288082437,0.7311737070767431,0.15676421007255448,0.7866139628661533,0.7705108626796608,0.7682594749288774,0.8291298924030304,0.8113611621169912,0.8058535974871202,0.7043918788789708,0.22929215722204052,0.7922527198412919,0.7615304709210609,0.4953144796630301,0.3918739272290722,0.5588728737644926,0.22929215722204083,0.7204323388136565,0.8428107200444197,0.8006453194601925,0.7981328819170668,0.7766823502460568
0.6101522842639595,0.71842595795022,0.7220340032404389,0.7158036037219199,0.7198589389065388,0.7144132650637834,0.14064321266613092,0.7379029518163516,0.7892722364189593,0.7705108626796608,0.8262288052008198,0.8192664172458373,0.7969374815632364,0.7094672818727695,0.35924679163077455,0.7827608502258947,0.7621022637872987,0.4550557316253049,0.4910982281438328,0.1931995890501083,0.3592467916307744,0.6642185366333128,0.8089987408587347,0.800595989453993,0.7982453154627704,0.7764732173583043
0.6111675126903554,0.7259102426536875,0.7194602718184724,0.6997515788604446,0.7010201465472163,0.6959317100306276,0.15375297790250037,0.7208807791609644,0.741168046668917,0.7892722364189593,0.8071546686726572,0.8181059823649532,0.7862774020259713,0.7138993467002525,0.35050360868215125,0.7715745150085414,0.7618648284312701,0.3179978148566156,0.5913639662986491,0.3391374101047108,0.35050360868215136,0.6040775120865193,0.7685268538138664,0.8001785518654371,0.7995729276388603,0.7743267535882651
0.6121827411167513,0.7120109566590628,0.7044719420883863,0.6953181613593217,0.6881304342614314,0.6832864173530383,0.18254324649538878,0.7021107030273259,0.7243579290851219,0.741168046668917,0.7785071103749419,0.8291298924030304,0.7731938849024333,0.7173591123310096,0.37578395707831597,0.7600818787497434,0.7610983635096142,0.3066806118658144,0.6329069979378921,0.22305165721110748,0.3757839570783159,0.5459314360088142,0.7231722740707431,0.7967972778661433,0.8054706170918118,0.7618036390604027
0.6131979695431473,0.6839834023348973,0.688120973924365,0.6764379681369185,0.6937744840350211,0.6888234107757428,0.14325791454758005,0.6892680071511676,0.705821682669868,0.7243579290851219,0.7760411585867726,0.8262288052008198,0.7609710371151901,0.7210230599029129,0.45882494813098906,0.7517035131224623,0.7605976806164454,0.22328090547093069,0.591907534637546,0.24875626926327582,0.45882494813098984,0.5036765764597488,0.67745814975804,0.7938182701188351,0.8090773207355286,0.752362128782354
0.6142131979695432,0.7077342891316244,0.7028065592842434,0.6787311312078604,0.6773762832133596,0.672736352648654,0.15104549535597084,0.6948914697347393,0.693138975700448,0.705821682669868,0.7782169463221402,0.8071546686726572,0.7491105570150984,0.7238654134666939,0.3596749415907884,0.7418713260338361,0.7594317590435022,0.1693381108975679,0.5852385214853812,0.3847429791842741,0.35967494159078833,0.45810111672270704,0.6307152965922598,0.7901979143850703,0.8139056228805226,0.7404421776088356
0.6152284263959391,0.6826851365876715,0.6780530198837558,0.6689470776312855,0.6676136843039973,0.6631587104675557,0.14178741237579878,0.6785530828569326,0.6986923835510019,0.693138975700448,0.7963483263416007,0.7785071103749419,0.7392658278135791,0.7259509944524122,0.38888190706096026,0.7320543694219506,0.7579038234856859,0.16134633244551452,0.6213667206155601,0.21973419841996822,0.3888819070609603,0.41533608640168895,0.5837766933754338,0.7862739697834779,0.8187951326005043,0.7278668597331318
0.6162436548223351,0.6700842328707229,0.6748736842141738,0.6683355597033597,0.6785204086917225,0.673858582359956,0.18099737787566533,0.6688260939238959,0.6825575334290028,0.6986923835510019,0.7498594414120652,0.7760411585867726,0.7307573985773956,0.7282683080324791,0.48343720940186385,0.7260024745919451,0.756891327940096,0.1584642459678495,0.5991360934276281,0.19154212489435224,0.4834372094018642,0.3905005234159544,0.5406829975330663,0.7828737258228847,0.8212043608959911,0.7188003519100598
0.617258883248731,0.6687095231480747,0.6725270399466634,0.6612267658469512,0.6670798521842485,0.6626351337697011,0.1737867500645896,0.6796930350325123,0.6729517192353089,0.6825575334290028,0.7336137957403319,0.7782169463221402,0.7208900329152568,0.7310263974462105,0.38128933298069617,0.7189738442842892,0.7554407215533328,0.1512864415767624,0.5491279688950528,0.24295261423850245,0.38128933298069595,0.363517860405765,0.5001860367415596,0.7772648363681526,0.8213993490985327,0.7076295199922701
0.618274111675127,0.6750481969942602,0.6835791153280479,0.6770494860648443,0.6892744433604352,0.6844088773597871,0.1255550781712788,0.6682942090058424,0.6836832845595633,0.6729517192353089,0.7156999834278921,0.7963483263416007,0.7113321934925025,0.7339659819187377,0.5353227928835653,0.7172526658865512,0.7549739621022398,0.2575261739460608,0.3010381731077046,0.1923721222120438,0.5353227928835657,0.35996085909971476,0.4669946147921231,0.7730448827764315,0.8193510772579136,0.701423222706563
0.6192893401015229,0.7065123508293706,0.7323290444355042,0.7118287955079617,0.735494273029933,0.7297520932848555,0.2309744681883647,0.6904078433718928,0.6724264603159842,0.6836832845595633,0.7034431528283109,0.7498594414120652,0.7111887486031201,0.7382943324581263,0.6417815825527707,0.724235828803486,0.7564558850229777,0.44831100777299093,0.29562124874709494,0.3490872559985015,0.6417815825527712,0.3925124786065562,0.4477063638240542,0.7697546831212515,0.8128207718096585,0.701525080004047
0.6203045685279188,0.708879783458456,0.7041690822109787,0.6665010059195823,0.6623510096898617,0.6579959471455831,0.2815059586597904,0.7364590819668633,0.6942646123206708,0.6724264603159842,0.7088100811535294,0.7336137957403319,0.7054963181076812,0.7407104965554344,0.1157314344783994,0.7166698660564077,0.7548248540169786,0.34001145986923154,0.284887025739516,0.5323382643946327,0.11573143447839984,0.36497279667871435,0.4261294431735892,0.7624115130165935,0.8055918077143553,0.6943957442611913
0.6213197969543148,0.6698550174749064,0.6781287926067074,0.6683355597033597,0.673562764377535,0.6689950879708456,0.18246987840023293,0.6635826153988509,0.7397421639430763,0.6942646123206708,0.6932170279376966,0.7156999834278921,0.7027784452557704,0.7429386822145984,0.4850689995157379,0.7125150729823921,0.7537260456179293,0.3602739964850591,0.2785871289972588,0.22719784808012483,0.48506899951573856,0.35286477555962237,0.4061656324926654,0.7556869165217778,0.7958791864605925,0.6909642480861166
0.6223350253807107,0.6687858505930467,0.6640488114944447,0.6512899202647336,0.6511392550021884,0.6469966911725972,0.18965167283539136,0.6747534741813759,0.6677735617616085,0.7397421639430763,0.6839337702209458,0.7034431528283109,0.6991168681524778,0.744470052954905,0.33088568770010496,0.7050446166655551,0.7517338065309036,0.29151030047881277,0.3156167432691568,0.2578773830791885,0.33088568770010485,0.32818461647625297,0.3846864537990504,0.7472697837149506,0.7828355996583478,0.687556768393334
0.6233502538071066,0.6425148762772904,0.634601983558936,0.6282820101876111,0.6384021160560569,0.6345010905353005,0.39461900690430884,0.6524117566163259,0.678805258681143,0.6677735617616085,0.694304977137961,0.7088100811535294,0.6936358264877625,0.7451749683889205,0.37402381488507036,0.696619945277783,0.7492877259591251,0.33207397866071797,0.3610223519145906,0.1849097377917008,0.37402381488507036,0.30107784597895804,0.3614534083559998,0.7383707003956247,0.7684657127837489,0.6845345038080234
0.6243654822335026,0.6280046211315388,0.6589012331433124,0.6338620675417644,0.6672323091445429,0.6627845955145472,0.16393886753347597,0.639721077554549,0.656741864842074,0.678805258681143,0.6834261491262847,0.6932170279376966,0.6926317237819126,0.7463806197884902,0.5691154999676521,0.6949612722141552,0.7481416674298889,0.4235623215316967,0.3619520343815723,0.3905466342090475,0.5691154999676524,0.3030278373695531,0.3433021720475681,0.7319041555965794,0.7541849715043791,0.6861829827276283
0.6253807106598985,0.6592396761012828,0.6855472425023987,0.6642843554865802,0.6856897263444113,0.680891805299248,0.23877889225595472,0.6684461098653693,0.6442092809254631,0.656741864842074,0.7045309913634141,0.6839337702209458,0.6944209833561881,0.7483300794801112,0.5181411148493749,0.6969551959231,0.7478114291545825,0.4919158037154746,0.3654318471551203,0.35240471478964075,0.5181411148493754,0.3200726663756078,0.3325852563949017,0.7278549721906579,0.7449498153002716,0.6875085845724181
0.6263959390862945,0.6893292367441953,0.6905433909148273,0.6682591637005385,0.6614358024106586,0.6570980251992732,0.2216701376151372,0.6868362019404812,0.6725764688584555,0.6442092809254631,0.7484814388241605,0.694304977137961,0.6927298611905739,0.7496037915267296,0.32364484320427184,0.694183188607135,0.7464811726494169,0.4728272130639095,0.37034417948337517,0.36401329007900113,0.3236448432042717,0.3172571301215348,0.3233833510947033,0.7227280390390108,0.7351609478577346,0.6872797785316219
0.6274111675126904,0.6514500816179275,0.6582199716799446,0.6476973253351189,0.6539613380786629,0.6497651878839493,0.17872182500995606,0.6626707464222708,0.6907374648968558,0.6725764688584555,0.6789294916291488,0.6834261491262847,0.6914313232190863,0.7507786530561068,0.39884093994729464,0.6905581629426056,0.7448909109484136,0.4500233408211126,0.3813355193676892,0.2330015031048982,0.3988409399472946,0.31128564548089654,0.3146891079497943,0.7171153567501362,0.723152335997775,0.6883235474975048
0.6284263959390863,0.642362104856896,0.6355103321767597,0.6297343506870451,0.6363427832984911,0.6324808237299652,0.20549232989378752,0.6552235458855389,0.6668730524654303,0.6907374648968558,0.6895907519338045,0.7045309913634141,0.6861918753722416,0.7510962694090005,0.35148696287474235,0.684393511916976,0.7426271708832468,0.4481546856705022,0.4041532879150016,0.17910481752711385,0.3514869628747424,0.29543001102025324,0.30419504506843204,0.7096773136766356,0.7023043282787791,0.6946481661518121
0.6294416243654823,0.6306775966014128,0.6529210788973081,0.6379896677613651,0.6389360645551647,0.6350247823808784,0.1978115182199815,0.6376692564023891,0.6595186260225199,0.6668730524654303,0.6682682313244932,0.7484814388241605,0.6766340474693147,0.7511935003177469,0.4455824189177304,0.6798205273887552,0.7405605137167444,0.4686431599836751,0.19827205423751637,0.2802658015800311,0.4455824189177308,0.28691396738247343,0.2938991799191694,0.7048008465524741,0.6934194846296411,0.6940040868415466
0.6304568527918782,0.6541993845327735,0.6601124416385435,0.6403592268351282,0.6464867573673079,0.6424324657163486,0.17241331074243088,0.6402530784274572,0.6421830204987244,0.6595186260225199,0.6561564827513129,0.6789294916291488,0.6750637222126359,0.7519535121127993,0.46888945677149363,0.6774498538651319,0.7388902577407721,0.4619961638042095,0.2013435136436854,0.3333337550799374,0.4688894567714942,0.2879006368383108,0.2858826931784327,0.7011501307738089,0.6866821628674953,0.6936078102297266
0.6314720812182741,0.6152509459941958,0.6292273180533479,0.6012994085316491,0.6318428590032641,0.6280661751662863,0.3501202580158926,0.6477762293939526,0.6447346543551258,0.6421830204987244,0.6835711204875243,0.6895907519338045,0.6709340714870025,0.7517655336746546,0.36486875652244066,0.6728515520367444,0.7366738973999043,0.45685100166219295,0.20384700723763444,0.41873997297447707,0.3648687565224409,0.2799563613897064,0.277696496449804,0.697708136684715,0.6840481589669256,0.6895104507159097
0.6324873096446701,0.6034901102937408,0.5995534029633833,0.5695011760902206,0.5757078570847505,0.5729958553152735,0.29715477385069733,0.6331857459943975,0.6521640850692718,0.6447346543551258,0.7011222830665427,0.6682682313244932,0.6634674839108619,0.7500542874840462,0.16747973158798996,0.6588977650793668,0.7321999664234198,0.33647830154248803,0.41388812033910644,0.438640930001872,0.16747973158798996,0.2345126017552102,0.26100537824551023,0.6921144243571399,0.691850997587864,0.6707499822886808
0.633502538071066,0.5666800055188822,0.5721504749251773,0.549015850362741,0.5430641451604399,0.5409712008059421,0.28798262004033814,0.5772555016520087,0.637755363778731,0.6521640850692718,0.6780592208010663,0.6561564827513129,0.654030441397043,0.7472751307964604,0.2707534633908194,0.6415544304086549,0.7265381142233378,0.19618463826813395,0.6518366527194548,0.3606970965276754,0.2707534633908196,0.17752772964261693,0.23493457165189227,0.6846156611938393,0.7014404367505973,0.6464723874774653
0.634517766497462,0.5432346615629436,0.5719233877707213,0.5466462912889779,0.5754790552649498,0.5727712021071113,0.25768302413581945,0.5447308606656318,0.5825218749098229,0.637755363778731,0.670951750819683,0.6835711204875243,0.64494823260333,0.7453888704537196,0.599803511685955,0.6332494892923273,0.722452108997923,0.3532422569981837,0.6835188440259322,0.38391424710639604,0.5998035116859554,0.16012006741388118,0.2101928756842672,0.679545649507263,0.7027338087550372,0.6352559967973191
0.635532994923858,0.5953185289941744,0.5957684630461859,0.5968659910305262,0.6033178125940852,0.6000821694153483,0.18208362535452915,0.5770275344078637,0.550402412228971,0.5825218749098229,0.6541982627229661,0.7011222830665427,0.6367946370872521,0.7442788303544016,0.5720391983064901,0.6315087781283799,0.7196890291234239,0.39250979121046603,0.5973166212439738,0.10033225197503923,0.5720391983064906,0.17054441153072208,0.1927260292020283,0.6763465357773696,0.701390492887515,0.6303412723253586
0.6365482233502539,0.5879871322415519,0.6045495513758119,0.5873112420975334,0.6056058307920928,0.6023267439856762,0.15822015281689236,0.6047647473123403,0.5822967475857783,0.550402412228971,0.6566642145111352,0.6780592208010663,0.6312682994616428,0.7434361690724244,0.4444621981886397,0.630499958998451,0.7171298647437221,0.4315499207898805,0.5436926375584373,0.3001667586074261,0.4444621981886403,0.18381621131053932,0.181714558875679,0.672718588584733,0.6981614354515697,0.6264759891442379
0.6375634517766499,0.6012753325545993,0.6057606443638435,0.6042040895305169,0.5982075949402443,0.5950687526904986,0.12662105664330972,0.6070444197537905,0.6096884219513568,0.5822967475857783,0.6638441701731383,0.670951750819683,0.6257495073229065,0.7415952824943824,0.39748509409796534,0.6283313814432234,0.714362071327693,0.4404391276997547,0.4908574425928402,0.1301817896564113,0.3974850940979655,0.19202566502240842,0.17473757256699812,0.6692917716227961,0.6960309401879776,0.6219040596951865
0.6385786802030458,0.5763025074556182,0.5721504749251773,0.560099335797989,0.5574792417046828,0.555112838147842,0.17664667838082038,0.5996731696468223,0.6119396951918024,0.6096884219513568,0.6499192835980121,0.6541982627229661,0.617943188520234,0.7387983002226158,0.23459976806663133,0.6191626910149943,0.7100017930826013,0.31150539946361544,0.5109153040492342,0.24046515276505476,0.23459976806663146,0.17159987979355962,0.16459734663876607,0.662734152479637,0.6931355871633833,0.6119717473663803
0.6395939086294417,0.5601122328073304,0.5629908695023915,0.5533728718610428,0.5599961781018501,0.5575820659263321,0.14516805433235747,0.559093376821042,0.6046602730201276,0.6119396951918024,0.5965404963941141,0.6566642145111352,0.6101293127108609,0.7352186192734472,0.4460986692881805,0.6121179953438609,0.7059176263652562,0.26742492148022334,0.4857316909600881,0.21310054607750323,0.4460986692881812,0.16085811156026913,0.15408781273252542,0.6540020465119684,0.6765974986168386,0.6114477010930158
0.6406091370558377,0.5561409915902306,0.5589031852149859,0.5506974955057574,0.5490132252339777,0.5468074631615086,0.15126217389380467,0.5616011324614918,0.5645860061954673,0.6046602730201276,0.5654995826540106,0.6638441701731383,0.6004808813663187,0.7315676359875561,0.37784078958810924,0.6043601532579421,0.7015349183840054,0.28268928657024894,0.4098866065130109,0.1973470451589392,0.37784078958810907,0.1478720101066685,0.14278194104228054,0.6483627970123361,0.6749970428246908,0.6020156146530157
0.6416243654822336,0.550260632005228,0.551408962596343,0.5502388862185926,0.5441319257792965,0.5420186996448212,0.1324205619082556,0.5506582409231118,0.5670625212702951,0.5645860061954673,0.5963229286870935,0.6499192835980121,0.5917988022536054,0.7280560156854362,0.40842269812950804,0.5971266079634134,0.6971202131042309,0.28585378986841636,0.33313971198273723,0.12023194376262061,0.4084226981295083,0.13777447961975642,0.1314836718262941,0.6419228194240482,0.6703308629854186,0.5940870049551935
0.6426395939086296,0.5186437067497235,0.5758596421194231,0.521268822138092,0.5795977207800813,0.5768120811609517,0.2545778693848071,0.5457947464565935,0.5562559516748051,0.5670625212702951,0.6227948099146023,0.5965404963941141,0.5921838409608586,0.7243061818823034,0.6152859453854922,0.5976472133757356,0.694359867739478,0.40682104286236476,0.33501369653670643,0.7023219681058339,0.6152859453854924,0.15980446646921803,0.12736171984837857,0.63836318957067,0.6658905683532601,0.5915684717438957
0.6436548223350255,0.5898199231644824,0.5828996904291541,0.550468190862175,0.5444370724586034,0.5423179685776832,0.18427581836115087,0.5811311767121834,0.5514530445779582,0.5562559516748051,0.6249704869848087,0.5654995826540106,0.592319740363368,0.7198611552414934,0.25884152959986434,0.5916896032373602,0.6902392814913556,0.35124923933434904,0.3320602320450415,0.46268681265847067,0.25884152959986445,0.15467919049232343,0.12292029663070264,0.6336878526772077,0.6642139628154213,0.5840988469925052
0.6446700507614214,0.565076313461318,0.5706364065525384,0.5663673070828893,0.5751740249650017,0.5724720483219724,0.1747205517737522,0.5460987800853565,0.5863492684392559,0.5514530445779582,0.6179355026840452,0.5963229286870935,0.5922895468960476,0.7161437309170481,0.5909816336025537,0.5923956148310294,0.6875640202665179,0.4015171419931419,0.33197491113192873,0.15588640170857965,0.590981633602554,0.17692543151197754,0.12433208516442995,0.6291073887525883,0.6554861655926485,0.5838767071680004
0.6456852791878174,0.5988315724805419,0.5994019730246796,0.5689661708002348,0.5853942275139656,0.5824986514762255,0.21436130503856105,0.5767236167339551,0.5517532906835763,0.5863492684392559,0.5792069015221162,0.6227948099146023,0.5905153782955188,0.7127212385358316,0.48427893103082226,0.5948287804024281,0.6854205195303316,0.4418125067628247,0.29788334818340356,0.44278585563107575,0.4842789310308227,0.20523535931174142,0.13177973972326185,0.624117072907698,0.6409091090322667,0.5887106531080459
0.6467005076142133,0.5698111787194889,0.5861546833144882,0.5757691473751209,0.5862332063130216,0.5833214971069424,0.10765411939015981,0.586906540155282,0.5819966159904983,0.5517532906835763,0.5816002569645045,0.6249704869848087,0.5885977763254346,0.7093084687509531,0.4374901475522613,0.5969718722781665,0.6833961177212171,0.5413706364211406,0.25079438179991,0.22388038928898557,0.43749014755226184,0.23105631504159047,0.14350059708075186,0.6203752827849195,0.6306618187479418,0.5916514282198048
0.6477157360406092,0.5799683223623798,0.5932703888399715,0.5845594697394266,0.5826484892969976,0.5798047704895731,0.11554390166962375,0.5877424587020987,0.5920526848322811,0.5819966159904983,0.5711565643668695,0.6179355026840452,0.5870576560559035,0.7051194787226515,0.4156644025249588,0.5980744909977018,0.6813013879775238,0.6097029951313792,0.21379387803156497,0.20646815897485182,0.41566440252495884,0.25137122026576997,0.15741117359357787,0.6168270314339687,0.6207311423507336,0.5946538307191155
0.6487309644670052,0.578822711505098,0.6081074041385535,0.5845594697394266,0.6122414327043919,0.60883662052256,0.1784252123606684,0.584170817270687,0.5928781898572237,0.5920526848322811,0.566514935508494,0.5792069015221162,0.5924782992661515,0.7016807803657491,0.5798119579429267,0.6043493539275564,0.6805247581933562,0.6042823485498698,0.2958569545026809,0.36898947826571,0.5798119579429271,0.2916038058898632,0.1775187632241505,0.615627841508643,0.6165654602782935,0.5964792105826829
0.6497461928934011,0.611814346483251,0.626123639599518,0.6101662435338949,0.6288683189664952,0.6251483318578112,0.1482595060928349,0.6136558176985605,0.5893510424334087,0.5928781898572237,0.6002393687437872,0.5816002569645045,0.5992956178565481,0.6980103494144975,0.5134712573916511,0.6125020121350138,0.6804730088637199,0.5814374666124592,0.39447393307418555,0.2885569180782522,0.5134712573916513,0.337422594475847,0.2038306948974567,0.6151269094536721,0.6144278960720506,0.5976397711829923
0.650761421319797,0.6339614246919635,0.6432316419498585,0.6358494133311842,0.6509104531823875,0.6467721531121581,0.14469216089023762,0.6302220558656573,0.6184687311201078,0.5893510424334087,0.5668050995612957,0.5711565643668695,0.6093819293561107,0.6946316087168009,0.5380173292242221,0.6231742087900063,0.6813438819425734,0.6203166538155767,0.4940240188225839,0.1973470451589392,0.5380173292242224,0.39108873760949026,0.23685747668623053,0.6153470154362576,0.6155916174433247,0.5969049993543417
0.651776649746193,0.6406056413789375,0.6394467020326609,0.6257595424730867,0.6281056850269457,0.6243999868040709,0.18312333976136813,0.6521837893721809,0.634828594055814,0.6184687311201078,0.596032875299453,0.566514935508494,0.6176940837749718,0.6907942690739443,0.3271119941026597,0.6277657067913922,0.6812281585927389,0.5823942128256622,0.46024865866089143,0.26534103273934506,0.32711199410265945,0.4172243272895415,0.26911185598878057,0.6151610681233012,0.6148437611189825,0.5972901204798772
0.6527918781725889,0.618534890615197,0.6171912368383876,0.5958723764533757,0.5934026403450694,0.5903549503416808,0.24303367081705507,0.6294622037034587,0.6565167375180294,0.634828594055814,0.6057512684302451,0.6002393687437872,0.6190605656878003,0.6859732855568447,0.26844724355962196,0.625221906772184,0.679667595576541,0.5966904196785181,0.4507728878453721,0.3457710624471758,0.26844724355962213,0.412719539167772,0.29390997858282863,0.6160414920536427,0.6156939628915912,0.5981614604702991
0.6538071065989849,0.6195276135216342,0.6811566983375856,0.6240780139651892,0.6768424510936109,0.6722125456553526,0.40170916259026485,0.594885741564922,0.6340782078124447,0.6565167375180294,0.6065490535777078,0.5668050995612957,0.6321667307917853,0.6829899494007975,0.8422938572800536,0.6382894559711303,0.681653107250592,0.7101726867907662,0.49112902981882595,0.7404638875252406,0.8422938572800537,0.4713709427094404,0.32683832599941276,0.6226977827903734,0.631108262427919,0.5957490094319539
0.6548223350253808,0.6574068851783522,0.6564789316600497,0.6554175204843343,0.6585374908540369,0.6542546824677747,0.2109543990168104,0.678021197938879,0.5999324847048539,0.6340782078124447,0.6031403452808364,0.596032875299453,0.6404184752363515,0.6800438815489217,0.3499360281766317,0.6456577464688995,0.6827962463272288,0.6945146998515822,0.49439529358615847,0.13018305489622486,0.3499360281766316,0.5038153316339643,0.3604219587495981,0.626830449081537,0.6405032951176446,0.5944266501685512
0.6558375634517767,0.6720697952140479,0.6656384215756359,0.6340913721853468,0.6380207408966028,0.6341268604345688,0.16081315829666118,0.6597830067232942,0.6820322745096781,0.5999324847048539,0.6312802824838906,0.6057512684302451,0.6456277180960486,0.6773019956381917,0.33839405103610887,0.6479614476185858,0.6830376712985129,0.6631871495398522,0.46063343368782855,0.46185681534077905,0.3383940510361092,0.513726592899427,0.3895008651562794,0.6285571324820044,0.6443819824655181,0.5939209045160815
0.6568527918781727,0.6252553182166926,0.6408092249593962,0.6025224443875007,0.5951568264233282,0.5920759482141539,0.19856860844703722,0.6393410934960224,0.664021287013749,0.6820322745096781,0.6470907927415828,0.6065490535777078,0.6465110238929628,0.6737044891048424,0.23142623962510883,0.6420641744043474,0.6814794108429232,0.5433082331009601,0.44174444462572887,0.5323382643946327,0.23142623962510894,0.4893934014311988,0.40733329653723793,0.6280372304657343,0.6437947531391643,0.593491669161701
0.6578680203045686,0.5726368090793069,0.5698794878734188,0.5547486997225367,0.5482505912944282,0.5460592332554915,0.21088388571134936,0.5966335290883187,0.6438340305486097,0.664021287013749,0.6680506636174726,0.6031403452808364,0.6431061431011147,0.6690617614295499,0.2038213074204576,0.6287231131672597,0.6780232127344763,0.5255851360923678,0.5540266381171705,0.2736321492375661,0.20382130742045776,0.4355272678080275,0.4095773712152011,0.6255515633145253,0.6442856998748614,0.5881359948016383
0.6588832487309645,0.5728659079446733,0.5688953665326435,0.5213453347760321,0.5444370724586034,0.5440356271661807,0.3333438008955475,0.5498983887609132,0.601658499025975,0.6438340305486097,0.6463656039399011,0.6312802824838906,0.6363945189260796,0.6639328841558939,0.41386111413482274,0.6171153394304254,0.6745432796238051,0.4721833249861407,0.681568166346176,0.6252068667095153,0.413861114134823,0.39091041139643856,0.40141501880772357,0.6249026354503698,0.6450677942275083,0.5860828891297883
0.6598984771573605,0.5348339813980111,0.5422493571735572,0.5312057843554282,0.5485556215943761,0.5480827241970793,0.16936410986943617,0.5460987800853565,0.5555055654314358,0.601658499025975,0.6133664701714507,0.6470907927415828,0.6284447552340249,0.6599302529572423,0.45447004660262497,0.608365809509744,0.6713718262971773,0.46167885994033053,0.7566607006537253,0.2263678507624332,0.4544700466026258,0.3598971843466102,0.3879635894820652,0.6243333976373139,0.6456238073304099,0.5844121445525368
0.6609137055837564,0.5600359053623584,0.5595086739554018,0.5451175547867227,0.5529793174094559,0.55242978104718,0.18801702025616024,0.5502023064348218,0.5517532906835763,0.5555055654314358,0.6927094068430355,0.6680506636174726,0.6187510279285886,0.6563846010952558,0.45594679575765185,0.6020102433434855,0.6685095000047325,0.467894136000106,0.7617761705899937,0.2645097701818399,0.45594679575765246,0.34012049385052867,0.3727886744247478,0.6245307350338708,0.6454026607994201,0.5850197773665664
0.6619289340101524,0.5454493227716349,0.5377074985772401,0.5229504672811082,0.5176660957483243,0.5177287480051377,0.14522172437861933,0.5546098664130501,0.555805697026716,0.5517532906835763,0.6753032156252567,0.6463656039399011,0.6078191495863052,0.6524889209290036,0.2536995433663828,0.5903989743247589,0.6642845598326983,0.4265101128245389,0.8414037525130346,0.2661697648172231,0.25369954336638295,0.300073317436626,0.35171099367809994,0.6232138977630876,0.6480593102089363,0.579782312793561
0.6629441624365483,0.5663745792085438,0.6006888387356628,0.5604815490823324,0.6091905478081168,0.6076664893583642,0.27065033536641936,0.5194254529718416,0.5601583494754738,0.555805697026716,0.6557938330178914,0.6133664701714507,0.6093819178362834,0.6508117038255773,0.9149439615205293,0.5975154850651936,0.6640478359797266,0.5162779844452662,0.8485135965570855,0.5489217626308883,0.9149439615205298,0.3381229261850618,0.3433407796389367,0.6246863223019269,0.649586533038016,0.581134044340243
0.6639593908629442,0.6013517765300215,0.6244582567953751,0.5977068136020341,0.6307750783844077,0.6288769302860563,0.19963944006154927,0.6106160611852023,0.525412248666985,0.5601583494754738,0.615034526146996,0.6927094068430355,0.6048219324425028,0.6494731703488995,0.5376448614422407,0.6072568448826892,0.6647218765538634,0.5224013742611759,0.7359121791473743,0.4054726682895471,0.5376448614422414,0.3853567169421258,0.34718626926302565,0.6289821673200185,0.6520681297978961,0.5870548679054022
0.6649746192893402,0.6254080896370869,0.6265021566926776,0.6210968203283816,0.6199446988561885,0.6182341716644136,0.1408147855267872,0.6321218602034357,0.6154668426156176,0.525412248666985,0.5704313755651877,0.6753032156252567,0.6010018194760813,0.6482529350548233,0.3820050286554515,0.6132607485126162,0.6649171517480088,0.48110871586259285,0.645546919252252,0.17412989458021852,0.3820050286554517,0.41534717097189366,0.3569559453719242,0.6312097827754567,0.6540592666151275,0.5894197527471521
0.6659898477157361,0.6502281433156737,0.6515584404633732,0.6297343506870451,0.6333682432617223,0.6314250342550084,0.18790225771043012,0.6213309854794373,0.6367047314297438,0.6154668426156176,0.5668050995612957,0.6557938330178914,0.6005412913406138,0.6475253302657736,0.49759411581364593,0.6206101328850884,0.6656654054255633,0.5268261019017955,0.6341640819683928,0.35489217626308844,0.4975941158136464,0.44936938097555956,0.3723647799672136,0.6335967841236806,0.657278982880293,0.5908660918951713
0.667005076142132,0.6266300279393408,0.6233984782388478,0.6200266931132911,0.6238344461721606,0.6220563851917035,0.11467690203931902,0.6347055662736492,0.626048284887063,0.6367047314297438,0.5707214289528282,0.615034526146996,0.6033799495816325,0.6463634305497236,0.38825410579363706,0.6248923655599772,0.6659861353642755,0.5615970022977144,0.6690709159780185,0.15174147607937588,0.3882541057936373,0.469235407841694,0.38912555737562715,0.6354676762897765,0.6592212322119149,0.5925818971545224
0.668020304568528,0.6060101978127702,0.6355859893925118,0.6113127667518065,0.6385546893957106,0.6365215876360822,0.16084199167257845,0.6252065445847574,0.6392562507758073,0.626048284887063,0.5749279223971624,0.5704313755651877,0.6123187134859633,0.6457573631602643,0.5035587140412248,0.6310685310529136,0.6669090808120235,0.45717689671043404,0.6916591080457575,0.37976805623737875,0.5035587140412254,0.4956673646570757,0.4084332765381896,0.6382493524311142,0.6625337996795624,0.5947075498064492
0.6690355329949239,0.6509154399117726,0.6448212520310497,0.6405121354758895,0.642902040351284,0.64079356817059,0.1449699319275397,0.6398730943689306,0.6298755639061582,0.6392562507758073,0.54134857118827,0.5668050995612957,0.6220652822391668,0.6447720996775265,0.4538180561451182,0.6369110367751929,0.667977400081692,0.4932753812045113,0.6786423899339418,0.16417878344661427,0.4538180561451188,0.5192940543462292,0.42915246819505315,0.6397749056008822,0.6654040583454146,0.5948181808650664
0.6700507614213199,0.6344960663981184,0.6271834181560454,0.6233135873965024,0.6178853660986228,0.6162105655751028,0.09899211649825784,0.6442045879625409,0.6443594039782723,0.6298755639061582,0.6283791952816802,0.5707214289528282,0.6289278967904575,0.6422732910386632,0.3159989809795599,0.6371493888371798,0.6679589993467507,0.4860387179274178,0.6117467201282538,0.15754513110414928,0.31599898097956025,0.5188025149191371,0.44561811950733643,0.6392284363738546,0.6644979880704256,0.5946562807143722
0.6710659898477158,0.6189930883459295,0.627561935249205,0.6172749207551845,0.6344360238805788,0.6324743754574603,0.07923697181037914,0.6192791643272773,0.6486369376454566,0.6443594039782723,0.6489039307435287,0.5749279223971624,0.6369909003847471,0.6416801879352158,0.5127051747311038,0.640349244013837,0.6686325608999795,0.5922146316596192,0.5362218939958461,0.22719784808012483,0.5127051747311044,0.5300695727291664,0.46130522810916835,0.6384087325333131,0.6623633832753244,0.5951901005733774
0.6720812182741117,0.6290737880133982,0.6382354935374299,0.6356965046904229,0.6412241991325314,0.6391448830683507,0.09778539689427429,0.6357694520646109,0.6240220244603241,0.6486369376454566,0.6386053201722945,0.54134857118827,0.6492213166985183,0.6409930980853807,0.46542580245568016,0.6441997284195473,0.6695632174264743,0.7169985484441848,0.11052612613639477,0.14427909165903285,0.46542580245568094,0.543222588242198,0.47679041151848167,0.6390614590221976,0.6638225139693961,0.5950060310197424
0.6730964467005077,0.6203676815381275,0.6159043711274044,0.6187272612546183,0.6186481164175313,0.6169601772537995,0.0318240536015313,0.6425328668237622,0.6403068831247947,0.6240220244603241,0.6513697718665368,0.6283791952816802,0.650157475463027,0.6403027665458721,0.3272931950089539,0.6432513442700643,0.6695144841568812,0.6667505401570851,0.08338981328055893,0.08374875373878354,0.327293195008954,0.53605202217667,0.48757822775387094,0.6403175762031806,0.6648783413270334,0.5964065965517286
0.6741116751269036,0.5961585970106676,0.5989477987157679,0.59013952709358,0.5889789445299896,0.5878052343046024,0.1290299281877652,0.6200391324443306,0.646986042105909,0.6403068831247947,0.6423040818568064,0.6489039307435287,0.6460202792505205,0.6392526841057596,0.2911867389107706,0.6370888336677076,0.6682285246069899,0.5932993018083957,0.1947718856197979,0.2081256231306079,0.29118673891077096,0.5078101558543864,0.4899054470046439,0.635945828177546,0.6551840760770786,0.5975608017876367
0.6751269035532995,0.589667151744088,0.585094904757961,0.5669788250108151,0.5657164563555872,0.5649462234223942,0.1704751940186446,0.5904781815866937,0.624772525214031,0.646986042105909,0.6563015647777137,0.6386053201722945,0.6406524890078673,0.6370958007833188,0.31887824723442415,0.627823379328543,0.6660214335552672,0.5418016982325712,0.345289204447471,0.30762787778795553,0.31887824723442443,0.4681051521017174,0.4829058399687658,0.6313274127491549,0.648490175471115,0.5952274309470419
0.6761421319796955,0.5675964009803475,0.6146931626321734,0.56850756151307,0.6180379394382762,0.6163604879108421,0.24931620649835778,0.567300545474827,0.5955798322560963,0.624772525214031,0.6604354618762669,0.6513697718665368,0.6391350167187828,0.6356584192620846,0.6963740915893247,0.6297417330605242,0.6660861096382757,0.6828588628989577,0.33843858127135446,0.6152570208157246,0.6963740915893252,0.47560223540983887,0.4789793571123228,0.6303331458886713,0.6460678249454355,0.595707843685516
0.6771573604060914,0.6196040574970566,0.6177968410860033,0.6148289656786,0.6201735006759894,0.6184591703157459,0.13475206865198258,0.6194311811416588,0.5726909333920847,0.5955798322560963,0.6366471001439478,0.6423040818568064,0.6387726375118039,0.6347817288929257,0.44358639494410484,0.6316990151130837,0.6662374414379064,0.5441756624066987,0.3375549595018723,0.14676655313248055,0.44358639494410546,0.4829917429610285,0.4774873647886239,0.6315778787766403,0.6477742620946765,0.5964345403224459
0.6781725888324874,0.6024209434118811,0.609242839910833,0.6074908671786093,0.6163599818401646,0.6147118028086026,0.11818572405317329,0.6215589527235823,0.624172147513133,0.5726909333920847,0.65238512472102,0.6563015647777137,0.6365756912498284,0.6339828217671531,0.4151001616340634,0.6326080677041428,0.6662235664742115,0.4860199259063652,0.32040764677928113,0.13267051636967253,0.4151001616340636,0.48582629231108065,0.47692638705992385,0.6349667384442194,0.6474230958372265,0.603417602298579
0.6791878172588833,0.6162437854310835,0.6313468751664024,0.6084082023880574,0.6073601332497107,0.6058677667726621,0.12783205843183545,0.6177593440480256,0.6262734122111075,0.624172147513133,0.6588400022465026,0.6604354618762669,0.6330575705557453,0.6333670342540411,0.39013741160600357,0.6317178785540489,0.6658343556080719,0.490109528791154,0.2895725960145087,0.36484202215687916,0.3901374116060036,0.4812357777914775,0.47545309156897153,0.6380975464160276,0.6451544273037046,0.611816102248738
0.6802030456852792,0.6108979510217857,0.6039439471281964,0.5789795290203922,0.5789875438008263,0.5779872788249728,0.11612970451499263,0.608792323232042,0.6225211374632478,0.6262734122111075,0.6373723996107905,0.6366471001439478,0.6292072641220037,0.6320933222074226,0.2960271986558315,0.6258383819057194,0.6642754224831735,0.39842861567203514,0.3293888304683228,0.38391424710639604,0.29602719865583144,0.4565960213881523,0.4687753421175111,0.6396117210833677,0.6425339920217796,0.6174034504627003
0.6812182741116752,0.5736296485161946,0.5741942593152802,0.5643034486555295,0.5639622702773284,0.5632223468568386,0.13038623877175526,0.5805232254095118,0.6136658240232611,0.6225211374632478,0.6091599767271165,0.65238512472102,0.622231409668478,0.6303399439417895,0.35873415619077487,0.6182999845679109,0.6621500912009617,0.3890456493973018,0.3624496426321345,0.21724673694652058,0.35873415619077476,0.4263704061266748,0.456687374746351,0.6401581903103953,0.641297347992521,0.6197112995828119
0.6822335025380711,0.5749279142634204,0.5753298105947593,0.5727116743706108,0.5770044395234077,0.5760382884603615,0.10871039157722848,0.5655527579514301,0.5857488907383579,0.6136658240232611,0.5870396709703425,0.6588400022465026,0.6158746076937218,0.6291748050087499,0.499019626555981,0.6145000642866663,0.660652814387287,0.3844763924674093,0.3114893841719308,0.13847417139444593,0.49901962655598164,0.41280796194070674,0.44399012782721803,0.6431106366375327,0.6304876531950168,0.6363146989899461
0.683248730964467,0.574775142843026,0.5908480873567088,0.5711828212332367,0.5732672655470894,0.5723659972688112,0.1485880923867041,0.5785473546871154,0.5709649190709638,0.5857488907383579,0.6367921821703486,0.6373723996107905,0.6113825777611095,0.6291229503373873,0.4147559359598288,0.6107125393272168,0.6590581706828997,0.3662949776578933,0.30136205215787165,0.32504263858171634,0.41475593595982907,0.4000832713848833,0.4309924275405198,0.641323233147265,0.6316696434519706,0.6316333095048546
0.684263959390863,0.5775244457578722,0.5827482604904504,0.5724058570890883,0.5910382772875555,0.5898288403939135,0.13250335080940423,0.5748238123961769,0.5837976345828548,0.5709649190709638,0.6388228878793152,0.6091599767271165,0.6115864211049595,0.6301422453799918,0.5220629047009084,0.6108400553928626,0.6582682709815522,0.4590185973022086,0.3011761176390299,0.22305165721110748,0.5220629047009089,0.40401868693124826,0.4214725753052898,0.6393460837193122,0.629531121241893,0.6299061477987961
0.6852791878172589,0.629455658299159,0.6241555124251672,0.5967131990248838,0.5985127416195513,0.5971738833679073,0.1993725172250873,0.5925300027388536,0.5801204786165683,0.5837976345828548,0.6351966118754231,0.5870396709703425,0.6148327660336788,0.630631636668029,0.47005978960905254,0.6123014063980396,0.6578215198566904,0.43522676329712184,0.27052345214352747,0.4129350527098901,0.4700597896090532,0.4133700404904392,0.4159437332439642,0.6382797124760143,0.6283899075226833,0.6289623948988529
0.686294416243655,0.5977624055986822,0.5990992286544716,0.5731702836577753,0.5812756783781929,0.5802356532701695,0.16627123071411135,0.5999772032755855,0.597606092682835,0.5801204786165683,0.6266386536255151,0.6367921821703486,0.6111938484306603,0.6301633126538465,0.3492569791361022,0.6103675976387084,0.6566723798666763,0.38451651222005223,0.24615163762036762,0.39386409300018677,0.34925697913610254,0.40863741078555454,0.41046442894935226,0.6356877880629485,0.625629388784523,0.6266551688399554
0.6873096446700508,0.5653817397716564,0.5623096080390237,0.533957556713535,0.5300982043945077,0.52994523056115,0.21377692958803957,0.5828030138058167,0.6049605191257454,0.597606092682835,0.5996591513033451,0.6388228878793152,0.6022777325067765,0.6285590199683228,0.17973822788913518,0.5994939100100625,0.6534308693561721,0.34074408461578043,0.3329051352986205,0.4162525115010294,0.17973822788913552,0.36789880541449693,0.39698892335517005,0.6310238354625005,0.6298011249149453,0.6133506506348848
0.6883248730964467,0.5316264807524326,0.5308945374219647,0.5163767953498045,0.5149203575313563,0.5150304914049998,0.38856142865095483,0.5318122143597099,0.5880002784891414,0.6049605191257454,0.5853716149947974,0.6351966118754231,0.5922367169681075,0.6267894357270035,0.35443705617428223,0.5878416560995741,0.6496825718669546,0.36171636075695945,0.41200090594927496,0.26285230602608384,0.3544370561742823,0.3259584286827264,0.37684824479280893,0.6248722696148833,0.631748839449009,0.5993625300793902
0.6893401015228428,0.5195601022111885,0.5123483549291368,0.4979553280496848,0.49859850156920094,0.49899168017397444,0.1585672952437776,0.5166897300872466,0.5376447009883156,0.5880002784891414,0.5977734169556179,0.6266386536255151,0.5814709314956537,0.6255384105627347,0.3472337936706563,0.5753446938654727,0.6453995816875451,0.3726132712059085,0.4975905003284307,0.2595348472349446,0.34723379367065615,0.28271092838311485,0.3510837033695263,0.61769228402774,0.6326935501766167,0.5843665020744824
0.6903553299492386,0.49115067760126274,0.4975871123535065,0.48702463462007917,0.49806466944945216,0.49846706714661004,0.15240152046099142,0.5004274095940582,0.5227106062681126,0.5376447009883156,0.5942197372975069,0.5996591513033451,0.5734607693491309,0.6242225664410911,0.43048616378682375,0.5650229871705486,0.6412622563292283,0.18852894641207624,0.573638632946269,0.21641800486864254,0.4304861637868238,0.2505732382164816,0.3232995645949318,0.6117304699083944,0.6346826238939953,0.5707082686007666
0.6913705583756345,0.5032933835874785,0.5245358660828008,0.5088859048441715,0.5220897915634042,0.5220756897075151,0.17665352987608784,0.4998955246760046,0.5066508749276866,0.5227106062681126,0.6111181967554635,0.5853716149947974,0.569316016129924,0.6236505306114989,0.5622225904560726,0.5609398139521093,0.6382905918325095,0.2756586498743332,0.5888446980663904,0.27446088131544416,0.5622225904560734,0.24561423049536174,0.2999654997717276,0.6061405562055483,0.629157294966705,0.5653035212699472
0.6923857868020306,0.5137560700711582,0.507503636455412,0.4901586202625293,0.49753072095034434,0.49794245411924576,0.15359853378001276,0.5238330129500699,0.5061256160083619,0.5066508749276866,0.6182256667368469,0.5977734169556179,0.5614492988727839,0.6226604058305921,0.30467332240154577,0.5531402357907143,0.6344097499513752,0.2491965480556169,0.6156691852524625,0.29104437955169987,0.304673322401546,0.22618275491327106,0.2769615215521505,0.5989909248727184,0.6229452400006714,0.5575344604990624
0.6934010152284265,0.48756130666992337,0.4913040982300947,0.4851136848334806,0.49470875425322913,0.49516935149896146,0.1135252798764447,0.49936352380309645,0.5297649011157428,0.5061256160083619,0.6018349390387125,0.5942197372975069,0.5536731735374314,0.6208567900294063,0.41820273577832934,0.5462464231128255,0.6305632380879436,0.25659297046352836,0.6250214080916412,0.16832497431563156,0.4182027357783294,0.21166141762870055,0.255317459716799,0.5928241818979444,0.6193238903631972,0.5490941124319215
0.6944162436548225,0.49107435015629075,0.48365856117994754,0.4780814036150123,0.4807512613485876,0.4814538758810024,0.12834991728246858,0.49655185048873807,0.5056002425786994,0.5297649011157428,0.5531702663738096,0.6111181967554635,0.5427563976887217,0.619503672658222,0.3582282718320954,0.5380719907958476,0.6262846330541381,0.27544605114491405,0.5802190407318089,0.16086258989528854,0.35822827183209566,0.1929419281523263,0.2338243852998179,0.5874391912599403,0.619944025412424,0.537935620038537
0.6954314720812184,0.4780151321781593,0.48078196988057353,0.45629658771130066,0.4503193973318169,0.4515495515485556,0.17525582484152347,0.48264526882161796,0.5028235959085913,0.5056002425786994,0.538737648038861,0.6182256667368469,0.5280874585748452,0.6168509159047381,0.26725730087037813,0.5258587890789754,0.6209028251135917,0.25538007312326994,0.5031314925526065,0.36567138685466277,0.267257300870378,0.15899948703849986,0.20905463491847284,0.581697480227887,0.6250914510123478,0.5215449674431107
0.6964467005076143,0.46518507133061915,0.4766185128702164,0.47051405878899855,0.4775479194920179,0.4783060825690931,0.14746530359974705,0.45232440782435523,0.48909025659018435,0.5028235959085913,0.5232171911688095,0.6018349390387125,0.5178199517118791,0.6145595308966946,0.5866603394932324,0.5208096194512895,0.6168692717538669,0.3014378327400544,0.3158079028909351,0.1658368802222771,0.5866603394932328,0.15603205478066917,0.1885765616098521,0.5747072405784289,0.6180845430262234,0.5148838593736086
0.6974619289340103,0.4683926302414232,0.472606485798563,0.4682208957180566,0.4799885110296791,0.4807043793500292,0.15126360128865204,0.4794536114487329,0.4591471201337113,0.48909025659018435,0.5227095700741484,0.5531702663738096,0.5128598366370987,0.612302174975833,0.4467116204198761,0.5171215800761781,0.6130958286268424,0.31395921370068536,0.268162818936939,0.14676592051257376,0.44671162041987666,0.1590896027023842,0.17287648802507527,0.5677321780561276,0.6085203159419721,0.5108136297633162
0.6984771573604062,0.4826736699913581,0.47979784853979834,0.4433020941718949,0.4429211614799683,0.4442796424640163,0.25141904458753284,0.4818853007045648,0.48593835954322273,0.4591471201337113,0.545555064632604,0.538737648038861,0.505732986047404,0.6093334214779501,0.23088646126466383,0.5073743638594146,0.6079222402792859,0.21614177705282064,0.32279783512694404,0.49585380913098087,0.23088646126466386,0.13770214953161192,0.15554316674757251,0.5591025336208798,0.6010011001104152,0.501457593872253
0.6994923857868021,0.4567844494309119,0.4628413916353612,0.45025797938754186,0.4527600470591575,0.453947963477215,0.18574774792777954,0.44495315771738686,0.48833975583647726,0.48593835954322273,0.5222018383143261,0.5232171911688095,0.5011956601538978,0.6059449581839157,0.4891764045921553,0.50118565883401,0.6033624602729222,0.22358523573714031,0.344972039431956,0.23466023250046902,0.48917640459215567,0.13199196525291063,0.14040210796523694,0.5514102316857513,0.5916401246998035,0.4957803021509467
0.7005076142131981,0.4586172986190675,0.4561041454494379,0.44781196599339834,0.44253978632051405,0.4439048941985295,0.1624786426045959,0.45475615505761435,0.4518676979620365,0.48833975583647726,0.5195184294842976,0.5227095700741484,0.4956995217555222,0.6019860799051261,0.3759480314569712,0.49426664261752523,0.5985546444547121,0.23040839253900278,0.37157348793317285,0.18739593402533375,0.3759480314569712,0.12383930642804847,0.12646974649803,0.5446211193716998,0.5866562816177492,0.4874866437767187
0.701522842639594,0.4500639635641912,0.4751802172205294,0.4488056388881081,0.47762414797216524,0.47838092858923953,0.18186837421154278,0.4445731736588603,0.46154857368213476,0.4518676979620365,0.506246246030233,0.545555064632604,0.4912980837446977,0.598304306749042,0.6325049194776816,0.49497533921264764,0.5954006740303541,0.4034458995473533,0.2730234200336176,0.3855717112621521,0.6325049194776822,0.14727061440351275,0.12055326826328139,0.5403252685630219,0.5808096261316464,0.48493594753648905
0.70253807106599,0.4841247071589784,0.49879832084873765,0.48702463462007917,0.4816664686277906,0.48235306445226855,0.1334400073082616,0.4795295618784964,0.45149244758518303,0.46154857368213476,0.4773085790122968,0.5222018383143261,0.489727758488019,0.5951929473413712,0.4554801524664274,0.49628908178829506,0.5925392168457537,0.44271063826698986,0.24191630530301733,0.22968530955357247,0.45548015246642776,0.17229179224611668,0.12140432456023525,0.535581620120888,0.5717226040506842,0.4847542532293765
0.7035532994923859,0.4825208985709638,0.4825230099004685,0.47349507747312813,0.48609016444287034,0.4867002364500924,0.11375737427863031,0.4835571377981981,0.48601336381445837,0.45149244758518303,0.5032001874667831,0.5195184294842976,0.4888746461584251,0.5929129045381601,0.45746957516492,0.49816710220994204,0.589974729983884,0.48943945792333854,0.22182715370109263,0.19817577723681723,0.45746957516492026,0.19855465421106705,0.12794652816101715,0.5312440249742959,0.5622697375703567,0.48573352608459663
0.7045685279187818,0.4900815107194031,0.4995552395278573,0.4913816561183809,0.5071408628994123,0.507385949202697,0.12963771291378393,0.48796469777642637,0.4899907658863626,0.48601336381445837,0.5055209465633901,0.506246246030233,0.49148682459497434,0.5893072950169679,0.5476234395429863,0.503525505081406,0.5883899967949013,0.540438158480074,0.28595315248637615,0.19071212757666062,0.547623439542987,0.23775072286913668,0.14192808909122673,0.5270696143452179,0.5479995348114723,0.49185672915301126
0.7055837563451778,0.5101666991398189,0.5052326494036536,0.4988725466240139,0.5065306859201573,0.5067864901551864,0.13512090748054817,0.5089386118766064,0.4943434183351203,0.4899907658863626,0.47027359471153324,0.4773085790122968,0.4970509069346905,0.5860776423720649,0.4301043023171559,0.5077988727502494,0.5868419258729427,0.48147729148705,0.3131397139462141,0.17164116786695727,0.43010430231715613,0.2706616477701492,0.16045841438300917,0.5224929432547412,0.5283528685962802,0.5025773634343118
0.7065989847715737,0.4960383142798278,0.5102287978160822,0.5005541917670303,0.5168271169492686,0.5169044054540181,0.09638169680135089,0.5083306605739346,0.515056048229922,0.4943434183351203,0.47962939344148453,0.5032001874667831,0.5009389638424531,0.5835026700983098,0.4881202782142411,0.51316462379479,0.5857845955921885,0.5711727830105829,0.37165335331358285,0.2081256231306079,0.48812027821424175,0.30631508405854013,0.18323982621613633,0.5192862322753895,0.5118199783087218,0.5128602773330102
0.7076142131979696,0.5174217684474695,0.5281693760612944,0.5194343849894335,0.5258270819190816,0.5257482111945121,0.11304481877081318,0.5185895344250251,0.514455670529024,0.515056048229922,0.46991094497811176,0.5055209465633901,0.5054763012557868,0.5820296374087143,0.4807440965229728,0.5191887643213431,0.5851446141232823,0.600124839930609,0.43565262581103775,0.1998332413925733,0.48074409652297356,0.3427549749822566,0.20959762861803757,0.5190737177516758,0.5109288841167656,0.5133368654888614
0.7086294416243656,0.53261932018932,0.5381616728861518,0.5263137575671407,0.5202593770049979,0.5202770822695363,0.1302483524294974,0.5275566711958632,0.5245867436420424,0.514455670529024,0.5032726731474029,0.47027359471153324,0.5131316354421172,0.5814349146967724,0.404281903124466,0.5231067668903004,0.5842971939407471,0.6258242871775269,0.4047951459803202,0.23466023250046786,0.404281903124466,0.3686545134162388,0.236464142376879,0.5193393666969045,0.5118217081615262,0.5129625190103315
0.7096446700507615,0.5116940637524111,0.5202967518566914,0.5166826126313268,0.5207169806445995,0.520726734129031,0.09772544631068389,0.5220092749969096,0.533442171592367,0.5245867436420424,0.5071165168583156,0.47962939344148453,0.5198583621107258,0.5809309395142287,0.4357500315085528,0.5263954851748347,0.5835021178064901,0.7403690238281571,0.36578559911828107,0.14344909434134126,0.43575003150855307,0.3904434596963492,0.2628202212249696,0.5204398966098315,0.5147153241071614,0.5122180663763847
0.7106598984771574,0.5208583679584146,0.5336954715055866,0.5201222989201805,0.5405472087632726,0.540213068195721,0.1603686675411839,0.5224652094851998,0.5279638825233863,0.533442171592367,0.5113230103026498,0.46991094497811176,0.529559640662949,0.5807607866602648,0.5373850239981279,0.5326865139893473,0.5835664335634463,0.7257998616349197,0.2728155404035059,0.25290246013229317,0.5373850239981286,0.4230476613843449,0.29118170621220024,0.5225536633445413,0.5213194474878284,0.5097402201508696
0.7116751269035534,0.5425472484363946,0.5738158577293202,0.5482514237940542,0.5652588527159856,0.5644964564151761,0.16475562286515258,0.5422231050251818,0.5284141371714755,0.5279638825233863,0.5313401246698373,0.5032726731474029,0.5382341742887891,0.581021687043627,0.5605498523022943,0.5423202197726789,0.5846603126291736,0.7662636049094877,0.33631731633287854,0.3872317058975353,0.5605498523022949,0.4673530341187335,0.32375898927021773,0.5247015887488802,0.5307463644748462,0.5045021611368958
0.7126903553299493,0.5592721647908373,0.572604649234089,0.5665966117264715,0.5760892322442048,0.5751389847413723,0.12100539983470768,0.5668446109865368,0.5479258971541432,0.5284141371714755,0.5307599072293951,0.5071165168583156,0.5475806248808202,0.582262989611558,0.4878168715636406,0.5521686425434287,0.5861636268929367,0.9653432155127375,0.38460962773747387,0.17495862665809656,0.48781687156364095,0.5100859459269996,0.3593579681752225,0.5286103562233159,0.5440132649809466,0.49886396086525353
0.7137055837563453,0.5637016037386698,0.5670785537897969,0.5552073090097013,0.5709791309697227,0.5701176228236146,0.11919032454676645,0.5776354857105352,0.5722406787439955,0.5479258971541432,0.5405507860408072,0.5113230103026498,0.5559833712214695,0.5814511206724583,0.40790428230065806,0.5592986831312075,0.5873945635142819,0.9269508963662879,0.3713933043643142,0.23797642605179353,0.40790428230065795,0.539346415305396,0.3943675173721909,0.5324052749770228,0.5543786263505732,0.4959088992372128
0.7147208121827412,0.5811138166892115,0.5808557905318517,0.578826620379631,0.58699595663193,0.5858567045308846,0.08580584289806831,0.5725440239998718,0.5828971252866766,0.5722406787439955,0.5491088549558762,0.5313401246698373,0.5638878389526303,0.580520956023442,0.5134749222855703,0.5680402731437624,0.5892461732238821,1.0,0.4147127538108351,0.13267051636967253,0.513474922285571,0.5732957199552554,0.42995197938490287,0.5376915998120418,0.5671372484387731,0.493475367220345
0.7157360406091371,0.5810374892442395,0.6034140000963328,0.587846364022638,0.6020211137760689,0.6006214062035721,0.13276913172998828,0.5885024268191519,0.5778690908657851,0.5828971252866766,0.5438145229764391,0.5307599072293951,0.5733399724401955,0.5801401378489838,0.5074174681726511,0.577920362104968,0.5916526987170692,0.9897630272317894,0.4531439111023387,0.2819232657357872,0.5074174681726518,0.6098005350348489,0.4665667117357916,0.5452396900862485,0.5798446641889541,0.49551897148589064
0.7167512690355331,0.5947840038184699,0.590696657418005,0.5860883228768005,0.5796739492602287,0.5786616990403531,0.11409737973127865,0.603472778322379,0.5936286906109309,0.5778690908657851,0.5442496583904803,0.5405507860408072,0.5795608750124428,0.5789993078794734,0.32467093570196215,0.5819468518122797,0.5930315180025179,0.8491362715009773,0.4244424979551789,0.16169132197316657,0.3246709357019623,0.6203356047646217,0.4982097197055926,0.5503210860658388,0.5874059557875029,0.4978896084008462
0.717766497461929,0.5775244457578722,0.5815370519952192,0.5817313013784989,0.5895127766497383,0.5883298473319668,0.1194050047318139,0.581207127141947,0.6084125477679871,0.5936286906109309,0.5631062272116225,0.5491088549558762,0.5858648124997774,0.5782700834819289,0.4821761184562371,0.5870275319783615,0.59476718603678,0.8563018506857792,0.4066389289945855,0.10862336847326029,0.4821761184562376,0.6341358048647329,0.5266040615865154,0.5557705896277855,0.5956267862879379,0.5003200285715336
0.7187817258883249,0.5872233916700306,0.5987207115613118,0.5743933195136269,0.5982075949402443,0.5968739235487054,0.1530604059225467,0.5910100665047471,0.5864242727104916,0.6084125477679871,0.5866045355563012,0.5438145229764391,0.5935805278608348,0.5774128383054454,0.47611287846172873,0.5927630320631503,0.5967979290406309,0.8392352138615308,0.35336931661417803,0.3764505974462395,0.47611287846172934,0.6494933704816548,0.5527470442050385,0.5634970415466632,0.6006570800748052,0.5104013647030126
0.7197969543147209,0.624873447930932,0.6333150023407532,0.6267532736853559,0.6393174397146191,0.6372711993147789,0.2691801186736076,0.5996731696468223,0.5961050911754211,0.5864242727104916,0.5969031461275354,0.5442496583904803,0.6053202110519911,0.5773366771432383,0.6339582667163488,0.6049193750066495,0.6004659938622934,0.8906636514306935,0.3627458521569677,0.18739593402533491,0.6339582667163493,0.689796809189144,0.5826563717464737,0.5727794153660889,0.6131524583624683,0.5160509955939783
0.7208121827411168,0.6182293477744082,0.6802483497197622,0.6241544099680104,0.6673848824841964,0.6648518425909896,0.3720047903371078,0.6406330624859837,0.6046602730201276,0.5961050911754211,0.5920439495621395,0.5631062272116225,0.6178752560987204,0.5783883816645302,0.565418377765579,0.6199612332174678,0.6051624539380818,0.9057875249797068,0.46690829071752443,0.7296853095535718,0.5654183777655792,0.7395688188953331,0.6176919755994021,0.5839668371259464,0.6274699574513243,0.5236035780948147
0.7218274111675128,0.6529011187855477,0.6478492732691274,0.6467035941228497,0.6462579555475072,0.6440912838182388,0.1307779159178791,0.6685981266797509,0.6451099047319793,0.6046602730201276,0.6072743530445508,0.5866045355563012,0.6258929637321162,0.5786395594515544,0.3363042029761921,0.6284325278154759,0.6087923698544382,0.8122450647388374,0.4861902909838654,0.13018305489622486,0.3363042029761924,0.759919297226478,0.6502622885322404,0.5923574027220163,0.6372206328924996,0.5302569530932457
0.7228426395939087,0.6381617647744297,0.663973038771493,0.6456334669077594,0.6685288915832002,0.665976029813588,0.16921566080530762,0.6475482621498074,0.6727265919112644,0.6451099047319793,0.6215617786879373,0.5969031461275354,0.6350431164671704,0.5792196957963053,0.5375146597449552,0.6394069668813398,0.6132100850921589,0.8553047523763897,0.545604361793817,0.3184077209994378,0.5375146597449557,0.7889855623542117,0.6828055623504615,0.6016549536685986,0.6494863830011703,0.5361662576163774
0.7238578680203046,0.6629054910080444,0.6590526630820162,0.6496846711245386,0.6477071113258179,0.6455152005645924,0.11439656169129159,0.669737962900476,0.6519389577452273,0.6727265919112644,0.600311854424407,0.5920439495621395,0.6426380464391195,0.5798371053905967,0.33779862043093045,0.6446057737201376,0.6165849318371406,0.7851931955818986,0.5078789124786173,0.22056419573765984,0.3377986204309306,0.7927754327502321,0.7096860065603032,0.6096963874341977,0.6549664992482871,0.5464134528905947
0.7248730964467006,0.6621417504365231,0.6571601931234174,0.643951821764743,0.6396986984947144,0.637645544563234,0.09123565289754015,0.6489921319992957,0.6738522285314872,0.6519389577452273,0.6096675978217776,0.6072743530445508,0.6478548347856901,0.5809147360112273,0.3959378049617728,0.6474053827315136,0.6194929590946356,0.7367069570656579,0.4730584008147783,0.2620235739482058,0.3959378049617728,0.7861664134075137,0.7297153577123141,0.6162919522905418,0.6592069804212952,0.5550728591260811
0.7258883248730965,0.6291502319888206,0.6345262108359844,0.6347792861160938,0.6407664791135708,0.6404230227970039,0.09535682730092479,0.6410129305896559,0.6533648404710679,0.6738522285314872,0.6179355026840452,0.6215617786879373,0.651690050245685,0.5825093061004137,0.43837093786776427,0.649889831876745,0.6223315420843245,0.7019808212147955,0.4540643643211468,0.11359829142015562,0.4383709378677648,0.7781776263181099,0.743955897167806,0.6229710058227141,0.6617268073002569,0.5656188889237417
0.7269035532994924,0.6405291974035151,0.6566302460915538,0.6477737213379401,0.662427354549368,0.661740896550537,0.10891222520864943,0.6420768163806174,0.6454850405984951,0.6533648404710679,0.6570268642445567,0.600311854424407,0.6598814077556108,0.5834524375081266,0.5351443124848789,0.6558551838389508,0.625963477787226,0.7187328973405582,0.3752782809358483,0.21475927547307289,0.5351443124848791,0.7843828721769872,0.756733218581613,0.6302155101243868,0.6669876812228077,0.5745262153366524
0.7279187817258884,0.6494644027441524,0.6529210788973081,0.6473151120507755,0.6574697102351803,0.6568618572187807,0.10750938155263445,0.6636586817834691,0.6465356729474823,0.6454850405984951,0.6837162025139252,0.6096675978217776,0.6666081344242194,0.5842448612545509,0.4104796519063664,0.6598358456793743,0.6292459278848406,0.7192096063424576,0.26798698272331106,0.17910481752711385,0.41047965190636626,0.7820113207954186,0.7664257916987145,0.6367655378086742,0.6703562701022501,0.5839697223410211
0.7289340101522843,0.6570250148925917,0.6660169386687955,0.662755618984325,0.6737153377171885,0.6728501185992762,0.11854656947059353,0.6587191209323326,0.6678486805431818,0.6465356729474823,0.6636266024661177,0.6179355026840452,0.6740822790070606,0.5854634769401325,0.5086037652962274,0.6660422111717863,0.6330781555039651,0.7195470534391637,0.14498368247422322,0.1550576696307016,0.5086037652962279,0.7885809947331924,0.7756460732812622,0.644400912488145,0.6735483789416439,0.5957137972128842
0.7299492385786803,0.660079744117776,0.6722999527922073,0.66634821391394,0.6613595739305114,0.6606899432799588,0.12595217941782272,0.6749054909957575,0.6629706546647616,0.6678486805431818,0.6848040410490281,0.6570268642445567,0.6762641227754622,0.5866107902889913,0.3768967553788844,0.6688769069444245,0.6362440593696874,0.6580886621359611,0.12835857916235777,0.18490847255188725,0.37689675537888456,0.7809922304827246,0.7813286343768422,0.6513987435964746,0.6718250523816371,0.6111331741544886
0.7309644670050762,0.6512209827525611,0.647092239082808,0.6472387160479544,0.6525121823003519,0.6519828178870243,0.10019112817006554,0.6625947959925074,0.678955381733952,0.6629706546647616,0.6650046050540226,0.6837162025139252,0.674791946447272,0.5881729508994903,0.39249990783089206,0.6695899232207123,0.6389162975116529,0.6996524857316722,0.11858710133894955,0.11608575289360329,0.39249990783089184,0.7649839996141321,0.7823019583458367,0.6569696873380216,0.6694958302318246,0.6243672092072804
0.7319796954314721,0.6348014927084568,0.6342234664657764,0.6285878274691333,0.6214700831146467,0.6214322845314061,0.09940063690358089,0.6537796760360506,0.6667980481941946,0.678955381733952,0.6573894033128169,0.6636266024661177,0.672338315393679,0.5893948058020614,0.2889373915545248,0.6645374796532191,0.6401872640987087,0.5920725041601371,0.18671852911859144,0.17744608813154422,0.2889373915545248,0.7261968183170611,0.7744240751555385,0.659766540606516,0.6667961905054633,0.6325438439515106
0.7329949238578681,0.6246443490655657,0.6240040824864634,0.6190330785361405,0.6247497698307225,0.6246598752155638,0.07697369454035743,0.622850805758689,0.6580927432966792,0.6667980481941946,0.6584047561673003,0.6848040410490281,0.6680048328440229,0.5904092395464969,0.449023845373256,0.6609991027738276,0.6415453654636689,0.5812150614813765,0.20567413829651365,0.1691537063935096,0.44902384537325674,0.6953115503026988,0.7612287791646437,0.6621877006243689,0.6647602426070252,0.6393206234100605
0.734010152284264,0.6339614246919635,0.6269563310015893,0.6196445964640663,0.6284869438070411,0.6283380389410026,0.06950242443014829,0.6261185295161922,0.6275491718841393,0.6580927432966792,0.6790020879749299,0.6650046050540226,0.6661023218476854,0.5915824789946947,0.4511588774223964,0.6587825664200293,0.643006291580076,0.4905259734217374,0.2246822593063167,0.1948583184456779,0.4511588774223967,0.6713065301724224,0.7453150900695622,0.665049066816806,0.6612612837256393,0.6484240237164997
0.7350253807106599,0.611203377332124,0.6031112557261249,0.608025989103714,0.6079703102289657,0.6081461947736407,0.08970120343659582,0.6298420718071307,0.6307761877126741,0.6275491718841393,0.6742878627707733,0.6573894033128169,0.6629616828541551,0.5919422298952982,0.335890456490878,0.6532441576384926,0.6435530462148775,0.3517864456810005,0.2875199499922466,0.05970160584237128,0.33589045649087795,0.635082400655217,0.7244996195958491,0.6660926694740753,0.6594838797107803,0.652246246456606
0.7360406091370559,0.615785587700351,0.6180995854562112,0.6212497289691427,0.6171989606392205,0.6172288168922632,0.05980841506358331,0.6094002745347136,0.6344533436789606,0.6307761877126741,0.6897358339602053,0.6584047561673003,0.6606288487094978,0.5923392515727578,0.47798976068777255,0.650388231633162,0.6444637954522485,0.43243960046181407,0.31308294872796916,0.08043129494764426,0.47798976068777327,0.611629941062055,0.7026131116493298,0.6668478603906741,0.6587478437081398,0.6544611612002197
0.7370558375634518,0.6107451796013913,0.6174183239928435,0.6165106108216164,0.6133092133232485,0.6134006156833617,0.07564821568507102,0.6185952625948423,0.6142662017241591,0.6344533436789606,0.6779867351204465,0.6790020879749299,0.6557668825632057,0.5930198605159288,0.41468632752449436,0.6473453653106751,0.6451763731564617,0.33508125098077757,0.3147205942746943,0.12437813463163791,0.41468632752449414,0.5887783877503747,0.6800038842865963,0.6685214209507998,0.6549865456168835,0.6615029829139071
0.7380710659898478,0.6090650435684047,0.6034140000963328,0.6025988403903219,0.5972923876610412,0.5976375832496449,0.08972803845972677,0.614719703489522,0.6233466424881904,0.6142662017241591,0.6695737482317781,0.6742878627707733,0.6498102217892763,0.5944475194408255,0.356238269093883,0.6419478269697227,0.6451920615243592,0.3461325800878473,0.3403043742805835,0.12189067315819024,0.35623826909388284,0.557716328568799,0.6549840566173425,0.6689085042850421,0.6538889170119859,0.663359718319137
0.7390862944162437,0.5903545648706373,0.5994777457476312,0.5941142186724194,0.6018686568157745,0.6021413561511598,0.08047595053791373,0.5987613006702421,0.6195193634690952,0.6233466424881904,0.6400558084408192,0.6897358339602053,0.6426984679332417,0.5962948893982155,0.45569817449530364,0.6383624996847552,0.6453982632259208,0.3867039808052284,0.27155914278396187,0.1708137010288928,0.45569817449530425,0.5357595277044058,0.6300678647715234,0.6690906645544424,0.6534574875821155,0.6641482526734933
0.7401015228426396,0.6183056752193802,0.6327851708160894,0.6203325103948133,0.6409190524532244,0.6405732905759131,0.13327300211111698,0.603320877462852,0.6037597637239493,0.6195193634690952,0.6431744633500502,0.6779867351204465,0.6406751600279688,0.5993187404934778,0.6232815543654266,0.6425188097000005,0.6472273241842377,0.5204955121924274,0.21157204413914943,0.2512437307367235,0.6232815543654272,0.5466056723681797,0.6125555592420632,0.6691703546055418,0.6535465615155622,0.6642149828231555
0.7411167512690356,0.6622180778814951,0.6720728656377515,0.6671890364854479,0.6622747812097145,0.6615908590670744,0.1813068370785795,0.642228833194999,0.6082625392255161,0.6037597637239493,0.6467281430081613,0.6695737482317781,0.6416415122597976,0.6028076739132481,0.5336969708907442,0.6497966471964658,0.6498765824584642,0.5196282271803202,0.24815074445301583,0.17329989726252693,0.5336969708907446,0.5699816324727534,0.6037627731922266,0.6689160957439136,0.6527048500930135,0.66456042778612
0.7421319796954315,0.6615307812853962,0.6548892060716589,0.6493789704781353,0.6452665197881569,0.6448519496783723,0.09173495561515721,0.6635066649690875,0.6466857960002912,0.6082625392255161,0.6272188710659572,0.6400558084408192,0.6439970059047293,0.6054247807347132,0.35488252767393086,0.6526633218395179,0.6517115956763699,0.4873705611817776,0.2718924514912223,0.17827482020942226,0.3548825276739311,0.5746208984461041,0.5977639380339843,0.6688667657377144,0.6526237847151888,0.6645450859300078
0.7431472081218274,0.6547339097084782,0.6506500918455498,0.6547296065535874,0.654952773838013,0.6543847993951061,0.06610693756717675,0.6465604427434639,0.6676985574903729,0.6466857960002912,0.6359943970228858,0.6431744633500502,0.6469866545220038,0.608769489872543,0.4786919618154029,0.6567673620915115,0.653879195436667,0.468154735674447,0.3093527444136117,0.07379764260517929,0.47869196181540363,0.5842103467468337,0.5951050477367922,0.6681912706628016,0.6505070973916292,0.6653431508964206
0.7441624365482234,0.6604616144035366,0.6587498032046086,0.6424994812653092,0.6375631372570012,0.6372705084284392,0.0850307674959355,0.6562113652918826,0.6509634441778134,0.6676985574903729,0.632295635338374,0.6467281430081613,0.6478850628124919,0.6118046831726375,0.35261929194658725,0.6569680533089717,0.6552355105194014,0.4558399725511252,0.31350652601954665,0.29519057042071717,0.3526192919465873,0.5776048627828521,0.5915037203107563,0.6676865457736881,0.6497663363599844,0.6650973778244279
0.7451776649746193,0.6348779366838792,0.6314983051051062,0.6224727648249943,0.6216226564543001,0.6215823220148687,0.1271069418493613,0.6388851590077325,0.6604941395899337,0.6509634441778134,0.6170652318559626,0.6272188710659572,0.6492364422317467,0.6147977443977072,0.35822637751828584,0.6542381954960348,0.6558728802171845,0.43947683764743595,0.29798783877406937,0.21393054339519485,0.3582263775182862,0.5594548308581454,0.5845719252401358,0.6667871518820471,0.6493801923733966,0.6637241588290782
0.7461928934010154,0.6165492117414219,0.6481520176393354,0.6231606787557412,0.6366479299777981,0.6363698229367701,0.1724544197140357,0.6230028225730706,0.6433837759005205,0.6604941395899337,0.6214168073266977,0.6359943970228858,0.6511616012085313,0.618756622676497,0.5051535532760535,0.6547325755473521,0.6571127878145211,0.5628827789549143,0.29257181686040473,0.3888891700532914,0.505153553276054,0.5552988941368563,0.5780989651642833,0.6665822288172049,0.6491302733676789,0.6635734589410686
0.7472081218274113,0.6430494014529949,0.6501201448136862,0.6415058666881587,0.6528172126003,0.6522830080016729,0.14173345685056746,0.6379732900311523,0.6276992949369482,0.6433837759005205,0.6585498381937012,0.632295635338374,0.6550723060967407,0.6224805279076057,0.509609063018511,0.6580726679442555,0.6589793840848173,0.5943777942669903,0.2922878687485275,0.21144181668193363,0.5096090630185117,0.562997871041973,0.5746388585890043,0.6661040653482625,0.6476927326805004,0.664077493130539
0.7482233502538072,0.642362104856896,0.6489847090414069,0.6401299221915459,0.6558680974965752,0.655285484886775,0.15164528667084418,0.6540835937099592,0.6424832666043423,0.6276992949369482,0.678857005948529,0.6170652318559626,0.6608704310075413,0.6262173998974111,0.4475374941745389,0.6613593714898582,0.6609002011640956,0.5927988427797409,0.22933798769178598,0.21393054339519485,0.44753749417453936,0.5702244957446863,0.5734836150153021,0.6660243752971632,0.6474560453724845,0.6641585991942262
0.7492385786802032,0.6497699455849409,0.6732840741329826,0.6532772660541534,0.6776814298926666,0.6767533961237707,0.1487710844061395,0.6571233502233174,0.6583928748919594,0.6424832666043423,0.6626838459574154,0.6214168073266977,0.6683747690577024,0.6312052958151432,0.5345340622922192,0.6680087926029121,0.6636567291642874,0.7041038595518724,0.18732637806959568,0.33747994594895475,0.5345340622922197,0.5908328963598614,0.5771588132301495,0.6662217126937201,0.6483884850909789,0.6636109042922337
0.7502538071065991,0.6797067348074591,0.6754036312460372,0.6734568911352296,0.6711984013200212,0.6703730607756017,0.21381318541716327,0.6788571164856958,0.6613947633964496,0.6583928748919594,0.6718945073283853,0.6585498381937012,0.6713719746816775,0.6358464038819412,0.40382714445047263,0.6722722076118091,0.6660343933719652,0.6645108304527242,0.2081967474604991,0.1417916301855852,0.4038271444504727,0.6008268466345802,0.5823294265826711,0.6667112546650903,0.6502228674560993,0.662731694952876
0.751269035532995,0.6719934677690759,0.6835791153280479,0.6724631599229601,0.6895032451802359,0.6883880372339376,0.14157787081220194,0.6723977353553077,0.6828577795346207,0.6613947633964496,0.6553586976038501,0.678857005948529,0.674067188033314,0.6410935781018557,0.5171580793909513,0.6790837757913066,0.6690833203799176,0.710639120403629,0.27066611657266004,0.24212388216062442,0.5171580793909516,0.6206677040800466,0.5908940096730781,0.6685517867862864,0.6573149462676253,0.6592304875539098
0.752284263959391,0.6891765818542513,0.6955394238200563,0.6907318352174375,0.7038421132443318,0.7024998513155024,0.14242545787258215,0.6906358106160377,0.6764788666591242,0.6828577795346207,0.6402008904672201,0.6626838459574154,0.6798653014242872,0.6458999777244491,0.4979985754795088,0.6872601573806256,0.6726115465861282,0.7885958009459395,0.3531860049251409,0.17495862665809656,0.4979985754795094,0.6450730158797973,0.6031924657411609,0.6726503001984071,0.668275679864955,0.6562732329763409
0.7532994923857869,0.7042976896206795,0.7162809361488904,0.7004394927911916,0.6927829318963119,0.6916157430658186,0.14745987949932698,0.7049223763416845,0.6944897396447154,0.6764788666591242,0.6544884267757678,0.6718945073283853,0.6836099249624947,0.650385519304474,0.3840736643773005,0.6919420843688959,0.6755395226219021,0.7426372571640775,0.3848748857833644,0.29684929981628677,0.38407366437730034,0.6540494760063705,0.6150346014201967,0.6760353670318436,0.6750504833226763,0.6561121459265388
0.7543147208121829,0.7007083186893402,0.7118147347683255,0.6994457615789224,0.7011726035075108,0.6998726408606418,0.12439403520241171,0.6939035343735409,0.708598329339976,0.6944897396447154,0.6698638016194185,0.6553586976038501,0.689906316962956,0.6549553250345493,0.47107207717998323,0.6972959312215412,0.6787030719541622,0.6906479902696473,0.3945133047518536,0.25870738039688007,0.47107207717998384,0.6651758264524281,0.6269914943761299,0.6796519241408795,0.6826548670224992,0.6555732095361252
0.7553299492385788,0.7009374175547064,0.7026551293455396,0.7007453100727138,0.7112403490961803,0.7097808721553404,0.100340719150072,0.7022626038868529,0.6977167554732504,0.708598329339976,0.6727648888216291,0.6402008904672201,0.6987771369259457,0.6592917785617808,0.47830416041181995,0.7035041919088307,0.6821630414243653,0.6671612711880824,0.34119875396013016,0.14427782641921932,0.4783041604118202,0.679097070372323,0.6396639588657116,0.6847902415855408,0.6901583903154838,0.6581130866429613
0.7563451776649747,0.7091853262992446,0.7059102377380733,0.7008981020783561,0.6962150755726824,0.6949934863811621,0.08091044952945928,0.7122936264486528,0.705971691212339,0.6977167554732504,0.6935071919904983,0.6544884267757678,0.7046733992454075,0.663321957940951,0.3668078369821519,0.70585577784562,0.6848597930276432,0.6747792726310076,0.2624651204301787,0.17827608544923582,0.3668078369821519,0.6765474405608419,0.6492329028110944,0.6887217776460047,0.6941120645224104,0.6618467258911901
0.7573604060913707,0.6941405459777884,0.6886509209562286,0.6864513263570758,0.6914100045981484,0.6902644845328684,0.06264521958328634,0.6973231589905711,0.7158777515116508,0.705971691212339,0.6873424785178173,0.6698638016194185,0.708493512211829,0.6670312792775531,0.4118037948738952,0.7069074223449423,0.68725010516018,0.6338113143714886,0.20313501408529705,0.14593782105460248,0.4118037948738953,0.6686580475580691,0.6551272993228509,0.6926077707438255,0.6960756587073198,0.6674843303341954
0.7583756345177666,0.704832214796384,0.7080297948511278,0.7122110087923051,0.7152064412716586,0.7136841496798346,0.07781414462650071,0.6925356149538162,0.7010937798442567,0.7158777515116508,0.7047485590704348,0.6727648888216291,0.7143671265508438,0.6710549777500597,0.5404702438141992,0.7120881995050707,0.6905405412888324,0.7538919420039656,0.15533554874716926,0.07877256555207462,0.5404702438141996,0.6777638764500367,0.6618750599420705,0.6984747176849148,0.6985564760442793,0.6764802876026478
0.7593908629441625,0.7213280322854606,0.7187790103551048,0.7268870891571678,0.7273334032385348,0.7256190960523733,0.07266410401711731,0.7162452519385911,0.6963658770186454,0.7010937798442567,0.7183833922579206,0.6935071919904983,0.7192819341449028,0.675454630626171,0.4868795128219297,0.7185287169022718,0.6942084250817868,0.8451472977273798,0.18699766891020086,0.03731318734152867,0.4868795128219304,0.6914769691782279,0.6703337632760464,0.7047173578766456,0.7019607052500698,0.6852866005507644
0.7604060913705585,0.7282776752827728,0.7379307970955482,0.7317791159454553,0.7467060277176063,0.7446849106335641,0.1276133815412153,0.7283279796976962,0.7197801493123195,0.6963658770186454,0.7078672139796658,0.6873424785178173,0.7267560672079165,0.6802561664779104,0.5180261432155269,0.727315410626306,0.6985415708453355,0.8505545407236612,0.23038294910291024,0.19402958636779988,0.5180261432155272,0.7139859467445052,0.682124290723923,0.7099809083350493,0.7128289160612897,0.6847017683940558
0.7614213197969544,0.7422532887223695,0.7476958912587499,0.7494362733120069,0.7563923981468215,0.7542179906457444,0.09400222959075161,0.7476299407493883,0.7317123555280323,0.7197801493123195,0.7158449547891317,0.7047485590704348,0.7333770994611635,0.6848421781836717,0.47503526786660766,0.7362631239827986,0.703109342029695,0.8423945149358196,0.3045144078691338,0.10945210055113833,0.4750352678666082,0.7359877614679369,0.6964670886080333,0.7146638366873833,0.7248776138907636,0.6817984980962984
0.7624365482233504,0.7600473719586719,0.7518593482691072,0.7562392498868932,0.7522738490110488,0.7501646756377874,0.06346197491496294,0.7572809792526616,0.7507738608626107,0.7317123555280323,0.7254183765586841,0.7183833922579206,0.7381711216661144,0.6888156415933103,0.4157587464003749,0.7428362408650186,0.7073259731133956,0.8182971640469513,0.3478735262148405,0.08126002702552232,0.41575874640037525,0.7471626446361219,0.7104353428850292,0.7199881072355875,0.7334751542069262,0.683606582141847
0.7634517766497463,0.7458426596537088,0.738309314188708,0.7309382933739473,0.7380112094271003,0.7361278227240923,0.07840223130362542,0.7531774529031963,0.7603046707850689,0.7507738608626107,0.7111308402501364,0.7078672139796658,0.742648049105153,0.6922559595587073,0.37223687401881705,0.7456248048287408,0.710781564845949,0.7148955471981184,0.32737672048699334,0.20729689105272986,0.37223687401881705,0.742247948233238,0.7205130819250855,0.7241207735267509,0.7385480872937491,0.6866128471706233
0.7644670050761422,0.7282012313073506,0.7376280527253403,0.7324670298762023,0.7448756131592003,0.7428836547979495,0.06092635070805921,0.7389668376073131,0.7562522644419292,0.7603046707850689,0.7065616970723807,0.7158449547891317,0.7469739976877634,0.695950697000803,0.46309607468579,0.7491526178355035,0.7143883360228926,0.7574737965472167,0.31783410613389884,0.18325100839613118,0.4630960746857906,0.7403611699189162,0.7281541810368466,0.7294602269926983,0.7422952615128542,0.6933083296144736
0.7654822335025382,0.7204879642689673,0.7154482447468191,0.7177909495113396,0.7248164668413675,0.7231420382286987,0.06756887536987369,0.745806202796228,0.7422186790179042,0.7562522644419292,0.7291897345889771,0.7254183765586841,0.7483178316201451,0.6988789367958136,0.3468941880918172,0.7483971899479354,0.7170158919551994,0.6327052886703314,0.3061072803871953,0.09950225465734763,0.3468941880918174,0.7210165210937651,0.7299497120039331,0.7345947516032169,0.739102636151739,0.7065530805312924
0.7664974619289341,0.7275903786866739,0.7179463189530335,0.7210777271594321,0.7154352430914592,0.7139093786266136,0.06736133215906318,0.7258202240572462,0.7489728422702544,0.7422186790179042,0.7407212657217153,0.7111308402501364,0.7502203426164824,0.7012886199864584,0.3922592673849116,0.7460759129079402,0.7191485982693131,0.558127010094626,0.2650742988119127,0.09121113815912657,0.3922592673849117,0.6960877101691421,0.7258225123874311,0.7385149033706669,0.7354640409974271,0.7178681735786773
0.76751269035533,0.7189605996563752,0.715675331901275,0.7154977864403976,0.7100963399971765,0.708655188012339,0.07446661823040152,0.7164732191827361,0.7292358404532042,0.7489728422702544,0.7591426991288162,0.7065616970723807,0.752070012165053,0.7040596736862011,0.4097854088517385,0.7432073864683248,0.72097468895769,0.5789002911510703,0.20556336526067193,0.1268655961050856,0.4097854088517384,0.6700484765289603,0.7167093036114819,0.7413648910606762,0.7325960078730192,0.7263174300710172
0.768527918781726,0.7220917728569819,0.7439867240645042,0.7280336123750794,0.751739900511941,0.7496390262809133,0.12674495451606319,0.7111537902279277,0.720005276636364,0.7292358404532042,0.7683534711649471,0.7291897345889771,0.7556862817876242,0.7075064750309469,0.6179421124661276,0.7484209696297301,0.7244684177623761,0.6628358343306725,0.19948983779630802,0.3009954906853041,0.6179421124661283,0.6780778065178844,0.7112107264412688,0.746135100922981,0.7337194056369003,0.734526746410067
0.7695431472081219,0.744697048796427,0.7479230939204056,0.7463788003074968,0.7490705071544792,0.747011930973776,0.07233523224427862,0.7526454520302881,0.714752114891428,0.720005276636364,0.7644371417734146,0.7407212657217153,0.7578379320887059,0.7107118236576898,0.4219057822470203,0.7522019892592817,0.7277136499826264,0.6310510755995741,0.20035208899945656,0.1451078237369109,0.42190578224702,0.680034041881327,0.7072484582840651,0.7496871451080743,0.7359642905418868,0.7392291598268769
0.7705583756345179,0.7485155185931326,0.7408830456106743,0.7479839328125731,0.7492229641147736,0.7471620836049621,0.049867180909450345,0.7499857955303113,0.7557268910122665,0.714752114891428,0.7508747942665486,0.7591426991288162,0.75808707139345,0.7130469603492532,0.4340031009235516,0.7553232299612773,0.7308379855819247,0.6888525033329415,0.20289587516516694,0.050580492026458625,0.4340031009235524,0.6792905100818342,0.7039127019624004,0.7535693453717524,0.7360920178588173,0.7466979807145416
0.7715736040609138,0.7562289021619663,0.7561742352181682,0.7603668501064936,0.7586805327241881,0.7564699346703635,0.0738668269155282,0.7501376963898383,0.7531003673949674,0.7557268910122665,0.757402157472651,0.7683534711649471,0.7583135627177471,0.7149866974445364,0.4739692856170904,0.7595940327538624,0.7342347949800718,0.7286985624000949,0.20757333981515452,0.08374875373878354,0.47396928561709084,0.6833012328396092,0.7021392120000022,0.7570113394608463,0.7391505199862445,0.7503702011742915
0.7725888324873097,0.7539377969778528,0.7618516450939645,0.7595260275349857,0.7675279243543476,0.765177060063298,0.06757829617586647,0.7595607676489664,0.7532503759374387,0.7531003673949674,0.7383279102793272,0.7644371417734146,0.759823489519958,0.7175632917994709,0.47106546480202943,0.7646946062127578,0.73786790879751,0.6971280920773878,0.23925827501897862,0.15505893487051514,0.47106546480203015,0.6905411878947056,0.7023362367912629,0.7601800989364261,0.7442338414120717,0.7514798765263865
0.7736040609137057,0.7561524581865439,0.7596563152579581,0.7596789361757467,0.7600533436429926,0.7578210780555902,0.08109915112828425,0.7683758876054232,0.7625560585358524,0.7532503759374387,0.7294073022959977,0.7508747942665486,0.7620053332883598,0.7195078901929229,0.40170387372104716,0.7675107618712362,0.7410463705850734,0.6340260483002961,0.2543025778308023,0.12935305757853327,0.401703873721047,0.68819390199886,0.70196998819347,0.7635272142660908,0.7459876295568264,0.7562731205632055
0.7746192893401016,0.7482100922827942,0.7489070997539811,0.7515001317393667,0.7476213513761683,0.7455858264206797,0.0978878838443169,0.7609285711138367,0.7712613634333678,0.7625560585358524,0.7243305380235809,0.757402157472651,0.762277120573551,0.7216307444281819,0.3804067006385342,0.7675578100044746,0.7435809628011387,0.5233954923562943,0.25507787964024564,0.10033098673522567,0.3804067006385343,0.674706722191484,0.6986669138343861,0.7658383241879442,0.7461519667837848,0.7606309458325641
0.7756345177664975,0.7478282219970337,0.7424727711990651,0.7469138055974828,0.7499857144336821,0.7479127316131683,0.05110444676316807,0.748541925680823,0.7639068224801198,0.7712613634333678,0.7639294100135925,0.7383279102793272,0.7647685021011648,0.7239739865802727,0.44351627341980887,0.7680255637493931,0.746114907219757,0.4955537487620073,0.23712009028709585,0.07960256286976622,0.4435162734198092,0.6635552743213615,0.69353566867886,0.7677661436096977,0.7469545535672792,0.7635995300969484
0.7766497461928935,0.7492792591646539,0.7478473211974539,0.7456907697416312,0.7380875542866066,0.7362028990396853,0.07041567165350845,0.7508976645068914,0.7516744846691268,0.7639068224801198,0.7613910832099646,0.7294073022959977,0.7670107443240342,0.726041744454495,0.382275484984544,0.7662481115476514,0.7480525528359165,0.46855542820295226,0.18670823960459976,0.15174147607937588,0.38227548498454433,0.6438446419412458,0.6850316438407431,0.7698495560900941,0.7445512161532466,0.7700833448205119
0.7776649746192894,0.7330125405409437,0.740050354208603,0.7385820925203416,0.7380112094271003,0.7361278227240923,0.0612366663478818,0.7390429039919313,0.7540008766911457,0.7516744846691268,0.7615360545712042,0.7243305380235809,0.7697739016170115,0.7276476567485138,0.43301737471658247,0.7647799717508947,0.7499110237950377,0.5200622085418728,0.07915674394932297,0.14344909434134126,0.43301737471658275,0.6263693552109062,0.6743282808077002,0.7721682516802325,0.739818716878021,0.7793602426469207
0.7786802030456853,0.7492792591646539,0.7648795508248425,0.756850767814819,0.7734770044278854,0.7710319763500394,0.11662957819054864,0.7389668376073131,0.7422937977994775,0.7540008766911457,0.7705292589003148,0.7639294100135925,0.7719255519180932,0.7301124363001953,0.5870442675490404,0.7700177271159396,0.753177847757851,0.6149568456391971,0.1201465368144257,0.21724673694652058,0.5870442675490407,0.6370510159369811,0.6681495287216392,0.7750675693764414,0.7429572451074238,0.7818903998252446
0.7796954314720813,0.7744811831290012,0.774644760495244,0.7774126061802383,0.7831632584777415,0.7805649412144965,0.08895781620007506,0.7743032678629032,0.7422186790179042,0.7422937977994775,0.778942245788983,0.7613910832099646,0.7753002277227938,0.7324378503954209,0.47416593360153453,0.7760617425041092,0.7567211088220793,0.7264462795444866,0.1742446513868316,0.10116098405291726,0.47416593360153486,0.6506630798702929,0.6662444742348257,0.7778454468930499,0.7486613074612212,0.7816135141646327
0.7807106598984772,0.7805143141343979,0.7791866190915613,0.7832218515428552,0.7824768530183392,0.779889369521883,0.08114625515824811,0.7839541904113219,0.7771149028792019,0.7422186790179042,0.7718346651424384,0.7615360545712042,0.7785918686124069,0.7350112005879966,0.43047735284294464,0.7808822262749844,0.7600967506456378,0.771115046850774,0.20430279339615648,0.08789367936798728,0.43047735284294447,0.6587677967813331,0.6665292453866009,0.7796252647150322,0.753545017533837,0.78020520273555
0.7817258883248732,0.786700216560189,0.7784297004124414,0.7748136258277741,0.7744684401872355,0.7720077381573013,0.06959235030553387,0.7832702886788867,0.7866455982913223,0.7771149028792019,0.76001308062206,0.7705292589003148,0.7801546368623851,0.7376023763647533,0.3998356864902915,0.7833722982307876,0.763005541802158,0.7568529676701101,0.21455500614661316,0.1708137010288928,0.39983568649029155,0.6570665077392022,0.666377367775532,0.7805246586066733,0.7558702242565971,0.7796364317642138
0.7827411167512691,0.7821944501673844,0.7827444718543028,0.771909061464025,0.7661549970561838,0.7638259166780711,0.11729674254221875,0.7752910872692467,0.7859702163191886,0.7866455982913223,0.7622613540380472,0.778942245788983,0.7800187374598759,0.7406764625228833,0.3983425020360013,0.7839002901076564,0.7654530505249639,0.5881247623142667,0.21374565633652653,0.24958500134115386,0.3983425020360014,0.6474769289274694,0.6641156587297649,0.781215330808743,0.757135048044757,0.7797212151197382
0.783756345177665,0.7469881539805404,0.7533733011345463,0.7501241872427541,0.7534940865901998,0.7513654360963816,0.16325714375436245,0.7670079681856983,0.7780904164466158,0.7859702163191886,0.7509473906123296,0.7718346651424384,0.7793694684741321,0.7434118625815801,0.3796894437618684,0.7820336431990975,0.7672757936996113,0.5393121991674634,0.21676342758287603,0.16417878344661427,0.37968944376186864,0.6286108097181011,0.6580957416478936,0.7819856988524986,0.7574359791791587,0.7809272961132113
0.784771573604061,0.793497088137107,0.8083307026568618,0.799426668409973,0.8128325467446422,0.8097642160371646,0.2548416519526048,0.754393239553685,0.7699104849787628,0.7780904164466158,0.7508747942665486,0.76001308062206,0.7858244078575498,0.7473286100216873,0.68735118660883,0.7912795276358957,0.7715053363881832,0.7091239542365625,0.31474356778747054,0.23134403894914213,0.6873511866088307,0.655779392118992,0.6593433056818668,0.7853669728517924,0.7686421568740511,0.7763207233065567
0.7857868020304569,0.8049524975272239,0.804924279832824,0.8097458439116526,0.8122985982455344,0.8092387969757372,0.0911091857140614,0.8135152572238133,0.7574529053333876,0.7699104849787628,0.7845992275018419,0.7622613540380472,0.7919924574622026,0.7516699248470876,0.43116504590209226,0.7987474016334659,0.7755467142188945,0.6874259365575881,0.36583371395733955,0.08209002434321391,0.43116504590209204,0.6745594192406421,0.6645326926794527,0.7897197451255412,0.7768131827582418,0.7766549249321285
0.7868020304568528,0.8093056090300844,0.8025775200581138,0.8058475483356343,0.7991038556598016,0.7962530124803436,0.06074592799934911,0.8129832563509052,0.8158384057595949,0.7574529053333876,0.7938098888728116,0.7509473906123296,0.7980321646710467,0.7555348151431472,0.37937697798635,0.8024619206839121,0.7788785262524489,0.6162709373711951,0.3299243942798448,0.09867225733965604,0.37937697798634995,0.6772179538524801,0.669277535351179,0.7938827714616047,0.7793849783823652,0.7822255121073066
0.7878172588832488,0.8090765101647183,0.8062868027595593,0.8081405947714576,0.812756201885136,0.8096891397215716,0.08471930994023497,0.7998366428008383,0.8153130323299325,0.8158384057595949,0.7931571857517496,0.7508747942665486,0.8054308083058461,0.7597724181531375,0.48975362381774085,0.8079797121281396,0.7826498712668581,0.6753745735153786,0.28105844181867207,0.11442828873784722,0.48975362381774135,0.6870106880144229,0.6752589567573243,0.7989907288613661,0.7822609881238047,0.7893404795722575
0.7888324873096447,0.8154151840109035,0.8105259169856687,0.8102044531988174,0.8142053576634467,0.8111153594223913,0.07270121628314946,0.8134391908391954,0.8023301937652325,0.8153130323299325,0.7855419840105442,0.7845992275018419,0.8094623101029912,0.7643811167412481,0.43927372339381465,0.8127573689440013,0.7863338446055659,0.7284343605851282,0.2978783048940202,0.13847417139444593,0.43927372339381504,0.6932834585894163,0.681444053931298,0.8020987682471462,0.7884422207695867,0.7892317684075479
0.7898477157360407,0.8136586040024948,0.8065138899140152,0.8012612221937504,0.8052055090729928,0.8040496648251284,0.061233811558187023,0.8148830606886834,0.8157632869780216,0.8023301937652325,0.7776367288816981,0.7938098888728116,0.8116441653912203,0.7687013667654784,0.39658856617663113,0.8150324014323824,0.789497468382911,0.68663738944659,0.3015573656874243,0.19154212489435224,0.39658856617663124,0.6890225229066969,0.6854411739308155,0.804891828681498,0.7919597177352888,0.7911744591333166
0.7908629441624366,0.8101456770465777,0.8000795613590992,0.8048538171233651,0.8013919902371682,0.8002914734319947,0.037735752101482056,0.8059160398726999,0.8171891697038622,0.8157632869780216,0.7655974659891376,0.7931571857517496,0.8135164829202375,0.7721108973333676,0.4176654841736416,0.8162014316527499,0.7923777562997654,0.7198033814971321,0.2978852425862732,0.08209002434321391,0.4176654841736414,0.6803813030000351,0.6867103181844636,0.8074875575098793,0.7943056396592192,0.7939043524167756
0.7918781725888325,0.8012104717059406,0.7995496143272358,0.8073762848378895,0.8013919902371682,0.8002914734319947,0.051563211467119244,0.8021164311971432,0.8083338562638755,0.8171891697038622,0.822022422421647,0.7855419840105442,0.8161815143243809,0.7750666877815809,0.43334820579071687,0.8171579109239595,0.7951450917492919,0.7201311132638321,0.27778360640275324,0.048921762630888994,0.43334820579071714,0.6712185524025679,0.6856806863630933,0.8096127143281898,0.7966168189060863,0.7957482192677449
0.7928934010152285,0.7990721379422215,0.797959888738845,0.7968278046926275,0.806120716352196,0.8049517320894769,0.09678679145904018,0.8021164311971432,0.804581581516016,0.8083338562638755,0.8215146906618247,0.7776367288816981,0.8201375266933117,0.7784843188646285,0.45285113474025507,0.8187990045085778,0.7980014001914764,0.6449391552720019,0.22483277888894454,0.14593655581478895,0.4528511347402555,0.665238268688118,0.683522298219588,0.8115329422910716,0.7994068078677283,0.796711546082194
0.7939086294416244,0.8089237387443239,0.8154464081823452,0.8133384388412676,0.8241205299124628,0.8226909297505044,0.11832646518512596,0.80682790884928,0.804581581516016,0.804581581516016,0.8089678066746031,0.7655974659891376,0.8271284951602382,0.7820785861809886,0.5073192358276593,0.8234096574743361,0.8014974614358266,0.6682498306724352,0.05284027386345087,0.15837512842184087,0.5073192358276597,0.6716047578617539,0.6832164639171833,0.8147206775185375,0.8046391285041217,0.7977091292961173
0.7949238578680203,0.8348129593047701,0.8241517237890195,0.8313778094921626,0.8249595087115185,0.8235179206992599,0.09056563375617527,0.824762066436102,0.8092343655600538,0.804581581516016,0.821949826075866,0.822022422421647,0.8283288842032375,0.78606015257847,0.4367495432248324,0.8273343299454596,0.8048914623138947,0.6736160813011659,0.07803949017011498,0.05804287644680165,0.436749543224833,0.6749188098412164,0.6837114282402477,0.8185687249031731,0.8082678357630955,0.8016048543165814
0.7959390862944163,0.8164079069173408,0.8114343811106917,0.8199885067753924,0.8176375013398172,0.8163018431753643,0.05573291729531514,0.8255979849829185,0.826945106950365,0.8092343655600538,0.8233278286637706,0.8215146906618247,0.8288573562800459,0.7902248336432426,0.4036824053246177,0.8292160851118193,0.8078465603883886,0.6767978255866707,0.08291908046258166,0.04228937552823756,0.40368240532461785,0.6697862044019427,0.6829619022703055,0.8219348159847236,0.8099040838204232,0.8065529478838879
0.7969543147208122,0.8099165781812115,0.8013664270700824,0.8034014766239311,0.7975021265418372,0.7964579754278213,0.07622003006093547,0.8183026853057136,0.8277706119753077,0.826945106950365,0.8147698704138628,0.8089678066746031,0.8286988088970899,0.7936424647262902,0.3513182589716194,0.827100043034104,0.8098448153323423,0.6257045209546273,0.08677523937273422,0.11194082726439955,0.3513182589716197,0.6486465958204884,0.6776443331630783,0.8248910551460035,0.8066515469304016,0.8155952028827423
0.7979695431472082,0.7943371561536002,0.7940992916058953,0.7975922312613143,0.7996376877795504,0.7985625303666136,0.06022235956932642,0.7982407561369684,0.8205661940748685,0.8277706119753077,0.8111435944099707,0.821949826075866,0.8274002709256021,0.7967619246491194,0.44218219477093135,0.8257564557878214,0.8118538993709203,0.686188367633869,0.09584738998024485,0.09535606378833031,0.44218219477093196,0.6316279332540823,0.6695920443222003,0.827957350193869,0.8016426793214697,0.8266117987969247
0.7989847715736041,0.8044179723515194,0.805302681418784,0.8065354622663813,0.8084088509295624,0.8072066699549018,0.09138181812991292,0.8003685277188919,0.8007541879865829,0.8205661940748685,0.8111435944099707,0.8233278286637706,0.8268265028878998,0.8000029219715393,0.46957198763233604,0.8262495978032796,0.8141505247372827,0.4963605670744552,0.09330203548130071,0.12106067584049865,0.46957198763233654,0.6229245377593922,0.6612077851249483,0.8296954236779374,0.8018594165743675,0.8297958196265475
0.8,0.8113676153488317,0.8194584352539984,0.8173896430580468,0.8270187250897254,0.8255472841747361,0.08788955389628833,0.8091076972455851,0.8028554526845573,0.8007541879865829,0.8156401412419452,0.8147698704138628,0.8289856871560273,0.803175856174226,0.5096936768527522,0.8300317766729295,0.8171343305336682,0.5872119523763348,0.11747374559571357,0.15837512842184087,0.5096936768527527,0.6280895615213531,0.6556531103328817,0.8318775019613188,0.8049513742696448,0.8309691140359855
0.801015228426396,0.8391660708076306,0.8438334575613264,0.8438372394240231,0.8412813646736739,0.8396033667582227,0.09111375337757305,0.8276496901802237,0.8114857533108373,0.8028554526845573,0.8327561684069225,0.8111435944099707,0.8329341425182575,0.8067895686832612,0.491045695401182,0.8357157274152829,0.8205968056074724,0.7107917560151783,0.16660804225169967,0.13847417139444593,0.49104569540118237,0.6408559275379218,0.6540585744006258,0.834803386868285,0.8102995060728984,0.8313383190692746
0.802030456852792,0.8419917011674488,0.8465586189219967,0.8452894632883382,0.8408999895142195,0.8392276397370878,0.21575644076240014,0.8418603054761069,0.8297967578917087,0.8114857533108373,0.833553953554385,0.8111435944099707,0.8368448474064669,0.8100062595148368,0.43182167870594984,0.8402969923425476,0.8239075691546336,0.6627620385936677,0.18805892095666948,0.15257147339706748,0.4318216787059499,0.6486347325127834,0.6545190232084351,0.838108763650622,0.8138615673813896,0.8342388856096176
0.8030456852791878,0.8448173315272668,0.852387343229297,0.846588895147011,0.8625607485706577,0.8605747610123397,0.12804730957482188,0.8414803214175803,0.8438303433157337,0.8297967578917087,0.8265914549342412,0.8156401412419452,0.8424315719667168,0.8133785168331852,0.5200739994207565,0.8479778997245397,0.8279931636697995,0.7270234275993677,0.2633573653276029,0.20232196810583453,0.520073999420757,0.6686696914012523,0.659358794319422,0.8429055407236844,0.8202178647342391,0.8372593897874733
0.8040609137055839,0.8702483543569804,0.8649533714761206,0.8643989611543238,0.8691200056234505,0.8670390390507955,0.10818967793690057,0.8630620708655772,0.8434550929388802,0.8438303433157337,0.8074447220602976,0.8327561684069225,0.8468858514253086,0.8171251089466437,0.4591961445955569,0.8554531385323163,0.8321924871413082,0.7988643570363857,0.3385894502819948,0.14676655313248055,0.4591961445955573,0.6869438671745861,0.6673090508237318,0.8486586389440448,0.8231976548232687,0.8455328403606946
0.8050761421319798,0.8824675043186186,0.888949876690289,0.8550735168649134,0.8586710012546857,0.8567412630081664,0.279478772497527,0.8695974024257289,0.8647679860242421,0.8434550929388802,0.8094754277692642,0.833553953554385,0.8502227882758155,0.8204714401656531,0.392367712125412,0.8596721833798613,0.8357907270351084,0.7575336077699523,0.36647374638325586,0.5107798432114816,0.39236771212541194,0.6910894747752778,0.6745944747882762,0.8509393830304118,0.8288669483892499,0.844317978678094
0.8060913705583758,0.8621532170328364,0.852387343229297,0.8504107947202081,0.8558490345575702,0.8539602151949742,0.11647570502599999,0.8591865117602571,0.8712219031709743,0.8647679860242421,0.8178159289773128,0.8265914549342412,0.8540051622880438,0.8235439067152887,0.4221961542559715,0.8626117895274692,0.8391299996221038,0.7411725737382712,0.373396964689234,0.16086258989528854,0.4221961542559716,0.6897421289317827,0.6801221126460972,0.8531062841866365,0.833279212094217,0.8441392751253737
0.8071065989847717,0.8504687087773534,0.8606386000342594,0.8495700887838188,0.8452474568491519,0.8435120562257122,0.10818596671029737,0.8563748384458987,0.8609407070051469,0.8712219031709743,0.8355120629175707,0.8074447220602976,0.8587312405516536,0.8267103624839963,0.39136562812831094,0.8630921618824543,0.8418955438687721,0.6723823409465451,0.3117942269857306,0.2603648445526362,0.391365628128311,0.6783703628415949,0.6820062665344339,0.8554022111907466,0.835042273400511,0.8468662527288405
0.8081218274111676,0.846344696139859,0.8578376659506377,0.8506402159989092,0.8662218104461878,0.8641827997742876,0.07470014002743453,0.8458119309660452,0.8581640603350387,0.8609407070051469,0.8490744104244368,0.8094754277692642,0.8653220793375804,0.8304245475914521,0.5170565625597807,0.8672931737949543,0.8454286324060973,0.6806120533149316,0.24497580803262675,0.21807546902440095,0.5170565625597812,0.6825563347863932,0.6844478169405434,0.8580624529430706,0.8404884863680566,0.8466174144812603
0.8091370558375636,0.8738377252883197,0.8683597943001584,0.8748710452967646,0.8691963504829567,0.8671143456618357,0.07086273171971103,0.8667097786816069,0.8477327411164024,0.8581640603350387,0.8487117606910153,0.8178159289773128,0.8713391385659774,0.8336963347840648,0.4450387588752618,0.8712704053125326,0.8489474005600381,0.6863160709398012,0.16465773147402823,0.07048018381403767,0.4450387588752621,0.6856118238317309,0.6870829828264994,0.8607985919123514,0.845815677112626,0.84663629481581
0.8101522842639595,0.8720812618103609,0.8809258225469823,0.8774699090141101,0.8907807646798884,0.8883863906214943,0.08629058618824198,0.8696734688103471,0.8683702522296306,0.8477327411164024,0.8693089818334838,0.8355120629175707,0.8776506330600127,0.8371690622281488,0.517996559825765,0.8784432428185405,0.8532296540841366,0.770741082322484,0.18164121438313707,0.1799335496049919,0.5179965598257654,0.7014684959892343,0.6927300154943994,0.8650564854266712,0.854710582823133,0.8460598638218532
0.8111675126903554,0.8837657700658444,0.8828939497213333,0.8887063030901191,0.8871198191837169,0.8847783518595466,0.08815818960656716,0.891179151873726,0.8712970219525475,0.8683702522296306,0.8755461809867846,0.8490744104244368,0.8821879589535191,0.8401524008568809,0.41921201960996557,0.8836472683693877,0.8571910761628247,0.8619917232897395,0.1922276415229393,0.07960129762995502,0.41921201960996496,0.7085595978420354,0.6988302372583596,0.8693219703998626,0.8609091622451661,0.8481986845878208
0.8121827411167514,0.8881187650382548,0.8847107624641797,0.8854959214448476,0.8920011186383985,0.8895889934436615,0.09539165573520111,0.8875315600125504,0.8925347962563361,0.8712970219525475,0.8656102201489719,0.8487117606910153,0.8872462114369604,0.8430336472786976,0.4522459582013812,0.8887913274079495,0.861201016555823,0.8659384710354516,0.18816460822071318,0.13432798052543096,0.4522459582013815,0.7150007725774641,0.7051479592426622,0.8738303299416678,0.8667854262280272,0.8511355675446165
0.8131979695431473,0.8926246479615095,0.9008346434737446,0.8989489659538589,0.9077127976212993,0.9050733683869868,0.11814518603950741,0.8923950544790691,0.8889326445612851,0.8925347962563361,0.8629268113189432,0.8693089818334838,0.8917155933891259,0.8463362218688176,0.49396370235884823,0.8958526227935741,0.8657099050004389,0.875291923347599,0.25170408273443673,0.1650087807643035,0.49396370235885007,0.7288449581287846,0.7132918890300097,0.8788851587105008,0.8751157815221606,0.8526839927061775
0.8142131979695433,0.9137788867333344,0.9043924962364869,0.9026944695242346,0.8993993544902472,0.8968801472831504,0.2203535086079046,0.9080494236695864,0.8937355516581325,0.8889326445612851,0.8528457684547297,0.8755461809867846,0.8947127990131012,0.8497651976293824,0.4016302269184612,0.9001207065675696,0.8696947620980819,0.7973884460162082,0.2757607623343051,0.16335005136874092,0.40163022691846,0.7306168941650322,0.7202024944235742,0.8826307416674218,0.8812713540983454,0.8538485340729943
0.8152284263959392,0.8960612474724542,0.8976553078041627,0.903764596739325,0.9000857599496499,0.8975566401575493,0.07351311847234493,0.8997663045860376,0.9091949052976607,0.8937355516581325,0.8727902864761363,0.8656102201489719,0.8988122447515865,0.8530629109213338,0.4359824601275917,0.9037373948384655,0.8735520181163214,0.7686746739404532,0.27608643122377485,0.07794383347419895,0.43598246012759234,0.7295462244013713,0.7254920261293769,0.8863687331654714,0.886651172105156,0.8557751460293291
0.8162436548223351,0.8998032732937381,0.892432072237278,0.8898528263080311,0.8920774634979047,0.889664300054701,0.07270407107284424,0.900450206318473,0.9010149738298072,0.9091949052976607,0.8756187773325657,0.8629268113189432,0.9023983209068378,0.8566166657711635,0.4026292954485798,0.9052425643325261,0.8769235414969598,0.7245480263003788,0.2447936535364672,0.17164243310676378,0.40262929544857917,0.7198497361383953,0.7275595844327372,0.8900725775750647,0.8894124609155016,0.8602574206666226
0.8172588832487311,0.8909445119285234,0.9048466705453984,0.8981081433823509,0.9152636068128008,0.9125146748576619,0.07764171532893599,0.8924711208636873,0.9016903558019413,0.9010149738298072,0.8961434021292529,0.8528457684547297,0.9093288793994694,0.8608623717689968,0.5227952418624843,0.9106836061332082,0.8811312210080939,0.7283552352003162,0.1819925295254491,0.21807673426421215,0.5227952418624847,0.72650637800403,0.7306992637095795,0.8959319330572825,0.8925494662551259,0.8685813442762392
0.818274111675127,0.9047673539477256,0.9087072676783474,0.9083508062460911,0.9128228988957807,0.9101093540656041,0.08287739962916282,0.9155726905909358,0.8938106704397057,0.9016903558019413,0.8926622081517612,0.8727902864761363,0.91394169472119,0.8651696550345304,0.4240855599617335,0.914692247066166,0.8850719569494006,0.6980047811062211,0.15307675311195545,0.14925401460591878,0.4240855599617338,0.727003870665628,0.7333220377900915,0.901563591098043,0.8932095890995191,0.878940328133475
0.8192893401015229,0.9145426273048559,0.9124165503797934,0.9100324513891066,0.9020688642270678,0.8995110424651566,0.06863028617839295,0.9131408853802494,0.9166244505221439,0.8938106704397057,0.8973038370101372,0.8756187773325657,0.9171955851367826,0.8683636589837563,0.3924659819131276,0.9160196050586205,0.8884090103644864,0.6963682304422414,0.08606996488387154,0.17164243310677318,0.39246598191312787,0.7165404437994614,0.7330850242552553,0.9062237508643484,0.8912505229352006,0.8900214142332227
0.8203045685279189,0.9073638854421772,0.9149902818017597,0.9133957416751394,0.9233482481240514,0.9204823215715495,0.07617292603097162,0.9024260770408687,0.9142229397185517,0.9166244505221439,0.9122440764397473,0.8961434021292529,0.9204192820850547,0.8720664969410105,0.5148589377812457,0.9209689847229252,0.8925039355819491,0.7616392152051591,0.11778113591133184,0.1633500513687362,0.5148589377812451,0.7212280003338571,0.7339415846203858,0.9110167351032682,0.8944290039310425,0.8962171101665307
0.8213197969543148,0.9229431909393381,0.9264207587691047,0.9281483346779417,0.9324244415740119,0.9294272270131033,0.07756035382263476,0.9236278424303388,0.903641611957444,0.9142229397185517,0.9043388213109007,0.8926622081517612,0.9249037665307935,0.8759589354175886,0.4675988049239276,0.9266662973500117,0.8968173440698781,0.8351650190838973,0.14732589207992014,0.1285230602608464,0.4675988049239294,0.7287347279519245,0.7363021881066283,0.9155516618558307,0.8999282164733402,0.8995836008356727
0.8223350253807108,0.9317257413900312,0.9277077399872873,0.9383909975416816,0.9350176064513269,0.9319828155840698,0.06365895540390279,0.932670929630941,0.9245792546659521,0.903641611957444,0.9049915244319631,0.8973038370101372,0.9291617596522357,0.8797055275310469,0.44307243299976645,0.931798534681227,0.9010699032016309,0.8025454221124388,0.1684173222521333,0.031509532316755275,0.44307243299976684,0.7335844979449453,0.7392730449687972,0.9202345902081644,0.9043061695036672,0.9043626551780953
0.8233502538071067,0.9511999606593201,0.9610908222714973,0.9561245509110549,0.9684240686945458,0.964905737482881,0.17420297840208854,0.9352546357011546,0.9335096868875126,0.9245792546659521,0.8973764333559182,0.9122440764397473,0.9351712733937598,0.8839739204112297,0.5583959676661949,0.9420627182907639,0.9065509211866243,0.852620105103542,0.30856243929164334,0.20480942957927512,0.5583959676661954,0.7590170571023735,0.7473257816292274,0.9255019392912976,0.917841803635848,0.9011138061280398
0.8243654822335026,0.9676193341729741,0.9565489636751803,0.959946450484252,0.9569072837069243,0.9535557415447168,0.0211537061593515,0.9685392448045846,0.9360612062335762,0.9335096868875126,0.9194241427669112,0.9043388213109007,0.9408637038891985,0.8881564295328678,0.39121179440659837,0.9483697671129163,0.9113359970471671,0.7560298330510896,0.34110207919559093,0.11359955665996446,0.39121179440659815,0.7671624259367948,0.7555858584152266,0.9298698944827898,0.9262770837906016,0.9012130646969209
0.8253807106598986,0.9507417629285874,0.9497360025199046,0.9512325241227669,0.9482886938965658,0.9450618697353385,0.0652947498990118,0.9570644683481511,0.9689311696681351,0.9360612062335762,0.9171032730051427,0.9049915244319631,0.9456350781137026,0.8924199611148816,0.4015680098821148,0.9519653394301368,0.9155734661851089,0.7315953995562293,0.3334916759342772,0.1334992484475482,0.40156800988211466,0.7638078154885317,0.7614452362198487,0.9343289240183955,0.9308313173414942,0.9053774442262942
0.8263959390862945,0.937529773530062,0.9424689825629173,0.9403783433311014,0.9519496393927365,0.9486697933495624,0.06008190391634324,0.9484773156358395,0.9575993411533203,0.9689311696681351,0.9068772587796894,0.8973764333559182,0.9515615339004844,0.896711040877414,0.4469273075436437,0.9555718310073853,0.9197976599974007,0.7289638363836703,0.28625748690998626,0.17164243310676847,0.44692730754364296,0.7605356087279612,0.7654024457352713,0.9391105181737146,0.9344397413667687,0.9111202598166007
0.8274111675126904,0.9495198246263331,0.9473893582523945,0.9483279597590181,0.9433310495823783,0.940175921540184,0.0648885133254446,0.9521249074970142,0.9491191635798495,0.9575993411533203,0.9271118301887362,0.9194241427669112,0.9543397936870355,0.90107180089549,0.40146031258499865,0.9569578564878662,0.9234962424615327,0.6499664792884823,0.26933929080557173,0.1393029034723216,0.401460312585,0.7483111235794533,0.7658399466871909,0.9439907781320188,0.933338264601451,0.9217731568690793
0.8284263959390864,0.9331003345822296,0.9271021357396718,0.9238677091824613,0.927543142119331,0.924616585428988,0.10241244003157396,0.943537754784703,0.9527213152748997,0.9491191635798495,0.9357423847844255,0.9171032730051427,0.9557968790414793,0.9050987410576704,0.3745884068934039,0.9552255179334588,0.9263903981661994,0.6179001031704273,0.24419927985895817,0.18242227631825547,0.3745884068934041,0.7239258674522115,0.7607476338879104,0.9470418902621413,0.9319972606484217,0.9290866419448546
0.8294416243654823,0.9323367105411579,0.9218789001727872,0.9205045355315474,0.9235008214637053,0.920632704498182,0.06448912824714484,0.9278074351644228,0.9442411377014293,0.9527213152748997,0.9382082259074336,0.9068772587796894,0.9579183243554137,0.9082862616275483,0.4181382868534589,0.9530742501183962,0.929002229443646,0.5997853671586303,0.18038021877848998,0.16169132197316893,0.4181382868534589,0.6989512673420306,0.7510999400051643,0.9497438705617932,0.9297175690240158,0.9366570459437006
0.8304568527918783,0.9363078352278079,0.9400465655724553,0.9347984026120669,0.93639053374949,0.9333359164805929,0.10477620589885195,0.9237798592447208,0.9287067797906658,0.9442411377014293,0.9699744391143799,0.9271118301887362,0.9592093168400277,0.9115418453171594,0.4819846098987463,0.9536543020779451,0.9320499767211738,0.6665512728562254,0.16060346416671117,0.20563816165716026,0.4819846098987466,0.6862841199293147,0.7405547246548034,0.952013236145732,0.9303731293141695,0.9404412207193996
0.8314720812182742,0.9425701816290212,0.9361859684395057,0.9448117608322243,0.9422632689635217,0.9391237016446491,0.04937073298152808,0.9366225551208791,0.9247293777187615,0.9287067797906658,0.9590231254220838,0.9357423847844255,0.9601832145587297,0.9149367895178576,0.4553102978597705,0.955195109227855,0.9352234801597288,0.6195809164491558,0.1532465956654916,0.054726682895475935,0.4553102978597708,0.678230056615838,0.7303210425283237,0.9547569607832981,0.9307389053089734,0.9454438493466161
0.8324873096446701,0.9405081753102739,0.9361101957165541,0.9436652376143128,0.9434073944418846,0.9402512281512231,0.05003190227483917,0.9424738689937413,0.937412084688181,0.9247293777187615,0.950827706240436,0.9382082259074336,0.9610136789078771,0.9185261955360483,0.43760956717926386,0.9566634902999458,0.9383203170542915,0.6337736087902774,0.14791526609604594,0.06633399294502271,0.4376095671792647,0.6703954482497466,0.7203855650449853,0.9573147381079078,0.9310496751454773,0.9501377029990671
0.8335025380710661,0.953261850447617,0.959879729283466,0.9603286637685945,0.9685766420341995,0.9650560052617904,0.0755717073212509,0.943613821169321,0.9431905053524421,0.937412084688181,0.9543089002179268,0.9699744391143799,0.9610287814014506,0.922827000367603,0.5270187759632254,0.9624344732039558,0.9423469067443297,0.7455566751410122,0.1484362962367552,0.1459378210546072,0.5270187759632261,0.6805366215245393,0.714700495141157,0.9603430874425883,0.9364191307417011,0.9506860558014095
0.834517766497462,0.9643355060824234,0.9599553864992181,0.9649913859133002,0.9665935377567805,0.9631017181019074,0.06938709092647916,0.9686912616189662,0.9443162564830025,0.9431905053524421,0.9461134810362795,0.9590231254220838,0.9619875766265791,0.9273546740226531,0.4260933789504987,0.9667961457677512,0.9461327663104095,0.6862813408250997,0.17054191878803077,0.0961860611060219,0.4260933789504985,0.6846254391589406,0.7110649835663386,0.9636864099381105,0.939734587278519,0.9539078520661087
0.8355329949238579,0.9624262711840704,0.9894778716504786,0.9667494270591378,0.9770426585049041,0.9733996092922602,0.16117857137759303,0.9667153908965695,0.9690812927209442,0.9443162564830025,0.9311007559260502,0.950827706240436,0.9648337918742986,0.9308436074424239,0.4716257206773723,0.9722618677170063,0.9502065698819522,0.6899429546334253,0.22379799185195004,0.40049774534264704,0.4716257206773727,0.6930924997478319,0.7100462570895036,0.9675154873614468,0.9442089411678414,0.9569195331865848
0.8365482233502539,0.977623706395471,0.9761549247245354,0.965602903841226,0.9620173849814064,0.9585918423710574,0.10143895674565392,0.977126397516896,0.9671300365654405,0.9690812927209442,0.9272569122151375,0.9543089002179268,0.9658303490932749,0.934024647105638,0.3786937015980577,0.9740059219590402,0.9534930836610267,0.6147827150908132,0.23258926097291743,0.26699849689510113,0.37869370159805793,0.6861101573052169,0.7076729532575201,0.9709954271637257,0.9433422341579323,0.9645971409981159
0.8375634517766498,0.9700632107774817,0.9648001049729429,0.9558952462674718,0.9529411915314463,0.9496470520772277,0.13665735529427886,0.9621559300588145,0.9774113472416057,0.9671300365654405,0.9395137428147182,0.9461134810362795,0.9667816103513576,0.9372931926085765,0.3999967460147995,0.9737850552553218,0.9562716459736926,0.4558722506156295,0.2311998751357331,0.24792753718540017,0.39999674601479973,0.6714896168607298,0.7025112907217952,0.9728701179545506,0.9435291638213616,0.9680783489749162
0.8385786802030458,0.9647937038131557,0.9643459306640307,0.9636919540546275,0.9591190734247848,0.9557353727991024,0.060891236794813425,0.9531128428582127,0.9626273755742119,0.9774113472416057,0.9450981281817963,0.9311007559260502,0.9699071583711409,0.9404029299350681,0.4561902496176994,0.9747259659492196,0.95919926521709,0.5296129343195396,0.20308326817108102,0.15837512842183615,0.45619024961770016,0.6622987110293627,0.696330729769856,0.9751736364175324,0.943600167038587,0.9725147940845414
0.8395939086294417,0.9641827346620292,0.9607880779012896,0.9688132854864974,0.9657545589577248,0.9622748423008748,0.03778285613144593,0.9592681903598379,0.9536969433526519,0.9626273755742119,0.9461860773820605,0.9272569122151375,0.9740896505445413,0.943622859983633,0.4577790894190022,0.976700501605646,0.9622892079056435,0.5966635557309051,0.14639391019828712,0.0638477967113886,0.4577790894190028,0.6578039392263431,0.6903831356073007,0.978342390102526,0.9415906312481337,0.9807280227773797
0.8406091370558376,0.966779266156481,0.9698719106011235,0.9718708751261264,0.9724663893501713,0.9688896184136869,0.06686945189465254,0.965879472349753,0.9597756101225303,0.9536969433526519,0.9701195211407809,0.9395137428147182,0.9776606242062191,0.9471766123607778,0.4579491413650275,0.979534591135836,0.9655382969684971,0.6079255373514186,0.12041700704147752,0.1301817896564113,0.4579491413650283,0.657095988909599,0.6854670595743276,0.9807863187064071,0.9431740249544234,0.9839245507046156
0.8416243654822336,0.9847261208131773,0.9816809046616279,0.9659851171255694,0.9627037904408087,0.9592682200977339,0.06683605085522362,0.9725668207242864,0.9663045315404981,0.9597756101225303,0.9682337867930533,0.9450981281817963,0.9796839321114919,0.950603966040163,0.39772715747954385,0.9800809517575277,0.9682522343744857,0.6023002723923591,0.08610852715643764,0.32338264394633315,0.397727157479544,0.6472158178530639,0.6793291372696696,0.9822929019148757,0.9436719657410579,0.9863739602475606
0.8426395939086295,0.9744162057498923,0.9773661332197665,0.9781387297759078,0.982610363418988,0.978886743750775,0.06920895204952487,0.9628398317912494,0.9729085717400394,0.9663045315404981,0.9781698582960274,0.9461860773820605,0.9835644435323811,0.9544542699690316,0.5064630021916205,0.9841420941159549,0.9716911438520042,0.7466848664399502,0.06998826135067633,0.14427909165903285,0.5064630021916211,0.6521381440324245,0.6755173666247829,0.9846609333018003,0.9473572981467826,0.9873168596836038
0.8436548223350254,0.9850315471235155,0.9763063546632393,0.9866997474966318,0.9873390895340157,0.983547002408257,0.04218180157213268,0.9826737937158496,0.9633027575463455,0.9729085717400394,0.9638823219874797,0.9701195211407809,0.9854216470479975,0.9583045738978996,0.45048485030796526,0.9883233665901145,0.9751926900857883,0.7814505346924329,0.10611433570465108,0.039801914054787536,0.45048485030796553,0.6574106174322436,0.673644663338095,0.9856020715313553,0.9508103701034116,0.9857002067152946
0.8446700507614214,0.9864062568461643,0.9781230518988862,0.9868526561373924,0.9809324058208766,0.9772329921487105,0.03176467397587987,0.9873852713679865,0.9828896363105866,0.9633027575463455,0.9552517673917909,0.9682337867930533,0.9868409819284207,0.9616363187497182,0.4102040090268319,0.9905812479807019,0.978289344680185,0.711602771533575,0.11621604797385375,0.05804287644679929,0.4102040090268322,0.6546868113769404,0.6715386003219511,0.9867974686225384,0.95361110958714,0.985234408104629
0.8456852791878173,0.9772418361097103,0.9663897150541341,0.9606344810501172,0.9578224909861275,0.9544576936613428,0.07519801535020418,0.9810019566222166,0.9875424203546246,0.9828896363105866,0.9611263168116702,0.9781698582960274,0.984938470932083,0.9644592271208235,0.3495049478260024,0.9882329055881862,0.9802993727996916,0.5790866310590678,0.12210683173446511,0.21392927815538365,0.34950494782600233,0.6334132794908569,0.6651059125081916,0.9872718334667517,0.9538091279055088,0.9859643342813137
0.8467005076142132,0.9507417629285874,0.9451183712006359,0.9517676460478716,0.9470683399380557,0.9438591517654479,0.10616077890082032,0.9579763373247312,0.9812386262607016,0.9875424203546246,0.967436001645591,0.9638823219874797,0.9834587375971924,0.967209213546712,0.39371804807314,0.9843590742761028,0.9817814275646037,0.5330940261305791,0.15108649984506872,0.077113836156505,0.3937180480731398,0.60695925574315,0.6540557401124479,0.9870289588981379,0.9538089774347054,0.9854892247985584
0.8477157360406092,0.904538255082359,0.9073447447516125,0.884731494876161,0.877052189974407,0.8748565331334989,0.26193095120165233,0.9472614130304962,0.9584998504494986,0.9812386262607016,0.9738182828252926,0.9552517673917909,0.9759468540601579,0.9688993949361501,0.17342841707892487,0.9684778565196004,0.9802811275889802,0.2670484556649466,0.45496623124499563,0.39054789944886104,0.17342841707892487,0.5330519731113584,0.6287209381902235,0.9837311793652591,0.9649176645367599,0.9679106291225191
0.8487309644670051,0.878649034521913,0.8751727554554338,0.8497993934274012,0.8531032963406022,0.8512541285496517,0.20990640571985664,0.8775006534056058,0.9479184081780532,0.9584998504494986,0.9645350251085416,0.9611263168116702,0.9654528673927223,0.9700353660801763,0.33995855055213675,0.9511361129621441,0.9778394337920304,0.23726917249029786,0.7002935482210532,0.4170812435789074,0.3399585505521371,0.4567754548083529,0.5914296654542559,0.9800273407462522,0.977353452896984,0.9482083469702799
0.8497461928934011,0.8600148832691173,0.8535228945087758,0.8515574345732385,0.8603489588527973,0.8583948994625078,0.12496756245209306,0.8536391155613037,0.8790266987723119,0.9479184081780532,0.9834641902754648,0.967436001645591,0.9550192791797543,0.971138925272831,0.4620990100198248,0.9382628934570898,0.9757961088684808,0.2250432913390326,0.8211721898200531,0.16086258989528618,0.46209901001982534,0.4025127803587323,0.5494862766602941,0.9768851484814297,0.9844818770515853,0.9349204781225754
0.850761421319797,0.8690264160547266,0.858518927414005,0.8472004130749368,0.8480694235462674,0.8462932191866276,0.10371508056930215,0.8608583488538903,0.8554624179361663,0.8790266987723119,0.9879607371074395,0.9738182828252926,0.942705827950896,0.971586184485843,0.38488042974356784,0.9255008592798,0.9733200577105738,0.22833580082483043,0.91153071585906,0.26285230602608384,0.38488042974356773,0.3517191879832841,0.504595426478378,0.9724906318697665,0.9916751930012577,0.9191170546083801
0.8517766497461929,0.8584110746811028,0.8571564044872697,0.8517103432139997,0.8463914659481557,0.8446395827322862,0.08746675954249139,0.8486236042804036,0.8625917170550321,0.8554624179361663,0.9818686199805395,0.9645350251085416,0.931192636084037,0.9716947575994216,0.42666540518390067,0.914754554863739,0.9708710264487299,0.23763712027724468,0.9670836765217586,0.19900450931469527,0.42666540518390067,0.31203929487133275,0.45982696810160223,0.9677204220074617,0.9966667494082426,0.9047835528961393
0.852791878172589,0.8419153737224768,0.8410325234777045,0.8436843307832621,0.8450185386499922,0.8450911921030771,0.0797622531142187,0.8469517671867703,0.8505093877865104,0.8625917170550321,0.9598933962501663,0.9834641902754648,0.91757308987699,0.9717822634391459,0.42787348983073703,0.9057128633916491,0.9684606951151531,0.21051846425106807,0.9391055345250211,0.10945210055113833,0.4278734898307368,0.28174381799324766,0.4172508418399347,0.9628249733408277,1.0,0.891865791440681
0.8538071065989848,0.8468793378460139,0.849132350343963,0.8494935761458787,0.8577557939754825,0.8576609478741802,0.05603181377635863,0.8455838477670456,0.8488583777366252,0.8505093877865104,0.9496672713595518,0.9879607371074395,0.9047462690648969,0.9716801737049156,0.4841909983310922,0.9006276168085403,0.9666768599473461,0.2355584891163173,0.8157667443653803,0.1351579778431202,0.48419099833109286,0.2695499814975854,0.38046851435173007,0.9573109568549382,0.9982651447346773,0.8828133649888986
0.8548223350253807,0.8538289808433263,0.8475426247555722,0.847506230356459,0.8424253737726777,0.8425320339526879,0.05588050992253528,0.8582746427836769,0.84750749928202,0.8488583777366252,0.8830888970473707,0.9818686199805395,0.8910361309360619,0.971112999173492,0.3727238363675019,0.8936836598010696,0.9643227018136105,0.19095661044482876,0.6462889293199376,0.13930290347232396,0.37272383636750206,0.25098202659646834,0.34689864697415373,0.9511328295871501,0.9967890037784719,0.8722022928740519
0.8558375634517768,0.8404643365548566,0.840426919230089,0.8433021174989185,0.8357136597595902,0.835908506612905,0.065422073519399,0.8430001416968322,0.8600401977089687,0.84750749928202,0.8603158881695345,0.9598933962501663,0.8789491710315005,0.9706252299666341,0.4065059938103602,0.886783701203721,0.9617805478699086,0.19414311026433817,0.46724612370315993,0.10696463907769063,0.40650599381036023,0.2339865776705412,0.31624970034879557,0.9441008455997778,0.9928557526966315,0.8623812019991651
0.8568527918781726,0.8405406639998286,0.8326299522412381,0.8202178114189748,0.816112117081359,0.816564725427663,0.1199428471103105,0.8363129092771535,0.8449559799359565,0.8600401977089687,0.8672057904438972,0.9496672713595518,0.865986450816898,0.9697809490761625,0.3545649049896487,0.8775795400045401,0.9585194248842841,0.09214219924133157,0.19450144347823284,0.2719734198419965,0.354564904989649,0.2089127090528517,0.28613454461043114,0.9368411641709483,0.9911616188279058,0.8498720523383273
0.8578680203045687,0.8035779043350261,0.8143866296258178,0.8085993206937411,0.8198494074370366,0.8202527918573058,0.10581534934775191,0.8167828650264619,0.8383520542467531,0.8449559799359565,0.8555291772847582,0.8830888970473707,0.8603242253086065,0.9692413227252573,0.448591135501499,0.8707273830637008,0.9555422775636719,0.08760841738548875,0.1728888366738381,0.19817577723681723,0.4485911355014996,0.1950038721664244,0.25893823890278916,0.9302190321038469,0.9885099824334214,0.8395694157159334
0.8588832487309646,0.8247322596373013,0.8221835966146687,0.8222052738435132,0.8301458384661478,0.8304138875523758,0.06355789584870755,0.820506523272255,0.8190653070777922,0.8383520542467531,0.8539336069898329,0.8603158881695345,0.8580517780985895,0.9684748250781717,0.47522534575613434,0.8669904321548649,0.953111913095976,0.13765608758194267,0.17203348403728008,0.13598670992099826,0.47522534575613473,0.19483735577922745,0.23714403112676663,0.9238018231015875,0.9828581458971111,0.832672504544839
0.8598984771573605,0.8399296948487017,0.8339168179522212,0.8413911677123199,0.840747416174566,0.8408760945438806,0.05148870145608547,0.8307653971233453,0.8227425775544162,0.8190653070777922,0.8526280900825478,0.8672057904438972,0.8561115166282314,0.9678703772972078,0.47613538835120633,0.8658576868134202,0.951219633512949,0.20514972479733162,0.14194970334241608,0.05638414705123202,0.4761353883512066,0.20566450762713306,0.22212507402707507,0.9175819514958851,0.9744037653618225,0.8289685205618788
0.8609137055837565,0.8510796779284803,0.8632123314562257,0.8572902839330342,0.8704165880621078,0.8701553970342438,0.08185966710297368,0.8413283046031987,0.8328736506674348,0.8227425775544162,0.8647399493208894,0.8555291772847582,0.8583235538639533,0.967437704451387,0.5521516558496259,0.8703174551050181,0.9506406983613034,0.3311972322834339,0.1988543901490024,0.20480942957928217,0.5521516558496261,0.2390407483772819,0.21755883431700557,0.9125043483504375,0.9634196546349596,0.8300332917689922
0.8619289340101524,0.8674990514421342,0.8598059086321876,0.8395566139285425,0.8342645039812795,0.8344783718894929,0.08820586459446997,0.8708892554608356,0.8433049698860711,0.8328736506674348,0.85016224895954,0.8539336069898329,0.8571231648209541,0.9663147000660571,0.29169454724220284,0.8674027971818212,0.9485745693653778,0.395979594362869,0.19819027523570204,0.359868364449795,0.29169454724220306,0.24117098981878307,0.214381270890748,0.9061137065589354,0.9530628627895523,0.8279004256302366
0.8629441624365483,0.8423735714532093,0.845044550549358,0.8381043900642274,0.8512727654028371,0.8512631100720692,0.07822494886357959,0.8348690394276652,0.872497662844006,0.8433049698860711,0.8437800784449996,0.8526280900825478,0.8577422403393777,0.9654493543744148,0.5017821272910573,0.8681059967350793,0.947299817610938,0.514553958696219,0.20430008406436195,0.21392927815538132,0.5017821272910576,0.25799344860112705,0.215593664846968,0.8995788560018049,0.9361691834962549,0.8320321254694684
0.8639593908629443,0.8630696124943017,0.855945195992039,0.8589719290760504,0.8633234988895662,0.8631554517869863,0.056446043761071235,0.8518152616532888,0.8369261715209124,0.872497662844006,0.8251409666657168,0.8647399493208894,0.8582933603966332,0.9645062254393871,0.48122979593823134,0.8708692019513873,0.9465783568027653,0.5287856093446013,0.21679645368032868,0.10696463907769299,0.48122979593823195,0.2824798366400918,0.22202846424299338,0.8934083201928883,0.9150732603012055,0.841085308900854
0.8649746192893402,0.8600912107140893,0.8885713595971294,0.8662335149381012,0.8932977010770558,0.892735750426061,0.0826621484861764,0.8638220389826305,0.8536612848334719,0.8369261715209124,0.8286947569889891,0.85016224895954,0.8633289648996278,0.9643765850519533,0.5514014146730346,0.8785719456568395,0.9471370656001863,0.6413600781309859,0.33100076426028313,0.3855717112621545,0.5514014146730352,0.3259072792838754,0.2368684619548551,0.8890479564602679,0.8943270679700428,0.8533304022648341
0.8659898477157362,0.9001088161345266,0.9109025975143541,0.90628706445385,0.9202211347476297,0.9193052815439561,0.10495805600240943,0.8936869075141758,0.8655184867779491,0.8536612848334719,0.8384856358004009,0.8437800784449996,0.8716939492464286,0.9648043965996053,0.5371226335154896,0.8897622503980593,0.948798325471452,0.6965356007856113,0.4864149674049852,0.19568831576336482,0.5371226335154902,0.38143024183069163,0.26113210245233526,0.8871770585035853,0.8835194222613567,0.8604933653516954
0.8670050761421321,0.9222558943432394,0.9205162617388523,0.9272309994684936,0.9218990923457411,0.9209612209527634,0.1049026730823307,0.9205121354872179,0.8950113113311642,0.8655184867779491,0.8485666786646144,0.8251409666657168,0.8821652879334174,0.9654380096968981,0.43969410664430686,0.8992225943664267,0.9504645180461311,0.7035869400532702,0.5416422041854491,0.07379764260518165,0.4396941066443073,0.42718264072928624,0.29075405793579784,0.8859247341567448,0.8757485400337937,0.8658254136788114
0.868020304568528,0.9348569145906381,0.9265721887078082,0.9333460621126329,0.9340261706919764,0.93292886927872,0.0619041161785214,0.9221839725808512,0.9215023618902267,0.8950113113311642,0.8767791015482884,0.8286947569889891,0.8934670909695532,0.9658366534555368,0.47915813433480564,0.909164596644974,0.9525718589713597,0.7026094992728229,0.5795229673830053,0.07379764260517929,0.4791581343348062,0.47246314603358003,0.3245573479615481,0.8887595389290107,0.8874688493717748,0.8596345948508896
0.869035532994924,0.9256161664092121,0.9270263630167197,0.9282247306807633,0.9358565852503824,0.9347351916141596,0.060612038362663906,0.9342668162948109,0.9231533719401117,0.9215023618902267,0.8424020758570947,0.8384856358004009,0.9039308841696687,0.9663260447435743,0.44020455245863693,0.9176312814216987,0.9546730066130213,0.75750774919191,0.5884003587246177,0.1343279805254239,0.4402045524586373,0.5092658275413785,0.35981362070009576,0.892877022302431,0.899422389462347,0.8557201557005861
0.8700507614213199,0.9265325618706776,0.9184724773487492,0.8812918085873073,0.8840690506668007,0.8836283715469281,0.16474277631152606,0.9360905542479712,0.9350856926661624,0.9231533719401117,0.8585752358482082,0.8485666786646144,0.9082190822782583,0.965943606960621,0.23960844126798025,0.9151563294984402,0.954528842202184,0.6219250621080235,0.5318353171433425,0.5497517599485776,0.23960844126798006,0.4994725511165096,0.3858329705996608,0.8940572422664573,0.9011082783905393,0.8563411918322231
0.8710659898477158,0.8255722111233442,0.8379289605310742,0.8206764207061393,0.8432643525717334,0.8433600612309534,0.2524790280012047,0.8844919194540468,0.9368867112585189,0.9350856926661624,0.8700342813003266,0.8767791015482884,0.9055314144134952,0.9642420833663506,0.27502901346017883,0.9057231084101269,0.9526861169958727,0.5729989522582846,0.5763084687641042,0.32504263858171634,0.2750290134601794,0.4613821028430631,0.39814740537570403,0.893818160531986,0.901118603855116,0.8558630124677108
0.8720812182741118,0.8497814121812542,0.8532958073543204,0.8531625670783148,0.8479930786867611,0.848026537865494,0.11848233670246097,0.8438360602436488,0.8859308705671325,0.9368867112585189,0.898536757571641,0.8424020758570947,0.906890339319623,0.9624481901615024,0.45224812228842526,0.8988635380642263,0.9511131514746047,0.5747414288353543,0.5437768156683446,0.1409628981077095,0.45224812228842604,0.4351289670982516,0.4021397653359559,0.8938978505830856,0.9011222060905515,0.8560153433444039
0.8730964467005077,0.8629169576043577,0.8537499816632319,0.8497228807894611,0.856993043656574,0.8569082272069545,0.0996458633383625,0.8485475378957856,0.8457814849608991,0.8859308705671325,0.9241382573059065,0.8585752358482082,0.9074565618704522,0.9607904207234358,0.4691943739199724,0.8948851429076907,0.9499777557550091,0.5724604084059582,0.5332860863436113,0.18325100839613118,0.4691943739199728,0.4215985935168701,0.4023139378153954,0.8944936556068991,0.9012600188134912,0.8570432017594526
0.8741116751269037,0.8584875186565252,0.8524631159522487,0.8304605909178332,0.8336543270020245,0.8338762644443464,0.1893350766582403,0.8575146746666238,0.8504342690049371,0.8457814849608991,0.9257338276008318,0.8700342813003266,0.9045197547009447,0.9579269998858001,0.3410034515478204,0.8873928525216535,0.9479121403758064,0.5068120474423922,0.5921650090576006,0.3781093268418091,0.3410034515478204,0.394345950094491,0.3963710173189956,0.8932944598909868,0.9013029795030614,0.854653574116336
0.8751269035532996,0.8357293547662353,0.831040342160047,0.8240397109921719,0.8177138461993234,0.8181452430777075,0.1719142935037833,0.8342610881249937,0.8592896969552615,0.8504342690049371,0.9372654693987312,0.898536757571641,0.8970380761510581,0.9549695898290923,0.36918146926990225,0.8783687370331277,0.9452617729631005,0.4168413092782226,0.6852051984876525,0.2131018113173168,0.3691814692699021,0.36210778939398375,0.38442175222231056,0.8920649099207613,0.9022589130922938,0.8512901977317099
0.8761421319796955,0.8165606783377352,0.8219565094602128,0.8209822379876616,0.8293832045265983,0.8296613971805965,0.10519186327841193,0.8183787516903318,0.8363257938200144,0.8592896969552615,0.9390060110548961,0.9241382573059065,0.8880464707989597,0.9524432330097102,0.48088553010921203,0.8731039897169517,0.9432027140183357,0.5095977497040752,0.6860531880896906,0.14676655313248055,0.48088553010921276,0.3466886807212498,0.371421095821448,0.8917499309693332,0.902440851086725,0.8504916300872819
0.8771573604060915,0.835500255900869,0.824984415191091,0.822816791771439,0.8238153832331556,0.8241665478246206,0.2431047550804551,0.8300055449611468,0.8206413128564418,0.8363257938200144,0.8897612316147121,0.9257338276008318,0.8783376409999502,0.9497207947643403,0.41086410584942823,0.8677856083763444,0.940991861596433,0.45847773303604167,0.6558624917082866,0.16003259257759694,0.41086410584942806,0.3319130344501415,0.3577229346352814,0.8921332156788463,0.9019654497056278,0.8517177657483174
0.8781725888324874,0.835500255900869,0.8467857060764525,0.8407796497843941,0.8463914659481557,0.8464460202154495,0.12335346435866434,0.8244580328073388,0.8321232644240655,0.8206413128564418,0.8509600341070027,0.9372654693987312,0.8696631073741099,0.9476611423506461,0.5248957274092338,0.8675329859427299,0.9398106027312221,0.4836347892942062,0.5137683530148733,0.20398069750140413,0.5248957274092345,0.33856139112536454,0.3482481892275957,0.8934538457837721,0.9011346891159815,0.8551340069877434
0.8791878172588833,0.843442738335069,0.8486781760350512,0.8481177482843848,0.8547812539387136,0.8547254869640398,0.07930206101542014,0.8469517671867703,0.8266448608447472,0.8321232644240655,0.8554565809389771,0.9390060110548961,0.8616378542538408,0.946115187715833,0.46680351422124705,0.8688494953066195,0.939026068489804,0.4296312051922092,0.24778089683261262,0.1451078237369109,0.46680351422124783,0.3514591205170373,0.3435469145460741,0.8946796087104419,0.900854635913674,0.857813072131837
0.8802030456852793,0.8567309386481164,0.849208007559715,0.8348938917838374,0.827476445108686,0.8277795379386704,0.09817022254513064,0.855310952654937,0.8488583777366252,0.8266448608447472,0.8640146498540464,0.8897612316147121,0.8560360272000171,0.9440749804948142,0.32513577718631437,0.8649693392147455,0.9371319108838905,0.3026619764929882,0.15207437788289624,0.29436183834283913,0.3251357771863143,0.3427872278817289,0.33785049750009377,0.894019296553272,0.9013194472145274,0.8560554515500493
0.8812182741116752,0.8207610184202013,0.8234704623256519,0.8231224924178425,0.8155781685822514,0.8160378094458326,0.1113356561805483,0.8281057406233685,0.8571134279860515,0.8488583777366252,0.8418218584166526,0.8509600341070027,0.8532955063676593,0.941508108736217,0.38523187237075807,0.8596344851082958,0.934815100674703,0.2811521587627973,0.17862073281189206,0.14013290079001556,0.385231872370758,0.32867465748402186,0.3301437134002327,0.8912907490428629,0.9015789475985327,0.8504563014238388
0.8822335025380712,0.8216774138816666,0.8293749593559041,0.8245748329172765,0.8221374256350442,0.8225107235635366,0.09328624833530075,0.8162508641535537,0.8302471270501357,0.8571134279860515,0.8266640512800223,0.8554565809389771,0.8507361808987048,0.9389558233448113,0.46011158991494244,0.8564604645164382,0.9328630941169305,0.2628418435305139,0.17546361262434546,0.18905466342090455,0.4601115899149429,0.3240696582772137,0.32295054011267477,0.8906873525601778,0.9020303766498081,0.8488234566411691
0.8832487309644671,0.8180880429503273,0.8285422679538326,0.8253391428508446,0.8319763694039128,0.832220325035539,0.06316050912319415,0.8227861957137055,0.8185399336481296,0.8302471270501357,0.8377604469987192,0.8640146498540464,0.8482599018646648,0.936588274701876,0.47329599668923317,0.8556498392032592,0.9313985617898755,0.28892092534197944,0.13093971831550966,0.17164243310677083,0.4732959966892338,0.32938431691834613,0.3183821296349356,0.8897272385787368,0.902029076677072,0.8469459947892438
0.884263959390863,0.8228230247389486,0.8151435483049376,0.8063061576227991,0.8005530114381123,0.8012100068207754,0.11573488710020455,0.8325892510313602,0.8249938507948618,0.8185399336481296,0.8324660043541208,0.8418218584166526,0.8449833634686255,0.9330183163490454,0.306698724955042,0.849281560693419,0.9286790608709998,0.3177104841211136,0.18262537768920062,0.23134277370932854,0.3066987249550424,0.3119860867341352,0.31084445560839025,0.8866040220658001,0.9031117281042489,0.8397501574374652
0.885279187817259,0.8060216644090835,0.7987925801409164,0.7863558371853053,0.7888835367314786,0.7896938527178864,0.12239482597915716,0.8012805126503266,0.8346747837701289,0.8249938507948618,0.8539336069898329,0.8266640512800223,0.8421295912142055,0.929242553973889,0.3851884020158628,0.8419525099726906,0.9255788296954086,0.3690991018178008,0.2516237107866737,0.26865596105085726,0.3851884020158631,0.29155635590808116,0.3002547989255248,0.8814087773654812,0.9013257680349052,0.8313726898006825
0.8862944162436549,0.7809725118651306,0.7911470430907692,0.7754251437556999,0.7908666410088971,0.7916510185708522,0.09205583397685049,0.7896536034246568,0.8037560764910732,0.8346747837701289,0.86191145846446,0.8377604469987192,0.8383170237346573,0.9252869161484315,0.4416059301295478,0.8363160546497619,0.9226830008588953,0.3592687175680468,0.2936251727866641,0.30348295215875176,0.4416059301295481,0.27905085797999274,0.2889920903472473,0.8749725984019224,0.892933519707549,0.8271832067043771
0.8873096446700508,0.801439570571307,0.7990197828025718,0.7962162867647017,0.7948327331843754,0.7955648896858903,0.07926580518629642,0.7916294741470533,0.7922740104131119,0.8037560764910732,0.8359473089967733,0.8324660043541208,0.8354481720263183,0.9217347833797814,0.4498380128393717,0.8324244696990044,0.9200663783687737,0.3405157225159845,0.3163700910145034,0.1641800486864278,0.4498380128393721,0.2743584435862737,0.27893466811217194,0.8686502681590923,0.8817301855569906,0.8260318337658527
0.8883248730964468,0.7953299955904879,0.8083307026568618,0.8007261002686458,0.8142053576634467,0.8146829813334603,0.08026583801637793,0.7955810996369916,0.7942252665686151,0.7922740104131119,0.8246332349058945,0.8539336069898329,0.8322622255520666,0.9187870959194105,0.513649061072804,0.8327576251383455,0.9183614690760338,0.462700854218543,0.27666440699702216,0.2172480021863341,0.5136490610728045,0.28720063951107705,0.2737548579820507,0.8626884482491605,0.8633933542438077,0.8327301782022337
0.8893401015228427,0.8032723614942375,0.8032588970286811,0.7998853943322565,0.8039088102549765,0.804521770490667,0.07292931397976238,0.8148830606886834,0.7981276643692838,0.7942252665686151,0.8308704340591953,0.86191145846446,0.8272266095292449,0.9154893801547742,0.3912922347151386,0.8311608264168051,0.9162933821330448,0.4780876064190246,0.1835560201404915,0.17081243578907923,0.3912922347151387,0.29175831265775953,0.2706281936320438,0.8561232376471298,0.8385158117105813,0.8447983848705075
0.8903553299492387,0.7943371561536002,0.8076494411934942,0.801031917550168,0.8135189522040445,0.814005567277274,0.08270896703717079,0.8046240708827386,0.8171891697038622,0.7981276643692838,0.8402262881217273,0.8359473089967733,0.8258450251228424,0.9122548662117028,0.47290794424016025,0.8315991154516464,0.914707765650614,0.4712760753049373,0.16206176253833732,0.20646815897485182,0.4729079442401606,0.30445122009854586,0.27095967153204753,0.8526129377999508,0.8273912719957546,0.8490707169631756
0.8913705583756346,0.8149568697497206,0.8170360182635363,0.8141027487748357,0.8230527492936062,0.8234140574528414,0.06988410981234039,0.8141991589562485,0.8070579820805062,0.8171891697038622,0.810345809262508,0.8246332349058945,0.8265848975502015,0.9090803099278367,0.47230892396489427,0.8336886155645595,0.9135825106640791,0.5177673728799481,0.17299101251693005,0.16749624223775353,0.472308923964895,0.32331694635540126,0.275435315997971,0.8516072866464531,0.8253161849912978,0.8491810650118529
0.8923857868020305,0.815033313725143,0.8362635777269314,0.8179246483480326,0.8427305204519846,0.8428332603968464,0.09470993195608762,0.8236981806451402,0.8165137877317286,0.8070579820805062,0.7992493028786498,0.8308704340591953,0.8286233079490484,0.906531266226105,0.5131884969217739,0.8389707866881104,0.9133232283713579,0.5088701974108889,0.22712517501062518,0.3366512138710767,0.5131884969217747,0.3542834386207046,0.2859269486779892,0.85134544211654,0.8244227128379549,0.8495635051077607
0.8934010152284265,0.8380204599503488,0.8442876318702381,0.8379514814234664,0.8541710769594586,0.8541233795188933,0.052363979976505076,0.8433041753255952,0.8258944746013779,0.8165137877317286,0.8011350372263768,0.8402262881217273,0.8308202542110239,0.9038023470740718,0.4790922020817078,0.8453696430541218,0.9135519305605282,0.5182276464778084,0.29281149422096675,0.20729689105272986,0.4790922020817081,0.38830410777612545,0.3019130046428985,0.8512050319756402,0.8237852989382619,0.8499271248264596
0.8944162436548224,0.8478721772829015,0.8493594374984188,0.8543856029341664,0.8495948078047255,0.8496072858109852,0.05609576106552169,0.8547030013522654,0.8452562260415744,0.8258944746013779,0.8049063952566697,0.810345809262508,0.8356746633506151,0.9008757268875561,0.4152037630943221,0.8497742305414104,0.9135805354726194,0.5959023821219552,0.3324432885254273,0.08457748581666158,0.4152037630943219,0.4125201862777568,0.32010640582922373,0.8519981686054244,0.8261760533999547,0.8490847815437327
0.8954314720812183,0.8486358013239724,0.8503435588391941,0.8517103432139997,0.8603489588527973,0.8602199908768459,0.06709555123847913,0.8501434245596555,0.8565130502851535,0.8452562260415744,0.8233278286637706,0.7992493028786498,0.8427486782524565,0.8983137188998128,0.4761307377259619,0.8553304442037621,0.9140571673459095,0.6746667072653999,0.3511625116027599,0.12437813463163791,0.47613073772596215,0.44008229238855384,0.3408124512945711,0.8541195267990059,0.8314801669425158,0.8479237627330459
0.8964467005076143,0.8629169576043577,0.8691924857022302,0.8627173160113076,0.8672895910650444,0.8670694380497476,0.09333677811289837,0.8608583488538903,0.8520102747835867,0.8565130502851535,0.8135368391871975,0.8011350372263768,0.8503134147570854,0.8963901877802155,0.460743135589887,0.8611365374664937,0.9148049843126973,0.6756145352104475,0.35416770113225005,0.21144308192174954,0.4607431355898873,0.46713999154377156,0.3634160383885369,0.8560056018828451,0.837197202067606,0.8458887938756575
0.8974619289340102,0.8732267561371928,0.8660888072484001,0.8558379434336002,0.8531032963406022,0.8530695475552325,0.07816071609544703,0.8677736644725687,0.8625917170550321,0.8520102747835867,0.8226751255427087,0.8049063952566697,0.8560813346807383,0.8943937347154008,0.377636349228775,0.8633113973732389,0.9149309824089351,0.5909332491546231,0.30272393959123306,0.25207246281460155,0.3776363492287752,0.47791652991433003,0.38390402124385065,0.8574628550851146,0.8400258804342093,0.8459074177203255
0.8984771573604062,0.8375622622196163,0.844514719024694,0.8433785135017396,0.8521117442018928,0.8520911373503347,0.08127215138378793,0.8536391155613037,0.8694208845786178,0.8625917170550321,0.8317408155524391,0.8233278286637706,0.8598335037058191,0.8938638309608337,0.4294137247995028,0.8649108078453782,0.9150106270804006,0.7320059233801824,0.28016291476554084,0.15091274400149784,0.42941372479950296,0.48554330757290215,0.40199655554984043,0.8577474739916425,0.8408065105980336,0.8456825551640034
0.8994923857868021,0.836798521648095,0.8395185706122654,0.8303076822770722,0.840137239195311,0.840273987098734,0.0956385950437996,0.8526511802001053,0.8554624179361663,0.8694208845786178,0.8504524130123416,0.8135368391871975,0.8634195798610702,0.8935883442102802,0.3857987811444422,0.8640453958796674,0.914587031443872,0.7302770475475381,0.2016380548899422,0.23797642605179353,0.3857987811444425,0.48251729482444067,0.4157952359681248,0.8570188444952146,0.8388940299426737,0.8461721310480451
0.900507614213198,0.828627056878979,0.8331598992731015,0.8326772413508353,0.8301458384661478,0.8304138875523758,0.08768800574383687,0.8407203533005272,0.8544867898584145,0.8554624179361663,0.8613312410240179,0.8226751255427087,0.865065394545963,0.8929466256524595,0.3933218463408622,0.8615233517315648,0.9137627550593057,0.6721617551829125,0.15046609128934973,0.14262036226346322,0.39332184634086226,0.472641775211238,0.4246301569359033,0.8571516631772426,0.8390397079022021,0.8462861345319966
0.901522842639594,0.8321399838348961,0.8351280264474523,0.8332887592787611,0.8272476432888851,0.8275538484009982,0.10064446877359662,0.8307653971233453,0.842704592185173,0.8544867898584145,0.8569796655532829,0.8317408155524391,0.8654806267205364,0.8925042302103011,0.42165130467315953,0.8589336818347344,0.9128497596850087,0.6465237332216424,0.13703481434096115,0.15754513110414928,0.4216513046731596,0.4627424422944351,0.429488755678365,0.8577322910738993,0.8392954838303694,0.8471661528593214
0.9025380710659899,0.8265650505602319,0.8168089311090805,0.8137970481284321,0.8075698721305067,0.8081346454569934,0.11459411313817039,0.8278777733792235,0.8328736506674348,0.842704592185173,0.8672057904438972,0.8504524130123416,0.862000244980647,0.8916793969851894,0.35375818481864224,0.8532422808879783,0.9111507230035971,0.49423035105048996,0.22641936078479052,0.16832497431563156,0.3537581848186425,0.4405650983686174,0.42842608405205085,0.857007465992787,0.8393703300009057,0.8456728463573545
0.9035532994923858,0.7929625629614024,0.8061353728208556,0.7930823011222515,0.8084850794097098,0.809037864198575,0.09115857357578111,0.8082717786987683,0.8300219997260911,0.8328736506674348,0.8738056393306195,0.8613312410240179,0.8574780100608872,0.8909031792144512,0.4371051569968938,0.8487518397514073,0.9095565389801681,0.5391326071399472,0.2731424410219222,0.2761196107110138,0.4371051569968942,0.42420488485745134,0.4239246661827303,0.8558386303217748,0.8388585303942435,0.8438982254217141
0.9045685279187818,0.8093056090300844,0.8035616413988891,0.8047009084826039,0.8118409946059328,0.8123496278684667,0.05643433912332263,0.8091836476753484,0.8106602482858947,0.8300219997260911,0.8603158881695345,0.8569796655532829,0.8537409435293803,0.8899276383280511,0.447114775229377,0.8456871226362246,0.9081650322759556,0.5127251788859638,0.2962584417705759,0.12189067315819024,0.4471147752293778,0.4143883124332049,0.41813266438330166,0.8564002766759592,0.8384613490226798,0.8453950434259748
0.9055837563451777,0.8003704036894473,0.7989440100796201,0.7985858458384648,0.7939937543853195,0.7947370927030716,0.09451837556756787,0.8125273218626152,0.8115607575820727,0.8106602482858947,0.8593730209956709,0.8672057904438972,0.8471727642437279,0.8888986231617936,0.3603213414092946,0.8399393870978802,0.9060827018124529,0.40081050799600304,0.32517458686510703,0.1376454393165679,0.3603213414092944,0.3941765678876521,0.4089881957683622,0.8566545413281738,0.8379467866857704,0.8464079309994049
0.9065989847715736,0.788838550323908,0.7862266674012923,0.7605197587472549,0.7618838745807577,0.7630492452843985,0.1329675396137755,0.7947451810901749,0.8148627776818433,0.8115607575820727,0.8479864612241723,0.8738056393306195,0.8367391645109326,0.8873299791719463,0.3001649860157827,0.8294070139097638,0.9027409574480421,0.2162191671750144,0.3963109197187998,0.41127758855413404,0.3001649860157829,0.3555344492340719,0.39304845366366153,0.8552124710436476,0.8423256246028159,0.8392006204599719
0.9076142131979696,0.7624148045877573,0.7679075720629203,0.7693865937495007,0.7720278486495744,0.7730598429051126,0.09834978881693232,0.7627524250218516,0.797302159344341,0.8148627776818433,0.8384856358004009,0.8603158881695345,0.8287138998708363,0.8863933311435815,0.4764840867880141,0.8226312977935206,0.8999539264721488,0.20861145321995267,0.4072032575193867,0.11442828873784722,0.47648408678801474,0.3340481854150488,0.3755013449607198,0.8540777882516782,0.8446853321795407,0.834616988289186
0.9086294416243655,0.7785287517910732,0.7846369418129016,0.7849798926886925,0.787815756112622,0.7886401359019489,0.07731541286682261,0.7728593980134149,0.7657079555828139,0.797302159344341,0.8357297412897526,0.8593730209956709,0.8223495524092066,0.8857127197277258,0.4999533534667658,0.8199538894641225,0.8979355751385347,0.30248978962579454,0.3508327370378845,0.12852432550065523,0.49995335346676656,0.33040944510694853,0.3606515621311042,0.8527647438150375,0.8454904274744439,0.8312412948255369
0.9096446700507616,0.7810489558405528,0.7825930419155991,0.7775653981858807,0.7914768179881522,0.7922531260159987,0.059373059635129316,0.7885897176336951,0.7756890201533613,0.7657079555828139,0.81701814382985,0.8479864612241723,0.8175328937436359,0.8848911281922883,0.4486055447857573,0.8184279634596519,0.896149279632874,0.266076516022,0.2965469561641586,0.18656720194745688,0.44860554478575765,0.331853728060273,0.34909407165349166,0.8521461759957819,0.845942327749839,0.8295782906345391
0.9106598984771574,0.7936498595575013,0.8078007556249984,0.7945346416216853,0.8158833152615583,0.8163388055945443,0.09388432677635719,0.7922374254497249,0.7912233780641247,0.7756890201533613,0.8178884146579326,0.8384856358004009,0.8161211158699133,0.8843628465189003,0.5347754723361509,0.8216105783044261,0.8954523759301025,0.35020196604057074,0.26569374579978244,0.27860707218446146,0.5347754723361513,0.35256031086183776,0.3444693846942807,0.8522638175506531,0.8459953395837556,0.8297554013299692
0.9116751269035533,0.8281688591482465,0.8346738521385406,0.8353526177061209,0.8433406974312396,0.8434353678419929,0.15212175107090298,0.8165548977823169,0.7948256442695132,0.7912233780641247,0.8210795552477834,0.8357297412897526,0.8177140891070391,0.8837875714723186,0.5453553223458997,0.8291995363376288,0.8959295634457674,0.49016629500216446,0.3164311395090016,0.1301817896564113,0.5453553223459,0.3903719905476023,0.3492084645588155,0.85327326732888,0.8476701008642324,0.830053416540712
0.9126903553299494,0.8183935857911161,0.8274068321815531,0.8192241968418242,0.8363237203594864,0.8365106140580517,0.1590557497605545,0.8439121266282668,0.8188401797537477,0.7948256442695132,0.804108610109207,0.81701814382985,0.8205602928349311,0.883831323155838,0.4053041191628128,0.8341347228304736,0.8960949726315706,0.4732704949686243,0.3624840032926544,0.22553911868455517,0.40530411916281306,0.4157350492809266,0.3586602684820054,0.8529544897527229,0.8470139547547793,0.8300867649818765
0.9137055837563453,0.8347366318597981,0.8471641076624126,0.8410854670659166,0.8560014915178649,0.8559297018543331,0.11360064632438688,0.8369207446249705,0.8458566037424724,0.8188401797537477,0.7735753174637647,0.8178884146579326,0.8252637115982671,0.8839317932815741,0.5124020755706415,0.8417451828103324,0.8970757402299194,0.5652219594926872,0.4483826682167907,0.20480816433946863,0.5124020755706419,0.450738846444593,0.37403387643809494,0.8530455640968365,0.8472973753598649,0.8299811320077478
0.9147208121827411,0.8561199694969893,0.8699495198885494,0.8621823107213217,0.8757556075357495,0.8754240962616543,0.13269547815586294,0.8565267393054257,0.8389523174373135,0.8458566037424724,0.783221224913937,0.8210795552477834,0.8315903085858758,0.8841959353546104,0.5115663955732618,0.851558363638534,0.8988430799555498,0.6437047501846055,0.5646440741157437,0.22553911868455517,0.5115663955732624,0.49295331676029686,0.39575420923203114,0.8543472242404629,0.8518541878403334,0.827964546365123
0.9157360406091372,0.8803291705548993,0.8775950569386963,0.8822090271616368,0.8839164773271477,0.8834777583248495,0.07220334096037978,0.8762088003704989,0.8583140688775099,0.8389523174373135,0.7982339500241664,0.804108610109207,0.8404913220161858,0.8839966147116335,0.46520159387466953,0.8610689691779745,0.9008819521849547,0.6698341985521241,0.651875403681894,0.09203987023700225,0.4652015938746699,0.531787993382955,0.4217976178630024,0.8555198527456177,0.8564020515211264,0.8257044322079591
0.9167512690355331,0.8849877083680983,0.8826668625668772,0.8838906723046523,0.8802555318309759,0.8798648833585224,0.0848306467383314,0.8843399026396657,0.8777509390992797,0.8583140688775099,0.8017152546668189,0.7735753174637647,0.8522083572268953,0.8831474749956777,0.41914245603992517,0.8681857140289031,0.9026879687059961,0.7280294718737547,0.6133911289067583,0.129353057578538,0.4191424560399246,0.5588154862281869,0.4486643540302183,0.8561649877756304,0.8588592148965601,0.8245059682642891
0.9177664974619291,0.8927009754064815,0.9012131605669047,0.8970380161672603,0.910687337658068,0.9117451426228332,0.1201441097837925,0.8806923107784901,0.8857807475143238,0.8777509390992797,0.8249233989586962,0.783221224913937,0.8659335863294761,0.8829092614946651,0.5517449956299432,0.8795335245271594,0.9056941499588802,0.7738586900420371,0.6143113007175619,0.18988466073859617,0.5517449956299438,0.6014221058673822,0.47966670947363077,0.8590301468022102,0.8701971561615136,0.8187574923443394
0.918781725888325,0.9068293602664727,0.8971253607722995,0.9022358602370703,0.8984841472110441,0.8996865275954685,0.05589449839203969,0.9110131137983262,0.8821785958192727,0.8857807475143238,0.8510326304527838,0.7982339500241664,0.8768881126522068,0.8821541085250967,0.38688722747344,0.8866025574388192,0.9080727736817951,0.7270273707376785,0.5587439385364398,0.08872241144586532,0.3868872274734403,0.6243127783610611,0.5095773454723256,0.8613374580993344,0.8776618492123363,0.8157965078927786
0.9197969543147209,0.9211867274613795,0.9128707246887053,0.9182113724606057,0.9186195220090241,0.9195833632957305,0.10294400187274202,0.8988544356094574,0.9121216750205774,0.8821785958192727,0.8443601852202802,0.8017152546668189,0.8894733511662563,0.8817878767178299,0.5106729690459922,0.8960419715803685,0.9111990749745671,0.8148533128721273,0.4882538937167173,0.08789367936798964,0.5106729690459926,0.6553399737292716,0.5404305191271845,0.8652424327396274,0.88977722257387,0.8113041512555824
0.9208121827411169,0.9223323383186613,0.9233928530382263,0.9295241625394358,0.9229668729645979,0.9238791794089617,0.08490772606009045,0.9189163647782026,0.900114464533629,0.9121216750205774,0.8630717826801828,0.8249233989586962,0.9000730322490538,0.8826143295514358,0.44980795733904183,0.9045544080151491,0.9143843439776902,0.9522306945037329,0.4390164326705643,0.08043129494764426,0.44980795733904355,0.6807472906712441,0.5707834756515978,0.8698608481680187,0.9018808266331704,0.808219652094785
0.9218274111675128,0.9354678837417648,0.9344449284196108,0.9361742304735611,0.9359329301098886,0.9366917817285089,0.08668454716612164,0.9232478583718131,0.9199264706219146,0.900114464533629,0.8818559764858664,0.8510326304527838,0.9092382874776817,0.8845832369084171,0.48229089739738007,0.9138731696289917,0.9179862297813901,0.9538832254756585,0.4523137432977638,0.12935432281834447,0.4822908973973792,0.7078168996479802,0.6011072496326917,0.8752686073920514,0.9153636167390167,0.8052984832730438
0.9228426395939087,0.9406609467306685,0.9300543842547977,0.9355628291807537,0.9357803567702352,0.9365409382109829,0.0767207601733999,0.9361666206325892,0.9242040042890993,0.9199264706219146,0.8896161495883117,0.8443601852202802,0.9190830166792008,0.8864484324499878,0.43277745139063895,0.9214699106333504,0.9214404929131295,0.9432502764187672,0.3835406462800571,0.08789367936798728,0.432777451390639,0.7262075646701772,0.6294707065614427,0.8816478648905391,0.9269484616643326,0.8061791655136744
0.9238578680203047,0.9379116438158223,0.9416362911608456,0.9455761874009111,0.9492039011757687,0.9498054953444913,0.0641094412177391,0.9360146038182076,0.9369618300400921,0.9242040042890993,0.88613495561082,0.8630717826801828,0.9283086703622963,0.8884076147379466,0.48356900465816044,0.930122525584903,0.9253199310797446,0.9495618396382697,0.357864824361059,0.10613590699980788,0.483569004658161,0.7475990523038238,0.6569356349275508,0.8886494888330113,0.9394886430188687,0.8073209240599292
0.9248730964467006,0.9495198246263331,0.9386840426457199,0.944506060185821,0.9430260192824302,0.9437008236459073,0.04021313859861228,0.9493891846124196,0.9368117069872832,0.9369618300400921,0.9150725672961764,0.8818559764858664,0.9349674415697369,0.8907314092246771,0.4104476990380157,0.9360803180028694,0.9287892142576173,0.9002886357193542,0.33196585493583725,0.0854062178945349,0.41044769903801587,0.7566450186867719,0.680926460885789,0.8951767479312701,0.9491729232829762,0.8103946515707353
0.9258883248730966,0.9501307937774607,0.9493574854267453,0.9528377732629619,0.9481361205569119,0.9487503967558742,0.04444736267391021,0.9432338371107944,0.9500196728760277,0.9368117069872832,0.9034685504828182,0.8896161495883117,0.941324232024666,0.8935024604517355,0.4523710886882679,0.9418826352967677,0.932335871256667,0.8763670001013131,0.30593244574781925,0.11193956202458599,0.4523710886882673,0.7642385040017423,0.7018138394723559,0.9028462754897838,0.9570579111374713,0.8175055938127135
0.9269035532994925,0.9453958119888394,0.9339906386034995,0.9407605566154448,0.9379159180079482,0.9386512505359407,0.0,0.9483252988214574,0.9439410061061491,0.9500196728760277,0.922615283356762,0.88613495561082,0.947031753493851,0.8958084293542855,0.39543568234438886,0.944774466087924,0.9353165953837628,0.8588276242915909,0.2068190412169718,0.07462637468305969,0.39543568234438964,0.7593039022794974,0.7174224354810183,0.91160494866821,0.957239345758883,0.8344629732673191
0.9279187817258884,0.9381407426811886,0.9322495985836043,0.9380851802601596,0.9365429907097846,0.9372945800599956,0.04711630555956019,0.938142375400131,0.9489690405270401,0.9439410061061491,0.9267491804553156,0.9150725672961764,0.9495910789628059,0.8982035261777391,0.4282193159669564,0.9468912488762846,0.9381230878552458,0.8218237312813821,0.18350668358077327,0.08457748581665922,0.4282193159669565,0.7511334872319987,0.7280858350040322,0.9197905854088512,0.9554926548430835,0.852230063668595
0.9289340101522844,0.937071575799329,0.9353532770374342,0.9419070798333568,0.9411954883446654,0.9418919680605548,0.041015049023876024,0.9367744559804061,0.9389129716852576,0.9489690405270401,0.9390786074006772,0.9034685504828182,0.9538188670971002,0.9002178048267343,0.4507451794423609,0.9494678421087543,0.9410138340560554,0.7930792240959759,0.08858672300277727,0.0771151013963162,0.45074517944236137,0.7449637569641453,0.7352395911602551,0.9274221672541795,0.9536914019311025,0.8689676164576484
0.9299492385786803,0.9456249108542057,0.9429988140875816,0.938620302185264,0.9333396488532151,0.934129169146421,0.05414365587223102,0.9414099832027798,0.9375620932306525,0.9389129716852576,0.9389335253742763,0.922615283356762,0.9552759409317166,0.9018869164696329,0.4040671638627792,0.9501497039401015,0.9434631173527306,0.7267309965605424,0.05154030654045473,0.19651704784124996,0.40406716386277913,0.7312089917365845,0.7378928007575488,0.9344807126617228,0.947870662759337,0.8886093980571811
0.9309644670050762,0.937529773530062,0.929600209945886,0.932658148181886,0.9377633446682947,0.9385004070184148,0.07064491126599931,0.9335827986075211,0.9421398730034549,0.9375620932306525,0.9516979770685186,0.9267491804553156,0.9567405717730342,0.904230156149039,0.44992631297651764,0.9515107310255029,0.9460011066395377,0.7591636406394155,0.014069611122694156,0.11442828873784722,0.4499263129765182,0.7207224145498018,0.7376749689360972,0.9405449912087825,0.9437323043528911,0.9046206645565155
0.9319796954314722,0.9412719158817954,0.9389867870159276,0.9406076479746835,0.9476022884371638,0.9482229050354273,0.06175195588778962,0.9379903585857494,0.9344101961836908,0.9421398730034549,0.945823427648639,0.9390786074006772,0.9578956648551393,0.9070352414086488,0.47010774364346203,0.9544105992664447,0.9488504918886476,0.7015441787648748,0.019204352954824797,0.13101178697410054,0.4701077436434628,0.7169087399442597,0.7366495656883799,0.9457326444502298,0.9431720828480483,0.9153330005215726
0.9329949238578682,0.9385989404119212,0.9275563100485833,0.9270016948249115,0.9337972524928166,0.9345813542558282,0.055215058444682025,0.9477934139034045,0.9387628486324486,0.9344101961836908,0.9506826242140347,0.9389335253742763,0.9576993669981626,0.9094076513497528,0.38211876097305797,0.9542768577972356,0.9510115671545765,0.6912400279238751,0.023147978923391585,0.1534002054749455,0.3821187609730579,0.7009330524673297,0.7322637812330338,0.9505825501542203,0.9368706189944946,0.9311343370123241
0.934010152284264,0.9403555204203301,0.9604852180238821,0.9478692338367344,0.9642291746992668,0.9646528730825098,0.12155723068270868,0.9340387330958111,0.948443781607716,0.9387628486324486,0.9409642310832431,0.9516979770685186,0.9591866458199263,0.9122175954348465,0.5473578256765024,0.9596924733445296,0.9543588881406013,0.7229078293387557,0.07924505625656568,0.2877281860003765,0.5473578256765027,0.7082282341177892,0.7303832959288893,0.9559675407922245,0.9362473753602181,0.9422959426835124
0.93502538071066,0.9727360697169057,0.9632103793845526,0.9626218268395373,0.955839503088068,0.956362582447929,0.04864961310462661,0.9643596520705013,0.9348604508317799,0.948443781607716,0.939658714175958,0.945823427648639,0.9604549903240935,0.9155169308079777,0.40256566651449455,0.9626002522028008,0.9572245457508537,0.6616732221353634,0.0951503465477928,0.15754513110415164,0.40256566651449477,0.7050479266957455,0.7281691250972653,0.9599522054836168,0.9356312506597773,0.9507102422684234
0.936040609137056,0.9664738398461427,0.9650271921273987,0.9739346169183675,0.9707122032719122,0.9710591166684218,0.06688600967488226,0.9560005825571893,0.9648036445434218,0.9348604508317799,0.9440827753273131,0.9506826242140347,0.9626896870600901,0.9193802014955427,0.4882297359411814,0.9676795437599575,0.9605989851726684,0.6677016214609455,0.14792139598941806,0.054726682895473576,0.48822973594118196,0.7108487283819818,0.7276924142302715,0.9642708248783233,0.9375628177841107,0.9572264910024934
0.9370558375634518,0.9708268348185528,0.9725214147460419,0.974546134846293,0.9816951561397849,0.9819119047373676,0.0837281269582073,0.9708190332008892,0.9565487088043332,0.9648036445434218,0.9366126556125081,0.9409642310832431,0.9670231811295735,0.9234346898382416,0.4734694345451146,0.9738293279344405,0.9642997983013508,0.7000600992393766,0.2112336650465752,0.13018305489622722,0.47346943454511525,0.7207518591604647,0.7295212311770916,0.969318067978871,0.9390951832010366,0.9655683246254086
0.9380710659898478,0.9625025986290429,0.9535967151600544,0.957347586766906,0.9623986437615017,0.9628440174971572,0.10532860770479191,0.9817619247392695,0.9711825574189181,0.9565487088043332,0.9408191490568423,0.939658714175958,0.9695825065985282,0.9269949231220503,0.3633758258442553,0.9753576085060878,0.9670495597859492,0.5697284548454831,0.20522674650611783,0.10945336579095422,0.36337582584425515,0.7114301031380146,0.7289038506006232,0.9718910224306375,0.940246572281463,0.9694499888297853
0.9390862944162438,0.9622734997636763,0.9629076350143442,0.959640749837848,0.9740681184681355,0.9743752559517987,0.08178572804987888,0.9625357981624865,0.9819891270144083,0.9711825574189181,0.9501750031193743,0.9440827753273131,0.972836408533948,0.9303914894039272,0.4762178635940562,0.9787266609137495,0.9701788648384111,0.6327115466644304,0.21654207501895,0.18656720194745688,0.4762178635940565,0.7099846473171229,0.7280873485922033,0.9756517883053019,0.9402909434676581,0.9767646672587139
0.9401015228426396,0.977623706395471,0.9877368316305839,0.9835658784892997,0.998855990900996,0.9988694796526202,0.1323363456122596,0.974162707388156,0.9630025114407277,0.9819891270144083,0.9370477910265493,0.9366126556125081,0.9793215529045132,0.934533486059035,0.5236948104413282,0.9859834983212932,0.9742207212348393,0.6831365394272505,0.2604299406531915,0.1990045093146976,0.5236948104413287,0.7243992067138857,0.73065119550318,0.979644044455566,0.948815875013566,0.9760389662253676
0.9411167512690356,0.9999999999999999,1.0,0.993579236709457,1.0,1.0,0.12213732394868801,0.9988601637792747,0.974484577518689,0.9630025114407277,0.9659855133770663,0.9408191490568423,0.9854820570222926,0.9384956047911571,0.4374494239714124,0.9921286102932065,0.9781518531695024,0.7307539451450407,0.27791853822316126,0.22470912136686833,0.4374494239714131,0.733641990158098,0.7347650820266938,0.9834769147130448,0.9560770078534973,0.9762670833111752
0.9421319796954316,0.9962578576482665,0.9907647373614623,1.0,0.9958814508642271,0.9959302188676108,0.2974930664295288,1.0,0.998874363379777,0.974484577518689,0.9580077725676004,0.9501750031193743,0.9902609767336699,0.942167655350903,0.4185945819167023,0.9964086896789528,0.9817568112485928,0.7181109588944065,0.2796709857316562,0.0538966855777867,0.4185945819167023,0.7348472137349809,0.7383251736413451,0.986459721085082,0.9618045097852137,0.9763677301933119
0.9431472081218274,0.9852606459888823,0.9773661332197665,0.9800496795625063,0.9830679670585893,0.9832684600655893,0.09050711056743227,0.9958964736505345,1.0,0.998874363379777,0.9721502268497471,0.9370477910265493,0.9951380453735352,0.9451493718984555,0.3873217998488206,0.9975842322343265,0.9846852413604037,0.6532776983730877,0.19089275710506343,0.12354940255375987,0.38732179984882076,0.7233303903768893,0.7386029165821273,0.988812569554263,0.9642836269961226,0.9784889556049093
0.9441624365482234,0.9857952876950368,0.9797884347030292,0.9915153782820977,0.9910763798896931,0.991182102497249,0.047577354095267185,0.9831297282041398,0.9959475936568598,1.0,0.9825939194473823,0.9659855133770663,0.9977955197709785,0.9480581665007902,0.4623613664581362,1.0,0.9878333036319837,0.7035886053995111,0.18328474366131614,0.025704612052168334,0.4623613664581369,0.717330107999283,0.7374859649367788,0.9908959820346593,0.9680510322426978,0.9787927122466192
0.9451776649746194,0.9914465484146734,0.9853144146401216,0.9834129698485389,0.9749833257473386,0.9752796261706135,0.0804893680494792,0.9911089296137796,0.9833398909586757,0.9959475936568598,0.9642448610557399,0.9580077725676004,0.9996904737606156,0.950722266695449,0.37535656608354434,0.9990547772286342,0.9901857836746852,0.6309599505558652,0.14039321383728176,0.17412862934040496,0.3753565660835446,0.6979494287285509,0.732267014005457,0.9924860539189565,0.9690940071447789,0.9808596366340098
0.9461928934010154,0.9853370899643042,0.9807725560438043,0.9732467029876203,0.9738392002689757,0.9741489906755102,0.06404492297063705,0.9750745763647362,0.9912196908312487,0.9833398909586757,0.9753413674395981,0.9721502268497471,1.0000000000000002,0.9531335670219038,0.4291806763407733,0.9980736924662617,0.9923982250268197,0.6020637290621702,0.13525334355748142,0.23466023250046786,0.4291806763407731,0.6793287615995101,0.7239360835322066,0.9937649396859681,0.9699903932383172,0.9824644379958459
0.9472081218274112,0.9783110029915699,0.9681308705812282,0.9691954987708408,0.9656021019974301,0.9660095435584554,0.0373249478644032,0.9739346241891564,0.9753850868148672,0.9912196908312487,0.9989121614648968,0.9825939194473823,0.998407026762874,0.9552223896972963,0.4033210787653565,0.9957755077508637,0.9941798803351498,0.6226839647769239,0.15614591160013847,0.14013290079001084,0.4033210787653567,0.656285850614939,0.7121286108477136,0.9951424970465513,0.9696252422526854,0.9855257627515998
0.9482233502538072,0.9663210684257485,0.9566246208909324,0.9681253715557504,0.9614072080021514,0.961864340667303,0.013905680603274156,0.9657275714902258,0.9742593356843068,0.9753850868148672,1.0,0.9642448610557399,0.9983088893542131,0.957523497301677,0.4179710335424977,0.9931335745789325,0.9957164664344966,0.5093177673488507,0.15882597974767754,0.025704612052168334,0.41797103354249776,0.6330212741735413,0.6974904329875963,0.9963796442662353,0.9687468105894741,0.9888263866110564
0.9492385786802032,0.957767733370872,0.9536723723758063,0.9548251190523819,0.9621698419417011,0.9626178673685913,0.06862743138869817,0.9615479787561427,0.9661545229980268,0.9742593356843068,0.9960836706084675,0.9753413674395981,0.9971311367718336,0.9598618756829144,0.43615174846485244,0.9911104522147969,0.9972246457756664,0.5454954154030706,0.1789877185944786,0.13764543931656553,0.4361517484648532,0.6135035098964365,0.6814239063847248,0.9974232469235046,0.968085326925263,0.9915310043948341
0.950253807106599,0.9703686370878203,0.962453460705432,0.9707242352730959,0.9654495286577769,0.9658587000409292,0.028552464611313236,0.9623078309183415,0.9620269978733138,0.9661545229980268,0.9838993256895061,0.9989121614648968,0.9938243933886464,0.962524356269079,0.4453985240500535,0.990050610865425,0.9988106574337949,0.4969813251691334,0.16569382423434964,0.06136033523793621,0.4453985240500543,0.598999617705932,0.6653336992474864,0.9990209102666735,0.9662884837408514,0.9964568889569704
0.951269035532995,0.9685357296344396,0.9604852180238821,0.9597171458406689,0.9574411158266731,0.9579451727569929,0.05304341992386276,0.9655755546758444,0.9627773841166833,0.9620269978733138,0.9915145274307118,1.0,0.9896116962280985,0.9652289689302679,0.4039888299684517,0.9877295077228441,1.0,0.4111287378050078,0.145413926522858,0.15920386049972363,0.40398882996845176,0.5802661497845305,0.6482805888726996,1.0,0.9646637212475804,1.0
0.952284263959391,0.9169863873789136,0.9153687988949195,0.8997897885253671,0.9048908309241834,0.9060172342748946,0.16683505167883045,0.9575963532662046,0.9660043999452179,0.9627773841166833,0.9762116382676806,0.9960836706084675,0.9806049768625997,0.9668786353804911,0.2396446817230583,0.9762897034144682,0.9989479311946592,0.3165471888541911,0.3154800925886999,0.3150915274481121,0.23964468172305828,0.5255901222721924,0.6224354776260667,0.9978748431816896,0.972280113359282,0.9882135750191391
0.9532994923857868,0.8946102103048345,0.8959899250000201,0.8962735895985735,0.8942892532157651,0.8955413247043166,0.0981082736087539,0.9052377503552276,0.9581246000726451,0.9660043999452179,0.9751236890674162,0.9838993256895061,0.9718172033345245,0.9687211415670273,0.3928197741516212,0.9650051035781937,0.9974943435153569,0.23579605523769329,0.44389721176861346,0.14096289810770715,0.3928197741516211,0.47430730366834645,0.5903140637296385,0.9959090780467509,0.9792509733955796,0.9773855563784274
0.9543147208121828,0.8788016894118572,0.8748698955780265,0.8767819950833632,0.8764420129951513,0.8779054145510913,0.1368452004561954,0.8946748428753741,0.9064182586275522,0.9581246000726451,0.9672910302843511,0.9915145274307118,0.9604701043374948,0.9701650064676098,0.3646058473831065,0.9525320094498653,0.9953523666248072,0.06353479580897628,0.5432271433469098,0.12106067584050101,0.3646058473831051,0.4209249219024814,0.5527030261652112,0.9915411286458452,0.9881959387218717,0.9598798262491409
0.9553299492385788,0.8775798676400536,0.8723718213718124,0.8713548463699711,0.8708741917017093,0.8724035411839938,0.109209979773815,0.8768927021029334,0.8959869394089157,0.9064182586275522,0.9633021045470378,0.9762116382676806,0.9501648470005082,0.9714192708488684,0.4116267184197955,0.941315889808406,0.9930618479412678,0.05240690664085257,0.620793518473507,0.15257020815725864,0.41162671841979664,0.3755599734509299,0.5124896244111892,0.9873135835952526,0.9952837938307582,0.9445087549483046
0.9563451776649746,0.8783434916811245,0.8938703678869653,0.8815211132308897,0.904280653944928,0.9054143207956847,0.10019227008594345,0.8713451899491258,0.8784263210714129,0.8959869394089157,0.9640272933487195,0.9751236890674162,0.9432795844687709,0.9737625105282744,0.5642004283010571,0.938204144985755,0.9922563793978434,0.24154686274003592,0.5908247564677266,0.2777783401065811,0.5642004283010575,0.3657305682941627,0.4781251714883887,0.9840082068129156,0.9952875348506809,0.9380370031049866
0.9573604060913706,0.892319105120721,0.8904638295557283,0.890922953523121,0.9010773120883586,0.9022489098821102,0.053651490128850926,0.9046297990525554,0.8729479174920951,0.8784263210714129,0.9671459482579505,0.9672910302843511,0.9368925890266939,0.9767199205849831,0.4210969731881762,0.9350765920867237,0.9913487098057179,0.256910875069552,0.5586158456492534,0.13847417139445065,0.42109697318817657,0.35686073097709003,0.44865403445710206,0.9799969749107657,0.993657081684334,0.931820685774848
0.9583756345177666,0.8956030497417219,0.8999261793487221,0.9000190931689495,0.9090857249194624,0.9101624371660465,0.06493104969189681,0.9014381416796708,0.9058178809266537,0.8729479174920951,0.9595307465167449,0.9633021045470378,0.9317135396343177,0.9796319568769921,0.4640459914889401,0.9339716453897018,0.9908111076558683,0.256910875069552,0.5097760758009532,0.14344909434134362,0.46404599148894077,0.3571105904766299,0.4251328885991437,0.9773443304078998,0.9928356356850254,0.927452641853533
0.9593908629441624,0.9123278495657144,0.9048466705453984,0.8977259300980073,0.9045094557647293,0.9056404709242499,0.07159841102405587,0.9094173430893109,0.9026659838796924,0.9058178809266537,0.9095606676097181,0.9640272933487195,0.9260060181651317,0.98211132032318,0.41590541157344946,0.9322367576435999,0.99010345937949,0.2777333894714037,0.4381723796138208,0.22222292513322944,0.4159054115734497,0.35522353910313476,0.4058948188510113,0.97388336056692,0.990637620361829,0.9228815035859267
0.9604060913705584,0.9086621511894027,0.902500026277888,0.9097267507427033,0.9070263921618964,0.9081275465998518,0.04680827375149341,0.9048577662967012,0.9105457837522655,0.9026659838796924,0.8994796247455046,0.9671459482579505,0.9202229957479049,0.9845663748058392,0.4429727136839867,0.931274264166934,0.9895286822399287,0.29225992621230346,0.3145004354802912,0.06633525818483862,0.4429727136839871,0.3569138425877483,0.3908816058228174,0.9693142751447285,0.9838900728027493,0.9206983902956066
0.9614213197969544,0.8788781333872789,0.8837266411234048,0.8771640917325879,0.8895605271007374,0.8908685149449941,0.11862992932968108,0.9073655219371508,0.906043008250699,0.9105457837522655,0.8825086796069279,0.9595307465167449,0.9135038260859969,0.9861317771060124,0.36667906636575337,0.9273157700129464,0.9882469809211138,0.27470591589078175,0.14786879323376118,0.21393054339519957,0.36667906636575365,0.34665363758398404,0.3765811577570924,0.9638192344107247,0.9765385097005765,0.9173082827280804
0.9624365482233505,0.8720812618103609,0.8736586870827951,0.8723485775822403,0.8823147482091833,0.8837086295100701,0.06642838688680902,0.8899633652232373,0.9085195233255265,0.906043008250699,0.8772142369623297,0.9095606676097181,0.9112691293500006,0.9869598495481134,0.40534535240672587,0.9227615011703965,0.9867129213630332,0.26930994072506287,0.1524993014447742,0.15588640170857965,0.4053453524067257,0.3346830500814866,0.3624691976466976,0.958168594827492,0.9689501762430068,0.9138508250529066
0.9634517766497462,0.9088912500547696,0.920667691677556,0.9146187775309907,0.9276957154589842,0.9285521043160073,0.15403731495610046,0.8827440159757958,0.8913341553648779,0.9085195233255265,0.9089804501692758,0.8994796247455046,0.9145758727331872,0.988901208724576,0.6096446763298733,0.9272743820806779,0.9871343638688688,0.4329672446741796,0.214868078308937,0.2122718139996252,0.6096446763298741,0.3603123722227704,0.3568995943894344,0.9554134858969118,0.9622614456013729,0.9151584193389309
0.9644670050761422,0.9336349762883841,0.941939035531054,0.9374737789673523,0.9500428799748242,0.9506345589522663,0.12758825939190124,0.9279594519788041,0.8842047417356742,0.8913341553648779,0.905934391605826,0.8825086796069279,0.9218612649459248,0.9908992838705705,0.5174242955831574,0.9350239586318556,0.9884726118765983,0.4842479163192108,0.30032737133031967,0.1973457799191256,0.5174242955831565,0.39812461462961957,0.36088286680389825,0.9533718177544298,0.9551237707112383,0.9183117060117468
0.9654822335025383,0.9563166962032515,0.9675252663336131,0.9637683500574491,0.9678138917152908,0.9681950473467288,0.10301679900995891,0.9502251031592357,0.9288569028434748,0.8842047417356742,0.9135495933470317,0.8772142369623297,0.9314568548426998,0.9928552244688545,0.49918492578805573,0.9445909213880148,0.9905005885261078,0.543227431274131,0.37334687052374854,0.1923721222120391,0.49918492578805623,0.44167681419807875,0.3737894862428559,0.9530150944650874,0.9537945114479074,0.9189449310704397
0.966497461928934,0.9770891812197661,0.9707046020031951,0.9757691707021446,0.9776527191048003,0.9779174302160177,0.05226349137924881,0.9679312935019129,0.9508451779009699,0.9288569028434748,0.9091980178762968,0.9089804501692758,0.9387195990749897,0.9948468162355005,0.4693603339724155,0.9542047158667899,0.9928599567728993,0.7162873222618773,0.4792520838397248,0.09701479318389994,0.4693603339724161,0.4833811335799758,0.39342237248457673,0.9532048404027728,0.9545519975156869,0.9185575988636071
0.96751269035533,0.9801439104449506,0.9754736632611678,0.9796674662781631,0.9724663893501713,0.9727924353472882,0.08445324354068146,0.9777342328647132,0.968330791967237,0.9508451779009699,0.9115913733186849,0.905934391605826,0.9457860569701309,0.9968059985234589,0.41449063771641637,0.9611289482585901,0.9949101929389979,0.7365893576890297,0.5242344164252201,0.10696590431750183,0.4144906377164164,0.5120838481292228,0.4155345675514277,0.9535463807743717,0.9557675634235383,0.9180085286581016
0.9685279187817261,0.9786165458323585,0.974640971859096,0.9702656259859316,0.9699494529530037,0.9703053596716863,0.08785272710922568,0.9725668207242864,0.9780116104321663,0.968330791967237,0.8949830779135299,0.9135495933470317,0.9518106616854012,0.9980651266755708,0.4241645945585006,0.9663372691726453,0.9967749074628003,0.8005073491891138,0.5482822005554988,0.19983450663238211,0.4241645945585005,0.5322412605353355,0.4377230649064689,0.9539714098217992,0.9571754058231148,0.9174302634475661
0.9695431472081218,0.9713614765247077,0.9632103793845526,0.9613223949808644,0.9566021370276174,0.9571161091492179,0.05865365263204472,0.9700590650838363,0.9729085717400394,0.9780116104321663,0.888093064974006,0.9091980178762968,0.9569670630973308,0.9992999458641537,0.384564738033321,0.9681753626568848,0.9980090432865287,0.7668013793358825,0.5296788080812004,0.17164116786696199,0.3845647380333208,0.5374883048742634,0.4566449007492973,0.953694382374143,0.9563596501173723,0.9177051596392304
0.9705583756345179,0.9541019184641105,0.9438315054896529,0.9432830243299691,0.9513394624134817,0.9519158076694486,0.06593793401724576,0.9567604347193879,0.9704320566652114,0.9729085717400394,0.9312458379524509,0.9115913733186849,0.9613533986145819,0.9999951387018314,0.41393857976125203,0.9687237971487337,0.9989749852368093,0.6786541251727792,0.49849556819742896,0.1550576696307016,0.41393857976125215,0.536954729626736,0.4716632858350925,0.9529923200884726,0.9542933440325194,0.918400780240097
0.9715736040609139,0.9459304536949943,0.9408035997587747,0.9271546034656727,0.9231956747843983,0.9241053295375271,0.09081400045962112,0.9515169561943426,0.9572990950477025,0.9704320566652114,0.9524957622159809,0.8949830779135299,0.9646827784583887,1.0,0.3291756456485531,0.9640628961169597,0.9987276176227573,0.58479801616709,0.41936004222020845,0.29684929981628677,0.3291756456485534,0.5150272166521535,0.47878420067909117,0.9512883994834468,0.9508882147871116,0.9184767954419225
0.9725888324873097,0.9161463193624201,0.9052251876385577,0.9033059874521604,0.8954332623147692,0.8966717299039731,0.08969606481514522,0.9234758256159579,0.9521209375740018,0.9572990950477025,0.9693942216739377,0.888093064974006,0.9659813164298761,0.9991395131338424,0.32857075440985173,0.9552090517005192,0.9973304494020165,0.48387446945230794,0.36663912824636735,0.1658375128421839,0.3285707544098519,0.4768691589533771,0.47596479830559296,0.950817827473376,0.951031576131911,0.9174123961197721
0.9736040609137057,0.8928537468268761,0.9040896363590789,0.8992547832353813,0.9141958261939445,0.9152121254237365,0.11658133224470685,0.8958146790960995,0.9244291316131434,0.9521209375740018,0.9787499650713083,0.9312458379524509,0.9646450279843672,0.9986809117159977,0.5055573398036138,0.9513714176620058,0.996771693370661,0.544107943831018,0.3924633984586701,0.1973457799191256,0.5055573398036144,0.46073420038612767,0.4701082683486649,0.9518083014997171,0.9509502220746535,0.9194320457161035
0.9746192893401017,0.8613131490163431,0.9069662276584529,0.8643225651515026,0.9064925600421476,0.9076000548794049,0.2240144909124907,0.9145088047999743,0.8971125760291387,0.9244291316131434,0.9738182828252926,0.9524957622159809,0.9603341934151586,0.9977734339493315,0.40409190500170467,0.9468329756786069,0.9959131212807968,0.5187670553136506,0.4410928419406292,0.6077946363953816,0.40409190500170483,0.4425235010212996,0.46135877146394527,0.9533035004151714,0.9494966947187136,0.9238135924237464
0.9756345177664975,0.9246233269723249,0.9215003830796273,0.9146951735338121,0.9204499365674301,0.9213921037333598,0.13023693327071828,0.906833637019097,0.915573818173157,0.8971125760291387,0.9714249273829043,0.9693942216739377,0.9556458656255693,0.9972937652576318,0.48664512061749554,0.9456537239617444,0.9956711505969127,0.5961717619089273,0.4323815649563662,0.22056419573765745,0.486645120617496,0.4388651858838604,0.4535427093687837,0.9557701976050811,0.9471525048621701,0.9309881869087798
0.9766497461928935,0.9147717261702225,0.9219545573885388,0.9218039673902202,0.9328058167334663,0.933601677425974,0.055504248640763254,0.9207401027313629,0.9079942644062016,0.915573818173157,0.9587329613692821,0.9787499650713083,0.9512066886605512,0.9969680459168951,0.4800696829316591,0.9469321424073429,0.9959547141374152,0.6417090002052428,0.3773244106398425,0.14842401728823426,0.48006968293165936,0.44546916244308565,0.4487637384575953,0.9571894993035787,0.9476956067715285,0.9332215735356512
0.9776649746192895,0.9436393485108808,0.9351261898829784,0.9358685298271575,0.9336447955325216,0.934430741033749,0.08390426748237523,0.9330509136894676,0.9217274892142711,0.9079942644062016,0.9537286827774849,0.9738182828252926,0.9473639277136825,0.9968772983874971,0.43649349960277833,0.9481304411801534,0.9962621976137469,0.5378313231454628,0.3173862106353702,0.1401329007900132,0.4364934996027778,0.4515463238604751,0.4462968656288599,0.9588099312327759,0.9479934767424318,0.9360941366118253
0.9786802030456853,0.9340931740191166,0.9236955974084342,0.9262373848913431,0.9253313524014704,0.9262157570102073,0.04828505646060319,0.9338868322362839,0.933884937264366,0.9217274892142711,0.9269667481623358,0.9714249273829043,0.9429473987291119,0.996639087359169,0.402199581316158,0.9476015277254832,0.9962104107222545,0.4402214939959661,0.24014671712241042,0.11940194644493138,0.4021995813161585,0.45039308297433717,0.44406598649274204,0.9596182507803032,0.9480523486274022,0.9376169062765388
0.9796954314720813,0.9284417967690305,0.9271021357396718,0.931205807682452,0.9293736730570956,0.9320263414234778,0.06025576060875534,0.9256037131527357,0.9347104422893084,0.933884937264366,0.900567463280608,0.9587329613692821,0.9402521853774752,0.9963879120448292,0.4485815464261621,0.9479026802603912,0.9963294828143281,0.38507600307630885,0.18542640062588805,0.10281971344848925,0.44858154642616294,0.45269847502997956,0.4427958017266079,0.9608553979999869,0.9480074709213133,0.9400827178366172
0.9807106598984773,0.9266853332910717,0.9171098389148145,0.9219567593958627,0.9164076159118049,0.9191975032749454,0.05062569853135343,0.9296312890724372,0.9265305108214557,0.9347104422893084,0.918408789912428,0.9537286827774849,0.9367944516180329,0.9960281611442258,0.3846232130307247,0.9457950368944754,0.9959023561020917,0.3091679434388892,0.12661431432525183,0.09369859963257424,0.3846232130307246,0.4451464796281175,0.4400941958331163,0.9613221713853287,0.9477746557385505,0.9412292728379249
0.9817258883248733,0.9064474899807117,0.8984879992062345,0.8968851075264997,0.9003145617694501,0.9032747609490085,0.09272699503409332,0.9167125268116612,0.9305079128933598,0.9265305108214557,0.9110837522240236,0.9269667481623358,0.9345295614147167,0.9952324957081272,0.3723229638031111,0.9411488413790821,0.9948198506505377,0.2873597397952492,0.14962436736410462,0.1616925872129754,0.37232296380311125,0.42765187851070563,0.43402845736128437,0.9618572505287556,0.9468018859554674,0.94325056109756
0.9827411167512691,0.903010890469767,0.8933404208551019,0.8887063030901191,0.8935265028968569,0.8965585396919674,0.0873057494037058,0.9006781735626177,0.9177500871423669,0.9305079128933598,0.9243558250129269,0.900567463280608,0.9343408205644401,0.9940835602780894,0.40731420873488333,0.9361150087344654,0.9934962921019397,0.27955462754867233,0.15563559356862233,0.19402958636779988,0.4073142087348836,0.40942775290725064,0.42510859719004357,0.9624151040487975,0.9454109230530829,0.9457352389880008
0.9837563451776651,0.889493474760903,0.8854677966504991,0.8803745900129777,0.8913147131789965,0.8943701572106112,0.11814889726611064,0.8939148747583212,0.9019154831259855,0.9177500871423669,0.936105034517847,0.918408789912428,0.9320759303611235,0.9931809438095912,0.4248244110877592,0.9315948588872047,0.992132262082704,0.3007493966033503,0.19404235807099307,0.19817577723682195,0.4248244110877592,0.3942139877822469,0.41457729340439664,0.9606049261819151,0.946789187433525,0.9408127138792831
0.9847715736040611,0.8885006353240154,0.8881929580111689,0.8828205450895624,0.8794927815120674,0.8826733363298606,0.0732342055191649,0.8917111527466342,0.895236438655209,0.9019154831259855,0.9369028196653093,0.9110837522240236,0.9294033534701065,0.9913805696980792,0.38771698974642016,0.9257502342489514,0.9903279786975134,0.2879322264038683,0.2527138145935086,0.2014932360279541,0.3877169897464198,0.37444625049680536,0.4017404769610809,0.9570946263347361,0.9470952235186294,0.9336372144485984
0.9857868020304569,0.8760523864970108,0.8698737471655975,0.8700554145112983,0.8737725032583306,0.877013595434116,0.08455116282721242,0.8799323426614369,0.893060169685999,0.895236438655209,0.9289975645364636,0.9243558250129269,0.9247829811416857,0.9896369115560993,0.41108090761262955,0.919929728639737,0.9883555432490851,0.3364037733879064,0.30587147134669374,0.13930290347232396,0.4110809076126298,0.35583482159911345,0.3873173158712912,0.9524154908165449,0.9440402851838279,0.9275405700412708
0.9868020304568529,0.8771979973542928,0.8733559427125872,0.8751003499403466,0.8795691263715741,0.8827488732363472,0.04990572057032988,0.874232929648102,0.8814280950655657,0.893060169685999,0.9328414082473762,0.936105034517847,0.9195133398275206,0.9877004161504904,0.4560059020796839,0.9162198974963547,0.9867025550392645,0.45094397491097027,0.30032702628520164,0.122719405236073,0.45600590207968555,0.34683324155427464,0.37376980989906844,0.9475352308582404,0.9366228891486676,0.9254194059736977
0.9878172588832489,0.8889588330547477,0.8890256494132407,0.8888592117308803,0.8952044604949683,0.8982187395665368,0.08063039466040134,0.8800084090460554,0.8757996829437762,0.8814280950655657,0.9205119813020144,0.9369028196653093,0.9157083178348453,0.985862768789438,0.49420845017721166,0.9160232401923303,0.9857674019581006,0.43523634528881927,0.25184252881046904,0.1451078237369109,0.49420845017721204,0.35271775235586555,0.3642451131614912,0.9436909763077476,0.9279082107940362,0.9266247517552174
0.9888324873096447,0.9006433413102316,0.8896311381536566,0.8871010539499239,0.8810945106300321,0.8842581144456675,0.06015441557459064,0.8955867118519543,0.8815032138471395,0.8757996829437762,0.9052090921389833,0.9289975645364636,0.911329527804468,0.9841353190958287,0.3790361700358663,0.9133006194488791,0.9842796173862403,0.4121833703640557,0.2205788300642577,0.1708124357890816,0.37903617003586654,0.3482658592625444,0.3556317800621295,0.9392698982759132,0.918814341419236,0.9270811251406027
0.9898477157360407,0.8794891025384065,0.8723718213718124,0.8750238373024072,0.8707217347414142,0.873995113015475,0.04801499335547697,0.8815282293253071,0.896887448705094,0.8815032138471395,0.8987543252786618,0.9328414082473762,0.9055238574067941,0.981939542915352,0.3930166124490945,0.9091898006206911,0.982416956775352,0.30288179308310703,0.15802454924121967,0.11276955934227995,0.3930166124490937,0.3385219266082058,0.34656645785855505,0.9349968218438501,0.9124670038618834,0.9250764320093597
0.9908629441624367,0.8707829960631351,0.8811529097014381,0.8666921242252658,0.881933489429088,0.8850882143829525,0.08641619693481228,0.8711932890895984,0.8830041008442155,0.896887448705094,0.8966511338890755,0.9205119813020144,0.9021114311280729,0.979455318170995,0.4772691958349139,0.9078619434803135,0.9810956022853308,0.29586630442631845,0.08853451076560252,0.29933676128973447,0.47726919583491556,0.34065787851046725,0.33979090290095915,0.9315434492523286,0.904991712481001,0.9258054028322519
0.9918781725888325,0.8815509923267034,0.8750969827324822,0.8710491457235675,0.8727047226394744,0.8759571150728197,0.07110025022231675,0.8823641478721238,0.8727979089496236,0.8830041008442155,0.885409656143977,0.9052090921389833,0.8993784673024159,0.976750705509806,0.397486380048309,0.9050999944203819,0.9794406247970493,0.26827330011341244,0.07069622761468901,0.18573720462976528,0.39748638004830894,0.33700558133144454,0.33355533743844173,0.9290312148903622,0.9032722073031387,0.9226115302375951
0.9928934010152285,0.8720812618103609,0.8709336412293245,0.8664628195816836,0.8675946213649923,0.8709010936903482,0.3215472389187769,0.8731690438571407,0.8838296058691584,0.8727979089496236,0.879970242138139,0.8987543252786618,0.8968115963465877,0.9740250255747621,0.4133585551426037,0.9019124580557849,0.977637124244862,0.2756801889612074,0.07111981026475071,0.18988466073859617,0.4133585551426035,0.33189678856419735,0.3274267021639913,0.927646071861494,0.9041949596825511,0.9189769185904192
0.9939086294416245,0.8589457163872579,0.8554910216831269,0.8500286980709834,0.8592811782339407,0.8626756312239864,0.14113994607302266,0.8680775821464772,0.8747490505947895,0.8838296058691584,0.8854822524897585,0.8966511338890755,0.8936407523659102,0.9713949569399697,0.4007072039882486,0.8977951340341448,0.9755571370122429,0.23274201020744031,0.08698336905671973,0.19900450931469527,0.40070720398824883,0.323343150927087,0.3206147888528358,0.9249137315169419,0.9040034426977017,0.9138220448256514
0.9949238578680203,0.8329800518513893,0.8280123209219692,0.8225873704927379,0.8245019050719171,0.8282644250014956,0.16404135448351856,0.8597944630629288,0.869721016173898,0.8747490505947895,0.9003498955735871,0.885409656143977,0.8881974726950428,0.9678557884573317,0.2959661684578221,0.8881120945844612,0.9721061563756057,0.19560471266367074,0.2413644020547253,0.19568831576336954,0.2959661684578222,0.2926738582926768,0.3083204702577055,0.920834193856707,0.9090353189407498,0.9007996789457161
0.9959390862944163,0.7918169521041206,0.7912227003065213,0.7907127420484882,0.7865191736739647,0.7906836625473913,0.20293015614272236,0.8251420504946285,0.861541084706045,0.869721016173898,0.886932740758283,0.879970242138139,0.8795606895432235,0.9638515351775004,0.2794048724135837,0.8732936869749108,0.9672041538711615,0.16743189404716996,0.4715198952883836,0.13847417139444593,0.279404872413584,0.24266497162164943,0.2873240072432858,0.9141703174516912,0.9172745122172898,0.8795080858608869
0.9969543147208123,0.7941080572882339,0.7851668888447649,0.7835275521892587,0.7788921360023153,0.7831373413530652,0.12715062013169143,0.7872978645985884,0.8273203573272185,0.861541084706045,0.8770692656010899,0.8854822524897585,0.8695951634327688,0.9597095409950774,0.4015310477610787,0.8597848152995717,0.9621758423931526,0.16648850302948875,0.6136722652458703,0.1500840119236198,0.40153104776107884,0.2004561952302863,0.2611066611755448,0.9065121683956053,0.9200201285797174,0.8617727569291312
0.9979695431472083,0.7795214746975104,0.7813061762046158,0.7820753283249436,0.7779769287231122,0.7822318196570176,0.1362214289078859,0.7796986472474752,0.789947618391093,0.8273203573272185,0.8877305259057457,0.9003498955735871,0.8579913796441219,0.9557231132994272,0.42950772706779383,0.84856594247261,0.9573064958320405,0.16795018214685056,0.662397011200223,0.12354813731394632,0.429507727067794,0.16978849475747065,0.23328835171456064,0.8987667378295484,0.9189015634411253,0.8477366492918289
0.9989847715736041,0.7783759803706788,0.8037887285533449,0.7855150146137971,0.7911716713088452,0.795286923081839,0.14863833668533222,0.778786778270895,0.7824430688953736,0.789947618391093,0.8789548892836561,0.886932740758283,0.8490903546939845,0.9521061591007175,0.488756537294017,0.8417824243799343,0.9531791844300621,0.2477634371884462,0.6604427046719004,0.33250375776224583,0.4887565372940177,0.15891619554642822,0.20860721901374277,0.8920914713409319,0.9147134028054844,0.8388688823230189
1.0,0.8084655410135914,0.8089363069044775,0.809287234624488,0.8065783199917973,0.81053052413574,0.1030327858322497,0.7919333918209619,0.7815425595991954,0.7824430688953736,0.8740956927182599,0.8770692656010899,0.8427411097259285,0.9488003428209234,0.49738936804675765,0.8390294135188536,0.9498571893572585,0.3234778425297522,0.6303028190068677,0.1310117869741029,0.49738936804675826,0.16530793022785711,0.1902888233704424,0.8859816498312288,0.9063841214085555,0.8352549578397369
