Unnamed: 0,Open,High,Low,Close,Adj Close,Volume,lag1,lag2,lag3,lag7,lag10,SMA_10,SMA_50,returns,EMA_10,EMA_50,RSI,Volatility_10,High_Low_Range,Pct_Change
62,61.625,62.18000030517578,59.782501220703125,60.227500915527344,58.73986053466797,176218400,63.5724983215332,63.70249938964844,61.935001373291016,56.09249877929688,61.66749954223633,61.1745002746582,72.34209991455079,-0.0526170513086922,62.35368305228357,66.21808593811348,37.07449729863207,2.718666328755299,2.3974990844726562,-0.05261705130869221
63,60.084999084472656,61.28749847412109,59.22499847412109,61.23249816894531,59.72003555297852,165934000,60.227500915527344,63.5724983215332,63.70249938964844,61.720001220703125,61.19499969482422,61.17825012207031,71.97824981689453,0.0166866836269288,62.149831255312975,66.02257269226374,38.79087586789683,2.7187236053365758,2.0625,0.016686683626928822
64,60.70000076293945,61.42499923706055,59.74250030517578,60.352500915527344,58.86176681518555,129880000,61.23249816894531,60.227500915527344,63.5724983215332,61.380001068115234,57.310001373291016,61.482500076293945,71.58914978027343,-0.014371408643005,61.82304392080649,65.80021693631329,49.65259541947302,2.387838525229964,1.6824989318847656,-0.014371408643005013
65,62.72499847412109,65.77749633789062,62.345001220703125,65.61750030517578,63.99673461914063,201820400,60.352500915527344,61.23249816894531,60.227500915527344,64.61000061035156,56.09249877929688,62.43500022888183,71.30994979858399,0.0872374683696639,62.512945081600904,65.79305157822947,53.82716157414345,1.8345300005897658,3.4324951171875,0.08723746836966395
66,67.69999694824219,67.92500305175781,64.75,64.85749816894531,63.2554817199707,202887200,65.61750030517578,60.352500915527344,61.23249816894531,61.935001373291016,61.720001220703125,62.74874992370606,71.06234970092774,-0.0115823085715827,62.939227461118065,65.75636320923793,55.21241696643004,1.9624923746622513,3.1750030517578125,-0.011582308571582711
67,65.68499755859375,66.84249877929688,65.30750274658203,66.51750183105469,64.87450408935547,168895200,64.85749816894531,65.61750030517578,60.352500915527344,63.70249938964844,61.380001068115234,63.2625,70.80424972534179,0.0255946299036278,63.58982280110654,65.78621178264251,58.372005334996146,2.2199352589661467,1.5349960327148438,0.02559462990362782
68,67.17500305175781,67.51750183105469,66.17500305175781,66.99749755859375,65.3426284790039,161834800,66.51750183105469,64.85749816894531,65.61750030517578,63.5724983215332,64.61000061035156,63.50124969482422,70.52249969482422,0.0072160816976889,64.20940002974058,65.833713185621,67.06596950849166,2.492598993599223,1.342498779296875,0.0072160816976889475
69,67.07749938964844,68.42500305175781,66.4574966430664,68.3125,66.62516784667969,131022800,66.99749755859375,66.51750183105469,64.85749816894531,60.227500915527344,61.935001373291016,64.13899955749511,70.26939971923828,0.0196276352001982,64.95541820615138,65.93092051167507,71.45365704687738,2.8391155607768614,1.9675064086914062,0.01962763520019828
70,70.0,72.0625,69.51249694824219,71.76249694824219,69.98992919921875,194994800,68.3125,66.99749755859375,66.51750183105469,61.23249816894531,63.70249938964844,64.94499931335449,70.157099609375,0.0505031575223009,66.19306888653152,66.1596097836973,69.09038961340326,3.7114839576756204,2.5500030517578125,0.050503157522300945
71,70.5999984741211,71.5824966430664,70.15750122070312,71.10749816894531,69.35112762451172,131154400,71.76249694824219,68.3125,66.99749755859375,60.352500915527344,63.5724983215332,65.6984992980957,70.03594955444336,-0.0091273131113217,67.08660148333402,66.35364462233449,68.27275508895231,4.141806227230245,1.4249954223632812,-0.009127313111321755
72,71.84500122070312,72.05000305175781,70.5875015258789,71.67250061035156,69.90216827392578,157125200,71.10749816894531,71.76249694824219,68.3125,65.61750030517578,60.227500915527344,66.84299926757812,69.87514953613281,0.0079457505320164,67.92040132460994,66.56222721009986,64.74272503815097,4.042126722828326,1.4625015258789062,0.007945750532016405
73,71.17250061035156,71.73750305175781,69.21499633789062,70.69999694824219,68.95369720458984,215250000,71.67250061035156,71.10749816894531,71.76249694824219,64.85749816894531,61.23249816894531,67.78974914550781,69.6818994140625,-0.0135687139952936,68.42578234708853,66.724492690027,69.6966226464814,3.673999504141909,2.5225067138671875,-0.01356871399529369
74,69.48750305175781,70.41999816894531,69.2125015258789,69.23249816894531,67.5224380493164,130015200,70.69999694824219,71.67250061035156,71.10749816894531,66.51750183105469,60.352500915527344,68.67774887084961,69.44049942016602,-0.020756702159,68.57245795106249,66.82284584606302,62.59680990465862,2.589892309990387,1.2074966430664062,-0.02075670215900005
75,69.06999969482422,69.3125,66.35749816894531,67.09249877929688,65.43528747558594,180991600,69.23249816894531,70.69999694824219,71.67250061035156,66.99749755859375,65.61750030517578,68.82524871826172,69.18219940185547,-0.0309103303541969,68.30337446528692,66.83342047089573,57.345578365376426,2.4335208629865983,2.9550018310546875,-0.03091033035419699
76,68.40249633789062,69.4749984741211,68.05000305175781,69.0250015258789,67.320068359375,116862400,67.09249877929688,69.23249816894531,70.69999694824219,68.3125,64.85749816894531,69.24199905395508,68.95494949340821,0.028803558993071,68.43457938539456,66.91936482599311,69.5088155498544,1.9960589630253458,1.4249954223632812,0.028803558993071077
77,68.96749877929688,70.4375,68.71749877929688,68.75749969482422,67.0591812133789,124814400,69.0250015258789,67.09249877929688,69.23249816894531,71.76249694824219,66.51750183105469,69.46599884033203,68.73204956054687,-0.0038754339028068,68.49329216892721,66.99144854633943,67.2512602840261,1.7691290362869208,1.720001220703125,-0.0038754339028068685
78,69.30000305175781,70.75250244140625,69.25,70.74250030517578,68.99512481689453,126161200,68.75749969482422,69.0250015258789,67.09249877929688,71.10749816894531,66.99749755859375,69.84049911499024,68.51089950561523,0.0288695868692412,68.90223910279059,67.1385486153134,72.67072990455186,1.5741597680425998,1.50250244140625,0.028869586869241237
79,70.44999694824219,71.13500213623047,69.98750305175781,70.7925033569336,69.04390716552734,117087600,70.74250030517578,68.75749969482422,69.0250015258789,71.67250061035156,68.3125,70.0884994506836,68.30239959716796,0.0007068318414262,69.24592351263476,67.28184095812203,64.61864260664765,1.500307371994241,1.1474990844726562,0.0007068318414262809
80,71.2699966430664,71.4574966430664,69.55000305175781,69.6449966430664,67.92475128173828,112004800,70.7925033569336,70.74250030517578,68.75749969482422,70.69999694824219,71.76249694824219,69.87674942016602,68.07054946899414,-0.0162094382802299,69.31848226362233,67.37451373008064,63.23426131711805,1.3826040751837485,1.9074935913085938,-0.016209438280229915
81,71.18250274658203,72.4175033569336,70.97250366210938,71.93250274658203,70.1557388305664,137280800,69.6449966430664,70.7925033569336,70.74250030517578,69.23249816894531,71.10749816894531,69.9592498779297,67.91419952392579,0.0328452324470514,69.79375871506954,67.55325839739443,64.46699266005304,1.485023840421011,1.4449996948242188,0.0328452324470514
82,72.48999786376953,73.63249969482422,72.0875015258789,73.44999694824219,71.63574981689453,183064000,71.93250274658203,69.6449966430664,70.7925033569336,67.09249877929688,71.67250061035156,70.13699951171876,67.76509948730468,0.0210960851314501,70.45852930291912,67.78450304644728,66.33335934078073,1.7882890635464532,1.5449981689453125,0.021096085131450115
83,71.5625,74.75,71.4625015258789,72.26750183105469,70.48246002197266,240616800,73.44999694824219,71.93250274658203,69.6449966430664,69.0250015258789,70.69999694824219,70.29375,67.60894958496094,-0.0160993215291862,70.78743339894376,67.96030692035346,60.07900035541605,1.907825022159422,3.2874984741210938,-0.01609932152918625
84,72.2925033569336,73.42250061035156,71.58000183105469,73.29000091552734,71.47970581054688,133568000,72.26750183105469,73.44999694824219,71.93250274658203,68.75749969482422,69.23249816894531,70.6995002746582,67.50949966430665,0.014148809057535,71.24244567468622,68.16931452800733,54.44235235018907,2.0806809270745914,1.842498779296875,0.014148809057535017
85,73.76499938964844,75.25,73.61499786376953,74.38999938964844,72.55255889892578,147751200,73.29000091552734,72.26750183105469,73.44999694824219,70.74250030517578,67.09249877929688,71.42925033569335,67.5063996887207,0.0150088478698333,71.81472816831571,68.41326295395405,59.305454142774586,1.9506998885592155,1.6350021362304688,0.015008847869833364
86,75.11499786376953,75.80999755859375,74.71749877929688,75.15750122070312,73.30109405517578,142333600,74.38999938964844,73.29000091552734,72.26750183105469,70.7925033569336,69.0250015258789,72.04250030517578,67.56914978027343,0.0103172716407022,72.42250508693161,68.67774288598342,59.76737204307697,2.0711177220794545,1.092498779296875,0.010317271640702286
87,75.80500030517578,76.2925033569336,75.49250030517578,75.93499755859375,74.05936431884766,115215200,75.15750122070312,74.38999938964844,73.29000091552734,69.6449966430664,68.75749969482422,72.76025009155273,67.62459976196288,0.0103448933940402,73.06114008177927,68.96234110843874,64.83422879789828,2.0497809061192336,0.8000030517578125,0.010344893394040211
88,76.41000366210938,77.5875015258789,76.07250213623047,77.53250122070312,75.82209777832031,133838400,75.93499755859375,75.15750122070312,74.38999938964844,71.93250274658203,70.74250030517578,73.43925018310547,67.80764984130859,0.0210377785404771,73.87411483431087,69.29842581872362,73.34739458993582,2.4015520736896043,1.5149993896484375,0.02103777854047717
89,77.0250015258789,79.26249694824219,76.80999755859375,78.75250244140625,77.01520538330078,145946400,77.53250122070312,75.93499755859375,75.15750122070312,73.44999694824219,70.7925033569336,74.23525009155273,68.0158999633789,0.0157353522909093,74.76109439923731,69.66917392157391,84.58913100551325,2.724299981846356,2.4524993896484375,0.015735352290909388
90,79.4574966430664,79.92250061035156,77.72750091552734,77.85250091552734,76.13504028320312,162301200,78.75250244140625,77.53250122070312,75.93499755859375,72.26750183105469,69.6449966430664,75.05600051879883,68.07889999389648,-0.011428227649636,75.32316831129003,69.99008870565052,77.89538297150088,2.405411900133865,2.1949996948242188,-0.011428227649636025
91,78.0374984741211,78.98750305175781,75.80249786376953,76.9124984741211,75.21578979492188,200622400,77.85250091552734,78.75250244140625,77.53250122070312,73.29000091552734,71.93250274658203,75.55400009155274,68.17054992675781,-0.0120741457288081,75.61213743180477,70.26155575539447,74.71959275386048,2.193028556945149,3.1850051879882812,-0.012074145728808161
92,76.12750244140625,77.44750213623047,75.38249969482422,77.38500213623047,75.67787170410156,158929200,76.9124984741211,77.85250091552734,78.75250244140625,74.38999938964844,73.44999694824219,75.94750061035157,68.20455001831054,0.0061433924457461,75.93447646897307,70.54090659385862,72.16751502708031,2.125550410855617,2.06500244140625,0.006143392445746132
93,75.0875015258789,76.9749984741211,75.05249786376953,76.92749786376953,75.23046112060547,166348400,77.38500213623047,76.9124984741211,77.85250091552734,75.15750122070312,72.26750183105469,76.41350021362305,68.27849990844726,-0.0059120534965617,76.11502581348152,70.79136115346297,69.93173706127305,1.6966675913679536,1.9225006103515625,-0.005912053496561764
94,78.2925033569336,79.125,77.58000183105469,78.73999786376953,77.00297546386719,135178400,76.92749786376953,77.38500213623047,76.9124984741211,75.93499755859375,73.29000091552734,76.95849990844727,68.40814987182617,0.0235611458884279,76.59229345898844,71.1030723970044,78.32449930192618,1.4373673858726395,1.5449981689453125,0.023561145888427948
95,78.75749969482422,79.62999725341797,78.25250244140625,78.28500366210938,76.55802154541016,101729600,78.73999786376953,76.92749786376953,77.38500213623047,77.53250122070312,74.38999938964844,77.34800033569336,68.64299987792968,-0.0057784380747298,76.90005895046497,71.38471676034185,72.33258107759428,1.1661682975022776,1.3774948120117188,-0.005778438074729886
96,79.16999816894531,79.87999725341797,79.12999725341797,79.80750274658203,78.04694366455078,111504800,78.28500366210938,78.73999786376953,76.92749786376953,78.75250244140625,75.15750122070312,77.81300048828125,68.81244995117187,0.0194481575429696,77.42868509521352,71.71502209313557,72.342313791038,1.1219106124138376,0.75,0.01944815754296969
97,79.66500091552734,80.22250366210938,78.96749877929688,79.2125015258789,77.46505737304688,102688800,79.80750274658203,78.28500366210938,78.73999786376953,77.85250091552734,75.93499755859375,78.14075088500977,69.01955001831055,-0.0074554546906757,77.7530153553345,72.00904089441963,75.4581969244159,0.9823812184339754,1.2550048828125,-0.007455454690675767
98,78.94249725341797,79.80750274658203,78.8375015258789,79.72250366210938,77.96382141113281,81803200,79.2125015258789,79.80750274658203,78.28500366210938,76.9124984741211,77.53250122070312,78.3597511291504,69.37285011291505,0.0064384046256114,78.11110413838446,72.31152963040745,74.50008688582041,1.071759656379439,0.970001220703125,0.006438404625611405
99,80.875,81.05999755859375,79.125,79.18250274658203,77.43571472167969,125522000,79.72250366210938,79.2125015258789,79.80750274658203,77.38500213623047,78.75250244140625,78.40275115966797,69.56665016174317,-0.0067735067355141,78.30590388532947,72.58097955653194,69.06703236729845,1.0975829735198326,1.93499755859375,-0.006773506735514134
100,79.03500366210938,79.67749786376953,78.27249908447266,79.52749633789062,77.77310180664062,112945200,79.18250274658203,79.72250366210938,79.2125015258789,76.92749786376953,77.85250091552734,78.5702507019043,69.94615005493164,0.0043569422453433,78.52801160397695,72.85339197933033,67.99091634367127,1.1315628755599891,1.404998779296875,0.0043569422453433315
101,79.19249725341797,80.86000061035156,78.90750122070312,79.5625,77.80732727050781,133560800,79.52749633789062,79.18250274658203,79.72250366210938,78.73999786376953,76.9124984741211,78.83525085449219,70.27310005187988,0.0004401454053155,78.71610040325386,73.11649425465072,65.90659395804757,1.0032212719394162,1.9524993896484375,0.0004401454053155618
102,79.8125,80.2874984741211,79.11750030517578,79.48500061035156,77.73152160644531,153532400,79.5625,79.52749633789062,79.18250274658203,78.28500366210938,77.38500213623047,79.0452507019043,70.62945007324218,-0.0009740693121563,78.85590044090797,73.3662396019331,59.878562826174225,0.8778781442606203,1.1699981689453125,-0.0009740693121563782
103,79.4375,80.5875015258789,79.30249786376953,80.4625015258789,78.68746948242188,80791200,79.48500061035156,79.5625,79.52749633789062,79.80750274658203,76.92749786376953,79.39875106811523,71.01480010986329,0.0122979292699412,79.1480097290845,73.64452438326431,58.869283399351815,0.597227673974651,1.285003662109375,0.012297929269941221
104,80.1875,80.86000061035156,79.73249816894531,80.83499908447266,79.05176544189453,87642800,80.4625015258789,79.48500061035156,79.5625,79.2125015258789,78.73999786376953,79.60825119018554,71.48530006408691,0.0046294553553489,79.45473506642782,73.9265037833117,66.36486787442,0.6992120660533037,1.12750244140625,0.004629455355348977
105,81.16500091552734,81.55000305175781,80.57499694824219,81.27999877929688,79.48695373535156,104491200,80.83499908447266,80.4625015258789,79.48500061035156,79.72250366210938,78.28500366210938,79.90775070190429,71.98905006408691,0.0055050374202292,79.78660119604037,74.21487613609543,75.34087699743164,0.7107768852751523,0.975006103515625,0.005505037420229231
106,81.09750366210938,81.40499877929688,80.19499969482422,80.58000183105469,78.80238342285156,87560400,81.27999877929688,80.83499908447266,80.4625015258789,79.18250274658203,79.80750274658203,79.98500061035156,72.36625007629395,-0.0086121673075183,79.93085585695205,74.46448890844677,68.06106280259908,0.7400473310929074,1.2099990844726562,-0.008612167307518348
107,80.8375015258789,82.9375,80.80750274658203,82.875,81.04674530029297,137250400,80.58000183105469,81.27999877929688,80.83499908447266,79.52749633789062,79.2125015258789,80.35125045776367,72.79615005493164,0.0284809892876032,80.46615479205167,74.79431287282141,77.83762743942721,1.1226448236039641,2.1299972534179688,0.02848098928760323
108,82.5625,83.4000015258789,81.83000183105469,83.36499786376953,81.52593994140625,95654400,82.875,80.58000183105469,81.27999877929688,79.5625,79.72250366210938,80.71549987792969,73.17125,0.0059124930771587,80.99321716872764,75.13041816658408,74.70623524655372,1.4415869763305116,1.5699996948242188,0.005912493077158798
109,83.03500366210938,86.40249633789062,83.00250244140625,85.99749755859375,84.10037231445312,147712400,83.36499786376953,82.875,80.58000183105469,79.48500061035156,79.18250274658203,81.39699935913086,73.65249992370606,0.0315779975083321,81.90308633052148,75.55657814274132,83.42361870652978,2.097844421675033,3.399993896484375,0.03157799750833212
110,86.9749984741211,88.69249725341797,86.52249908447266,88.20999908447266,86.2640609741211,166651600,85.99749755859375,83.36499786376953,82.875,80.4625015258789,79.52749633789062,82.26524963378907,74.14264991760254,0.025727510551937,83.04979774033077,76.05279072869156,84.35903067483132,2.8865954432055996,2.1699981689453125,0.025727510551937005
111,87.32749938964844,87.76499938964844,83.87000274658203,83.9749984741211,82.12248992919922,201662400,88.20999908447266,85.99749755859375,83.36499786376953,80.83499908447266,79.5625,82.70649948120118,74.5506999206543,-0.0480104370741008,83.21801605556539,76.36346554223783,65.00708727444774,2.7621101134675126,3.8949966430664062,-0.0480104370741008
112,86.18000030517578,86.94999694824219,83.55500030517578,84.69999694824219,82.83149719238281,200146000,83.9749984741211,88.20999908447266,85.99749755859375,81.27999877929688,79.48500061035156,83.22799911499024,75.04014984130859,0.0086335038677556,83.48746712696116,76.6903883424733,65.47488477032815,2.572064216540394,3.3949966430664062,0.008633503867755632
113,83.3125,86.41999816894531,83.1449966430664,85.74749755859375,83.85588836669922,138808800,84.69999694824219,83.9749984741211,88.20999908447266,80.58000183105469,80.4625015258789,83.75649871826172,75.53044982910156,0.012367185927901,83.89838175089436,77.04556909604666,69.78601350297978,2.482078121060539,3.2750015258789062,0.012367185927901092
114,87.86499786376953,88.30000305175781,86.18000030517578,88.0199966430664,86.07825469970703,165428800,85.74749755859375,84.69999694824219,83.9749984741211,82.875,80.83499908447266,84.4749984741211,76.08379974365235,0.0265022204632827,84.64776627674381,77.47593880377293,72.93101920997064,2.580401382307089,2.1200027465820312,0.026502220463282766
115,88.7874984741211,88.8499984741211,87.77249908447266,87.89749908447266,85.95846557617188,114406400,88.0199966430664,85.74749755859375,84.69999694824219,83.36499786376953,81.27999877929688,85.13674850463867,76.52939971923828,-0.0013917014685934,85.23862678723997,77.88462744223175,72.39990437108611,2.5177723397510796,1.0774993896484375,-0.0013917014685934648
116,87.85250091552734,88.36250305175781,87.30500030517578,87.93250274658203,85.99269104003906,96820400,87.89749908447266,88.0199966430664,85.74749755859375,85.99749755859375,80.58000183105469,85.8719985961914,76.99089981079102,0.000398232742387,85.72842241621125,78.27866176789254,72.7542238606047,2.0736166086275163,1.0575027465820312,0.0003982327423870391
117,88.66000366210938,89.13999938964844,86.2874984741211,87.43000030517578,85.50127410888672,264476000,87.93250274658203,87.89749908447266,88.0199966430664,88.20999908447266,82.875,86.32749862670899,77.40914978027344,-0.0057146382248943,86.0378002142048,78.63753778896248,69.26054217121569,1.8278566232914144,2.8525009155273438,-0.005714638224894375
118,87.83499908447266,89.86499786376953,87.7874984741211,89.71749877929688,87.7383041381836,135445200,87.43000030517578,87.93250274658203,87.89749908447266,83.9749984741211,83.36499786376953,86.96274871826172,77.8635498046875,0.0261637706294926,86.7068363169488,79.07204606309324,72.20347956168493,1.7872947277238076,2.0774993896484375,0.0261637706294926
119,91.0,93.09500122070312,90.56749725341795,91.63249969482422,89.6110610961914,212155600,89.71749877929688,87.43000030517578,87.93250274658203,84.69999694824219,85.99749755859375,87.52624893188477,78.32994979858398,0.0213447871550476,87.60241147656251,79.56461287218073,74.1064217680017,2.2717917908332854,2.5275039672851705,0.021344787155047618
120,91.25,92.19750213623048,89.62999725341797,90.01499938964844,88.02924346923828,192623200,91.63249969482422,89.71749877929688,87.43000030517578,85.74749755859375,88.20999908447266,87.70674896240234,78.6949998474121,-0.0176520373291436,88.0410638243963,79.97443195129712,71.06966908394787,2.4002292350654058,2.567504882812514,-0.017652037329143666
121,90.1750030517578,91.25,89.39250183105469,91.20999908447266,89.19789123535156,137522400,90.01499938964844,91.63249969482422,89.71749877929688,88.0199966430664,83.9749984741211,88.4302490234375,79.09704986572265,0.0132755618833191,88.6172338716829,80.41504242710793,69.57491480987613,2.2351281284571516,1.8574981689453125,0.013275561883319131
122,91.10250091552734,91.33000183105467,88.25499725341797,88.40750122070312,86.45722198486328,205256800,91.20999908447266,90.01499938964844,91.63249969482422,87.89749908447266,84.69999694824219,88.80099945068359,79.43174987792969,-0.0307257744973118,88.57910066241385,80.72847218371952,60.682137827217055,1.8157752516512338,3.0750045776367045,-0.030725774497311842
123,88.3125,90.5425033569336,87.81999969482422,90.44499969482422,88.44976043701172,130646000,88.40750122070312,91.20999908447266,90.01499938964844,87.93250274658203,85.74749755859375,89.27074966430663,79.82664993286133,0.0230466696376208,88.91835503194301,81.10951247827265,59.66533129462777,1.521898238908349,2.722503662109375,0.02304666963762081
124,90.0199966430664,91.49500274658205,90.0,91.1999969482422,89.1881103515625,140223200,90.44499969482422,88.40750122070312,91.20999908447266,87.43000030517578,88.0199966430664,89.58874969482422,80.26599990844727,0.0083475842331302,89.33319901672468,81.50521775160479,56.937351505575506,1.5631854945971462,1.4950027465820455,0.0083475842331302
125,91.27999877929688,91.83999633789062,90.97750091552734,91.02749633789062,89.0194091796875,110737200,91.1999969482422,90.44499969482422,88.40750122070312,89.71749877929688,87.89749908447266,89.90174942016601,80.74469985961915,-0.0018914541241649,89.64125307511847,81.87864044126306,70.16440231558452,1.498959454271535,0.8624954223632812,-0.0018914541241649152
126,91.9625015258789,92.61750030517578,90.91000366210938,91.02749633789062,89.0194091796875,114041600,91.02749633789062,91.1999969482422,90.44499969482422,91.63249969482422,87.93250274658203,90.21124877929688,81.18474975585937,0.0,89.8932973047134,82.23741910387591,68.87397626137067,1.3602855148938733,1.7074966430664062,0.0
127,92.5,93.94499969482422,92.46749877929688,93.4625015258789,91.40069580078124,118655600,91.02749633789062,91.02749633789062,91.1999969482422,90.01499938964844,87.43000030517578,90.8144989013672,81.67884979248046,0.0267502159891297,90.54224352674349,82.67761841454269,71.25345266854336,1.3270512167897481,1.4775009155273438,0.026750215989129744
128,93.85250091552734,94.65499877929688,93.05750274658205,93.17250061035156,91.1170883178711,112424400,93.4625015258789,91.02749633789062,91.02749633789062,91.20999908447266,89.71749877929688,91.15999908447266,82.12744979858398,-0.0031028584811315,91.0204720873995,83.08918242222148,65.93475459238252,1.4534496671459491,1.5974960327148295,-0.003102858481131565
129,94.18000030517578,95.375,94.08999633789062,95.34249877929688,93.23922729492188,117092000,93.17250061035156,93.4625015258789,91.02749633789062,88.40750122070312,91.63249969482422,91.53099899291992,82.61844970703125,0.0232901140865615,91.80629512228992,83.56970463230289,70.43644818358456,1.969384589834071,1.285003662109375,0.023290114086561564
130,96.2624969482422,96.31749725341795,94.67250061035156,95.75250244140624,93.64019012451172,125642800,95.34249877929688,93.17250061035156,93.4625015258789,90.44499969482422,90.01499938964844,92.1047492980957,83.14059982299804,0.0043003242767787,92.52378736212926,84.04746140913048,71.03280803109537,2.288551783835082,1.644996643066392,0.004300324276778733
131,95.33499908447266,95.9800033569336,94.70500183105467,95.91999816894533,93.80398559570312,90257200,95.75250244140624,95.34249877929688,93.17250061035156,91.1999969482422,91.20999908447266,92.57574920654297,83.62034973144532,0.0017492569203774,93.14128023609581,84.51305108598596,73.2539006878785,2.5533063590790155,1.2750015258789205,0.0017492569203774178
132,97.26499938964844,99.95500183105467,95.25749969482422,95.47750091552734,93.3712387084961,191649200,95.91999816894533,95.75250244140624,95.34249877929688,91.02749633789062,88.40750122070312,93.2827491760254,84.06089981079101,-0.0046131908034298,93.56604763235607,84.94302951067387,67.5502849749243,2.229143891733484,4.6975021362304545,-0.004613190803429812
133,94.83999633789062,97.25499725341795,93.87750244140624,97.05750274658205,94.91639709472656,170989200,95.47750091552734,95.91999816894533,95.75250244140624,91.02749633789062,90.44499969482422,93.94399948120116,84.55669982910156,0.0165484204750248,94.20085765312443,85.4181068924742,66.87404068947905,2.274133904732778,3.3774948120117188,0.016548420475024805
134,98.98999786376952,99.24749755859376,96.48999786376952,97.7249984741211,95.56917572021484,153198000,97.05750274658205,95.47750091552734,95.91999816894533,93.4625015258789,91.1999969482422,94.59649963378908,85.04539978027344,0.0068773222950304,94.84161052966928,85.90073009175447,75.487613135781,2.334618792156211,2.757499694824247,0.0068773222950304636
135,96.5625,97.40499877929688,95.90499877929688,96.52249908447266,94.39318084716795,110577600,97.7249984741211,97.05750274658205,95.47750091552734,93.17250061035156,91.02749633789062,95.14599990844728,85.48804977416992,-0.01230493127065,95.14722663054262,86.31727005225322,67.55328856948961,2.0277570526625803,1.5,-0.012304931270650021
136,96.9875030517578,97.14749908447266,95.83999633789062,96.32749938964844,94.20249938964844,92186800,96.52249908447266,97.7249984741211,97.05750274658205,95.34249877929688,91.02749633789062,95.67600021362304,85.91144973754882,-0.002020251202298,95.36182167765276,86.70982806548442,81.61677456453025,1.4387901595952108,1.3075027465820312,-0.0020202512022980956
137,96.4175033569336,98.5,96.0625,98.35749816894533,96.1876983642578,90318000,96.32749938964844,96.52249908447266,97.7249984741211,95.75250244140624,93.4625015258789,96.16549987792968,86.35989974975585,0.0210739279246259,95.90649013061503,87.16659944209073,81.60576049266975,1.4347206363888965,2.4375,0.021073927924625924
138,99.17250061035156,99.25,96.74250030517578,97.0,94.86016082763672,103433200,98.35749816894533,96.32749938964844,96.52249908447266,95.91999816894533,93.17250061035156,96.54824981689453,86.7492497253418,-0.0138016744449274,96.10531010686684,87.55222299338128,72.10367839298823,0.9887804171783016,2.5074996948242188,-0.013801674444927414
139,96.69249725341795,97.9749984741211,96.60250091552734,97.27249908447266,95.12664031982422,89001600,97.0,98.35749816894533,96.32749938964844,95.47750091552734,95.34249877929688,96.7412498474121,87.11964965820313,0.0028092689120893,96.31752628461335,87.93341029107114,73.61953772310353,0.9127121817040919,1.37249755859375,0.0028092689120893244
140,96.99749755859376,97.07749938964844,92.01000213623048,92.84500122070312,90.79682159423828,197004400,97.27249908447266,97.0,98.35749816894533,97.05750274658205,95.75250244140624,96.4504997253418,87.41949966430664,-0.0455164399541605,95.68615809117512,88.12602170007632,55.14947092463247,1.5222486047908341,5.0674972534179545,-0.04551643995416055
141,90.9875030517578,92.97000122070312,89.1449966430664,92.61499786376952,90.57188415527344,185438800,92.84500122070312,97.27249908447266,97.0,97.7249984741211,95.91999816894533,96.11999969482422,87.73354965209961,-0.002477283148361,95.12776532255592,88.30205998100547,47.25593578903576,1.9491453186846626,3.8250045776367188,-0.0024772831483610425
142,93.70999908447266,94.90499877929688,93.4800033569336,94.80999755859376,92.7184600830078,121214000,92.61499786376952,92.84500122070312,97.27249908447266,96.52249908447266,95.47750091552734,96.05324935913086,88.08204956054688,0.0237002617875448,95.06998936547188,88.55727321934226,54.719694604115645,1.9846984686325542,1.4249954223632812,0.023700261787544807
143,94.36750030517578,94.5500030517578,93.24749755859376,93.25250244140624,91.1953353881836,103625600,94.80999755859376,92.61499786376952,92.84500122070312,96.32749938964844,97.05750274658205,95.67274932861328,88.40854965209961,-0.0164275409481471,94.73953719745995,88.74139985550164,43.755607507312554,2.130182772576354,1.302505493164034,-0.016427540948147135
144,93.75,95.2300033569336,93.7125015258789,95.04000091552734,92.94339752197266,90329200,93.25250244140624,94.80999755859376,92.61499786376952,98.35749816894533,97.7249984741211,95.40424957275393,88.73454971313477,0.0191683700418039,94.79416696438129,88.98840381863991,48.033119927684474,2.0085049888270854,1.5175018310546875,0.01916837004180394
145,94.1875,96.29750061035156,93.76750183105467,96.19000244140624,94.06802368164062,158130000,95.04000091552734,93.25250244140624,94.80999755859376,97.0,96.52249908447266,95.37099990844726,89.0926496887207,0.0121001842887293,95.04795523293127,89.27081945090526,50.70700306614376,1.9906085281100663,2.529998779296889,0.012100184288729388
146,102.88500213623048,106.41500091552734,100.8249969482422,106.26000213623048,103.9158935546875,374336800,96.19000244140624,95.04000091552734,93.25250244140624,97.27249908447266,96.32749938964844,96.36425018310548,89.62169967651367,0.1046886312427151,97.08650921534931,89.93706190915331,68.77013765189064,3.9923916250191023,5.590003967285142,0.1046886312427151
147,108.1999969482422,111.6374969482422,107.89250183105467,108.9375,106.53431701660156,308151200,106.26000213623048,96.19000244140624,95.04000091552734,92.84500122070312,98.35749816894533,97.42225036621092,90.2161996459961,0.0251976078481237,99.24123481255853,90.6821771284022,69.91952289395203,5.640849498062969,3.7449951171875284,0.02519760784812375
148,109.13249969482422,110.79000091552734,108.3874969482422,109.66500091552734,107.24578094482422,173071600,108.9375,106.26000213623048,96.19000244140624,92.61499786376952,97.0,98.68875045776367,90.81504959106444,0.0066781495401246,101.1364650130983,91.4266015906424,69.97993070219555,6.831618226714221,2.402503967285142,0.006678149540124689
149,109.37750244140624,110.39250183105467,108.89749908447266,110.0625,107.63448333740234,121776800,109.66500091552734,108.9375,106.26000213623048,94.80999755859376,97.27249908447266,99.9677505493164,91.4326495361328,0.0036246667683779,102.75938046526224,92.1574211361074,73.28461889881088,7.68141383626318,1.495002746582017,0.0036246667683779155
150,110.40499877929688,114.4124984741211,109.79750061035156,113.90249633789062,111.38978576660156,202428800,110.0625,109.66500091552734,108.9375,93.25250244140624,92.84500122070312,102.07350006103516,92.1201495361328,0.0348892341886712,104.78540153301286,93.01016918323616,76.8566694507439,8.367522126573716,4.614997863769531,0.03488923418867129
151,113.20500183105467,113.6750030517578,110.2925033569336,111.1125030517578,108.85724639892578,198045600,113.90249633789062,110.0625,109.66500091552734,95.04000091552734,92.61499786376952,103.923250579834,92.75114959716797,-0.0244945754117306,105.93578362733011,93.72006462906053,69.04870418714532,8.084026638865302,3.3824996948242045,-0.024494575411730612
152,112.5999984741211,113.7750015258789,110.0,112.72750091552734,110.43946838378906,212403600,111.1125030517578,113.90249633789062,110.0625,96.19000244140624,94.80999755859376,105.71500091552734,93.41599960327147,0.0145347986897321,107.17064131609324,94.46545428735334,73.30864788845139,7.821076446022799,3.7750015258789062,0.014534798689732176
153,111.97000122070312,112.48249816894533,109.10749816894533,109.375,107.15502166748048,187902400,112.72750091552734,111.1125030517578,113.90249633789062,106.26000213623048,93.25250244140624,107.32725067138672,93.9942495727539,-0.0297398672755067,107.57143380407628,95.05014235451597,66.43580747495561,6.520151355596451,3.375,-0.029739867275506704
154,110.49749755859376,113.2750015258789,110.29750061035156,113.01000213623048,110.71624755859376,165598000,109.375,112.72750091552734,111.1125030517578,108.9375,95.04000091552734,109.12425079345704,94.63774963378906,0.0332343052455359,108.56026440992248,95.75445058124988,77.98752061419765,5.073202216440656,2.9775009155273438,0.033234305245535944
155,114.43000030517578,116.0425033569336,113.92749786376952,115.01000213623048,112.67564392089844,210082000,113.01000213623048,109.375,112.72750091552734,109.66500091552734,96.19000244140624,111.00625076293946,95.31234970092774,0.0176975485549417,109.73294399652394,96.50957025007266,79.62695382836503,2.657577763996473,2.1150054931640767,0.017697548554941767
156,114.83000183105467,115.0,113.04499816894533,114.90750122070312,112.57522583007812,165565200,115.01000213623048,113.01000213623048,109.375,110.0625,106.26000213623048,111.87100067138672,95.9988996887207,-0.0008912347937003,110.67377258273834,97.23105773911699,78.14580574904319,2.3280757722315757,1.9550018310546733,-0.0008912347937003462
157,116.0625,116.0875015258789,113.9625015258789,114.60749816894533,112.28132629394533,119561600,114.90750122070312,115.01000213623048,113.01000213623048,113.90249633789062,108.9375,112.43800048828123,96.6335496520996,-0.0026108221706221,111.38899541659416,97.91248677558085,80.99869450829652,2.222299501087363,2.125,-0.00261082217062214
158,114.35250091552734,116.0,114.00749969482422,115.5625,113.21693420410156,105633600,114.60749816894533,114.90750122070312,115.01000213623048,111.1125030517578,109.66500091552734,113.02775039672852,97.2774996948242,0.0083328041036798,112.14781443175885,98.60464415693062,80.52808014786442,2.1868916722624974,1.9925003051757812,0.00833280410367987
159,115.98249816894533,117.1624984741211,115.61000061035156,115.7074966430664,113.3589859008789,145538000,115.5625,114.60749816894533,114.90750122070312,112.72750091552734,110.0625,113.59225006103516,97.87169967651369,0.0012547032390819,112.7950293792693,99.27534425442613,79.92793048270103,2.061396182616134,1.5524978637695312,0.0012547032390819446
160,115.75,118.39250183105467,115.73249816894533,118.2750015258789,115.87438201904295,126907200,115.7074966430664,115.5625,114.60749816894533,109.375,113.90249633789062,114.02950057983398,98.4729997253418,0.0221896156887113,113.79138795138013,100.02042885330663,73.9294989731237,2.5421822725680667,2.6600036621093466,0.02218961568871136
161,119.2624969482422,124.86750030517578,119.25,124.37000274658205,121.8456802368164,338054800,118.2750015258789,115.7074966430664,115.5625,113.01000213623048,111.1125030517578,115.3552505493164,99.280899810791,0.0515324552278237,115.71477245959865,100.97531410402331,77.0532092943134,3.9300155078648635,5.617500305175781,0.05153245522782379
162,128.69749450683594,128.78500366210938,123.9375,125.85749816894533,123.30297088623048,345937600,124.37000274658205,118.2750015258789,115.7074966430664,115.01000213623048,112.72750091552734,116.6682502746582,100.10404983520507,0.0119602427395151,117.55890440675259,101.9510860281379,77.6487676893475,5.001751372904512,4.847503662109375,0.011960242739515126
163,124.69750213623048,125.18000030517578,123.05249786376952,124.8249969482422,122.29141998291016,211495600,125.85749816894533,124.37000274658205,118.2750015258789,114.90750122070312,109.375,118.21324996948242,100.88559982299805,-0.00820373228234,118.88001214156887,102.8481021426518,74.67201313018539,4.883400765465251,2.127502441406264,-0.00820373228234006
164,126.18000030517578,126.99250030517578,125.0824966430664,126.52249908447266,123.95448303222656,163022400,124.8249969482422,125.85749816894533,124.37000274658205,114.60749816894533,113.01000213623048,119.56449966430664,101.65564987182616,0.0135990561003924,120.26955522209683,103.77650986586046,72.71827552344783,5.146082682632562,1.910003662109375,0.01359905610039247
165,127.14250183105467,127.48500061035156,123.8324966430664,125.01000213623048,122.4726791381836,155552400,126.52249908447266,124.8249969482422,125.85749816894533,115.5625,115.01000213623048,120.56449966430664,102.39789993286132,-0.0119543714294827,121.13145466103022,104.60919583724753,76.22416522966213,5.134302421804111,3.6525039672851562,-0.011954371429482746
166,126.0124969482422,126.44249725341795,124.57749938964844,124.80750274658205,122.2742919921875,187630000,125.01000213623048,126.52249908447266,124.8249969482422,115.7074966430664,114.90750122070312,121.55449981689456,103.13539993286132,-0.0016198655002642,121.79982704022146,105.40128630428025,74.07813154854927,4.869975963560529,1.864997863769517,-0.0016198655002642726
167,127.58000183105467,131.0,126.0,129.0399932861328,126.42088317871094,225702700,124.80750274658205,125.01000213623048,126.52249908447266,118.2750015258789,114.60749816894533,122.99774932861328,103.96759979248048,0.0339121482796167,123.11622090311442,106.32829442121565,87.86827664103265,4.718663676432475,5.0,0.03391214827961675
168,132.75999450683594,134.8000030517578,130.52999877929688,134.17999267578125,131.45655822753906,151948100,129.0399932861328,124.80750274658205,125.01000213623048,124.37000274658205,115.5625,124.8594985961914,104.85684967041016,0.0398326073859212,125.12781577087202,107.42051788217901,88.53293680099166,5.115234461498398,4.2700042724609375,0.039832607385921204
169,137.58999633789062,137.97999572753906,127.0,131.39999389648438,128.7329559326172,200119000,134.17999267578125,129.0399932861328,124.80750274658205,125.85749816894533,115.7074966430664,126.4287483215332,105.65219955444336,-0.0207184299526247,126.26821179371063,108.36088949058315,79.00884280823371,4.344653219548549,10.979995727539062,-0.02071842995262474
170,126.91000366210938,128.83999633789062,120.5,120.87999725341795,118.4264907836914,257599600,131.39999389648438,134.17999267578125,129.0399932861328,124.8249969482422,118.2750015258789,126.6892478942871,106.26949951171876,-0.0800608609719873,125.28853642274832,108.85183489304725,57.72289115025477,3.851558929943092,8.339996337890625,-0.08006086097198739
171,120.06999969482422,123.6999969482422,110.88999938964844,120.95999908447266,118.50486755371094,332607200,120.87999725341795,131.39999389648438,134.17999267578125,126.52249908447266,124.37000274658205,126.34824752807616,106.86449951171876,0.0006618285313737,124.50152963397093,109.32666486133844,58.26126937214014,4.213643673822072,12.809997558593764,0.0006618285313737537
172,113.9499969482422,118.98999786376952,112.68000030517578,112.81999969482422,110.53010559082033,231366600,120.95999908447266,120.87999725341795,131.39999389648438,125.01000213623048,125.85749816894533,125.04449768066408,107.35274948120116,-0.0672949690084228,122.37761509958061,109.46365838422025,46.995013158860495,6.014502426520572,6.309997558593736,-0.0672949690084228
173,117.26000213623048,119.13999938964844,115.26000213623048,117.31999969482422,114.93877410888672,176940500,112.81999969482422,120.95999908447266,120.87999725341795,124.80750274658205,124.8249969482422,124.29399795532228,107.89024948120117,0.0398865450467329,121.45804866235216,109.77175020032237,51.61290667220191,6.494060064841534,3.8799972534179545,0.039886545046732946
174,120.36000061035156,120.5,112.5,113.48999786376952,111.1864776611328,182274400,117.31999969482422,112.81999969482422,120.95999908447266,129.0399932861328,126.52249908447266,122.99074783325196,108.33604949951172,-0.0326457708917269,120.00931215351895,109.91756383418306,45.331702354379736,7.259713317119141,8.0,-0.03264577089172693
175,114.56999969482422,115.2300033569336,110.0,112.0,109.72673797607422,180860300,113.48999786376952,117.31999969482422,112.81999969482422,134.17999267578125,125.01000213623048,121.6897476196289,108.7554995727539,-0.0131288914601802,118.55307358015186,109.99922799754843,36.74026403325824,7.986962094260441,5.230003356933594,-0.013128891460180259
176,114.72000122070312,115.93000030517578,112.8000030517578,115.36000061035156,113.01853942871094,140150100,112.0,113.48999786376952,117.31999969482422,131.39999389648438,124.80750274658205,120.74499740600584,109.24214965820312,0.0300000054495674,117.97251485836998,110.2094543745211,39.18173806988332,8.134588987532632,3.129997253417983,0.03000000544956749
177,118.33000183105467,118.83000183105467,113.61000061035156,115.54000091552734,113.19490051269533,184642000,115.36000061035156,112.0,113.48999786376952,120.87999725341795,129.0399932861328,119.3949981689453,109.6836996459961,0.0015603355081781,117.53023959603495,110.41849541534488,40.26015018699343,7.714372548681935,5.220001220703111,0.0015603355081781345
178,115.2300033569336,116.0,112.04000091552734,112.12999725341795,109.85408782958984,154679000,115.54000091552734,115.36000061035156,112.0,120.95999908447266,134.17999267578125,117.18999862670898,110.06284957885742,-0.0295136198293999,116.54837735192275,110.48561313448499,35.426048739757036,5.973718740371031,3.9599990844726562,-0.02951361982939993
179,109.72000122070312,112.1999969482422,108.70999908447266,110.33999633789062,108.10042572021484,178011000,112.12999725341795,115.54000091552734,115.36000061035156,112.81999969482422,131.39999389648438,115.0839988708496,110.36279953002928,-0.0159636222186099,115.4195808039169,110.47990267187345,35.22806523713507,3.6789801783544496,3.4899978637695455,-0.01596362221860992
180,110.4000015258789,110.87999725341795,106.08999633789062,106.83999633789062,104.67146301269533,287104900,110.33999633789062,112.12999725341795,115.54000091552734,117.31999969482422,120.87999725341795,113.67999877929688,110.584549407959,-0.0317201388087966,113.85965635554848,110.33716124701138,33.034314522874055,3.8940392384661373,4.7900009155273295,-0.03172013880879665
181,104.54000091552734,110.19000244140624,103.0999984741211,110.08000183105467,107.8457260131836,195713800,106.83999633789062,110.33999633789062,112.12999725341795,113.48999786376952,120.95999908447266,112.59199905395508,110.86774948120116,0.0303257731581836,113.17244644200414,110.3270765640327,31.755206884896282,3.0658697130573804,7.090003967285142,0.030325773158183633
182,112.68000030517578,112.86000061035156,109.16000366210938,111.80999755859376,109.5405731201172,183055400,110.08000183105467,106.83999633789062,110.33999633789062,112.0,112.81999969482422,112.49099884033204,111.1943994140625,0.0157158039495148,112.92472846320226,110.38523032852528,26.96190143042891,3.0741493040437615,3.6999969482421875,0.015715803949514884
183,111.62000274658205,112.11000061035156,106.7699966430664,107.12000274658205,104.94579315185548,150718700,111.80999755859376,110.08000183105467,106.83999633789062,115.36000061035156,117.31999969482422,111.47099914550782,111.3956494140625,-0.0419461131778841,111.86932378745311,110.25718218805693,25.941348007897957,2.9847371278994514,5.340003967285156,-0.0419461131778841
184,105.16999816894533,110.25,105.0,108.22000122070312,106.02346801757812,167743300,107.12000274658205,111.80999755859376,110.08000183105467,115.54000091552734,113.48999786376952,110.94399948120116,111.60554946899414,0.010268842848365,111.20581059349855,110.17729273835678,34.57602856933056,3.0531085565899176,5.25,0.010268842848365045
185,108.43000030517578,112.44000244140624,107.66999816894533,112.27999877929688,110.00104522705078,149981400,108.22000122070312,107.12000274658205,111.80999755859376,112.12999725341795,112.0,110.97199935913086,111.92069946289062,0.0375161477804257,111.40111753637098,110.25975179878581,40.35983901332364,3.065129394079856,4.770004272460909,0.03751614778042578
186,115.01000213623048,115.31999969482422,112.77999877929688,114.95999908447266,112.62664794921876,137672400,112.27999877929688,108.22000122070312,107.12000274658205,110.33999633789062,115.36000061035156,110.93199920654295,112.29334945678713,0.0238689021581102,112.04818690875308,110.44407522175392,52.70475167052122,3.0034933462481552,2.5400009155273438,0.023868902158110217
187,114.5500030517578,115.30999755859376,113.56999969482422,114.08999633789062,111.77432250976562,99382200,114.95999908447266,112.27999877929688,108.22000122070312,106.83999633789062,115.54000091552734,110.7869987487793,112.607999420166,-0.0075678736387493,112.41942498677808,110.58705252042596,45.50514426732651,2.783238827391432,1.7399978637695455,-0.007567873638749334
188,113.79000091552734,117.26000213623048,113.62000274658205,115.80999755859376,113.45938873291016,142675200,114.08999633789062,114.95999908447266,112.27999877929688,110.08000183105467,112.12999725341795,111.15499877929688,112.9841993713379,0.0150758285205756,113.0358927271082,110.79187389447175,53.42992270218633,3.1935768377586857,3.6399993896484375,0.015075828520575651
189,117.63999938964844,117.72000122070312,115.83000183105467,116.79000091552734,114.41950225830078,116120400,115.80999755859376,114.08999633789062,114.95999908447266,111.80999755859376,110.33999633789062,111.79999923706056,113.37454940795898,0.008462165422616,113.71845785227531,111.02709456196412,57.190033277531036,3.631944097689708,1.8899993896484517,0.00846216542261602
190,112.88999938964844,115.37000274658205,112.22000122070312,113.0199966430664,110.7260284423828,144712000,116.79000091552734,115.80999755859376,114.08999633789062,107.12000274658205,106.83999633789062,112.41799926757812,113.77804931640624,-0.0322801973020595,113.59146490514641,111.10524758475245,46.53024413829836,3.193512275647065,3.1500015258789205,-0.032280197302059555
191,113.91000366210938,116.6500015258789,113.5500030517578,116.5,114.1353988647461,106243800,113.0199966430664,116.79000091552734,115.80999755859376,108.22000122070312,110.08000183105467,113.05999908447264,114.25574935913086,0.0307910410573091,114.12028946784706,111.31680650299745,51.29659478097647,3.3143047906805347,3.099998474121108,0.03079104105730912
192,115.6999969482422,116.12000274658205,112.25,113.16000366210938,110.86320495605467,161498200,116.5,113.0199966430664,116.79000091552734,112.27999877929688,111.80999755859376,113.19499969482422,114.62274948120115,-0.0286694964625804,113.94569204862202,111.38908874453125,51.393783871565226,3.285097523711299,3.8700027465820455,-0.028669496462580435
193,114.62000274658205,115.5500030517578,114.12999725341795,115.08000183105467,112.74421691894533,96849000,113.16000366210938,116.5,113.0199966430664,114.95999908447266,107.12000274658205,113.99099960327148,115.05929946899414,0.016967109462795,114.1519301908825,111.53383043419885,56.39159285207245,2.5262681799358226,1.4200057983398438,0.016967109462795005
194,116.25,116.4000015258789,114.58999633789062,114.97000122070312,112.6364517211914,83477200,115.08000183105467,113.16000366210938,116.5,114.08999633789062,108.22000122070312,114.66599960327147,115.45789947509766,-0.0009558620837791,114.3006703781226,111.66858222974804,62.065901296612005,1.510557295538152,1.8100051879882812,-0.0009558620837791798
195,115.27999877929688,117.0,114.91999816894533,116.97000122070312,114.59587860107422,100506900,114.97000122070312,115.08000183105467,113.16000366210938,115.80999755859376,112.27999877929688,115.1349998474121,115.8734994506836,0.0173958422089661,114.78600325859178,111.87648101370706,60.61633287768566,1.4123212303395805,2.0800018310546733,0.017395842208966172
196,120.05999755859376,125.18000030517578,119.27999877929688,124.4000015258789,121.87505340576172,240226800,116.97000122070312,114.97000122070312,115.08000183105467,116.79000091552734,114.95999908447266,116.07900009155271,116.23629943847656,0.0635205627736688,116.53400294355306,112.36759946516477,66.50065984760809,3.2463676718003946,5.900001525878906,0.0635205627736688
197,125.2699966430664,125.38999938964844,119.6500015258789,121.0999984741211,118.64202880859376,262330500,124.4000015258789,116.97000122070312,114.97000122070312,113.0199966430664,114.08999633789062,116.78000030517578,116.47954940795898,-0.0265273553961437,117.36418394911087,112.71004648512385,69.01522308708965,3.514895341815888,5.739997863769531,-0.026527355396143704
198,121.0,123.02999877929688,119.62000274658205,121.19000244140624,118.73020935058594,150712000,121.0999984741211,124.4000015258789,116.97000122070312,116.5,115.80999755859376,117.31800079345705,116.71004943847656,0.0007432202181603,118.05978731134638,113.04259377752709,68.13985410469787,3.753563812262538,3.4099960327148295,0.000743220218160312
199,118.72000122070312,121.1999969482422,118.1500015258789,120.70999908447266,118.25994873046876,112559200,121.19000244140624,121.0999984741211,124.4000015258789,113.16000366210938,116.79000091552734,117.71000061035156,116.92299942016602,-0.0039607504518835,118.54164399736933,113.34327633858379,63.10226109303043,3.8943463523027932,3.0499954223632955,-0.003960750451883599
200,121.27999877929688,121.5500030517578,118.80999755859376,119.0199966430664,116.60424041748048,115393800,120.70999908447266,121.19000244140624,121.0999984741211,115.08000183105467,113.0199966430664,118.31000061035157,117.02534942626951,-0.0140005173906395,118.62861720567788,113.56589282111253,56.5105749495697,3.537314643715913,2.740005493164034,-0.014000517390639566
201,119.95999908447266,120.41999816894533,115.66000366210938,115.9800033569336,113.62596130371094,120639300,119.0199966430664,120.70999908447266,121.19000244140624,114.97000122070312,116.5,118.25800094604492,117.12269943237304,-0.0255418700376002,118.14705105136073,113.66056382251728,52.833592564877854,3.5705446104730862,4.759994506835952,-0.025541870037600223
202,116.1999969482422,118.9800033569336,115.62999725341795,117.51000213623048,115.12490844726562,124423700,115.9800033569336,119.0199966430664,120.70999908447266,116.97000122070312,113.16000366210938,118.69300079345705,117.21834945678712,0.0131919187360967,118.0312239758825,113.81152218776093,52.56333534191571,3.1165646432212055,3.350006103515639,0.013191918736096708
203,116.66999816894533,118.70999908447266,116.4499969482422,116.87000274658205,114.49788665771484,89946000,117.51000213623048,115.9800033569336,119.0199966430664,124.4000015258789,115.08000183105467,118.87200088500975,117.36824951171874,-0.0054463396988664,117.82009284328241,113.93146260183234,50.12187966666855,2.931930092906546,2.2600021362304545,-0.005446339698866431
204,117.4499969482422,118.04000091552734,114.58999633789062,115.75,113.40062713623048,101988000,116.87000274658205,117.51000213623048,115.9800033569336,121.0999984741211,114.97000122070312,118.95000076293944,117.42304946899414,-0.0095833209571375,117.44371232632197,114.00277779391735,54.52436664278636,2.825014748504292,3.4500045776367188,-0.009583320957137542
205,116.38999938964844,116.5500030517578,114.27999877929688,115.04000091552734,112.7050323486328,82572600,115.75,116.87000274658205,117.51000213623048,121.19000244140624,116.97000122070312,118.75700073242189,117.42364944458008,-0.0061339013777335,117.00667388799567,114.04345321045108,47.335768242396426,3.0335455139180363,2.2700042724609233,-0.006133901377733508
206,114.01000213623048,116.5500030517578,112.87999725341795,115.0500030517578,112.71482849121094,111850700,115.04000091552734,115.75,116.87000274658205,120.70999908447266,124.4000015258789,117.82200088500976,117.42649948120118,8.694485527516171e-05,116.65091555413424,114.08292575324742,53.92604656116317,2.493941818977383,3.6700057983398438,8.694485527516171e-05
207,115.48999786376952,117.27999877929688,114.54000091552734,116.5999984741211,114.23336791992188,92276800,115.0500030517578,115.04000091552734,115.75,119.0199966430664,121.0999984741211,117.37200088500975,117.46634948730468,0.0134723631573134,116.64165790322275,114.18163448739934,53.20674335333396,2.2286202474475116,2.7399978637695312,0.013472363157313483
208,115.0500030517578,115.43000030517578,111.0999984741211,111.1999969482422,108.94296264648438,143937800,116.5999984741211,115.0500030517578,115.04000091552734,115.9800033569336,121.19000244140624,116.37300033569336,117.37909942626952,-0.0463121920801516,115.6522650023172,114.06470752507946,43.49775171075785,2.543776929455774,4.3300018310546875,-0.04631219208015169
209,112.37000274658205,116.93000030517578,112.1999969482422,115.31999969482422,112.9793472290039,146129200,111.1999969482422,116.5999984741211,115.0500030517578,117.51000213623048,120.70999908447266,115.83400039672853,117.37134948730468,0.0370503854285144,115.59185312822756,114.11393466899102,47.34811782567953,2.044810571563506,4.7300033569335795,0.037050385428514465
210,111.05999755859376,111.98999786376952,107.72000122070312,108.86000061035156,106.65046691894533,190272600,115.31999969482422,111.1999969482422,116.5999984741211,116.87000274658205,119.0199966430664,114.81800079345705,117.18304946899414,-0.0560180289764828,114.36787994315918,113.90789803924045,24.220309727020094,2.703799825398644,4.269996643066392,-0.05601802897648289
211,109.11000061035156,110.68000030517578,107.31999969482422,108.7699966430664,106.56229400634766,122866900,108.86000061035156,115.31999969482422,111.1999969482422,115.75,115.9800033569336,114.09700012207033,116.87104934692384,-0.000826786393354,113.35008297950594,113.70641170997872,27.107318607161346,3.2629994045466884,3.3600006103515625,-0.0008267863933540953
212,109.66000366210938,111.48999786376952,108.7300033569336,110.44000244140624,108.19841003417967,107624400,108.7699966430664,108.86000061035156,115.31999969482422,115.04000091552734,117.51000213623048,113.39000015258787,116.56269943237304,0.0153535519893415,112.82097742712418,113.57831722885824,31.14697243464036,3.2067818022623653,2.7599945068359233,0.015353551989341518
213,114.13999938964844,115.58999633789062,112.3499984741211,114.9499969482422,112.61685180664062,138235500,110.44000244140624,108.7699966430664,108.86000061035156,115.0500030517578,116.87000274658205,113.1979995727539,116.36519943237305,0.0408366027448137,113.20807188550927,113.63210859040271,41.149351606991026,3.0277526588318464,3.2399978637695312,0.04083660274481371
214,117.9499969482422,119.62000274658205,116.87000274658205,119.02999877929688,116.61405181884766,126387100,114.9499969482422,110.44000244140624,108.7699966430664,116.5999984741211,115.75,113.5259994506836,116.21534942626953,0.0354937097814083,114.26660404801609,113.84379055859463,50.01431740072013,3.478972466960193,2.75,0.03549370978140831
215,118.31999969482422,119.1999969482422,116.12999725341795,118.69000244140624,116.48157501220705,114457900,119.02999877929688,114.9499969482422,110.44000244140624,111.1999969482422,115.04000091552734,113.89099960327148,116.08894943237304,-0.0028563920135885,115.07085830135975,114.03383808341077,54.20415575893765,3.829298168529851,3.069999694824247,-0.00285639201358856
216,120.5,121.98999786376952,116.0500030517578,116.31999969482422,114.15565490722656,154515300,118.69000244140624,119.02999877929688,114.9499969482422,115.31999969482422,115.0500030517578,114.01799926757812,115.9191993713379,-0.0199680065534754,115.29797491835329,114.1234914799368,48.20078291828081,3.8925453465620157,5.939994812011719,-0.019968006553475415
217,115.5500030517578,117.58999633789062,114.12999725341795,115.97000122070312,113.81217956542967,138023400,116.31999969482422,118.69000244140624,119.02999877929688,108.86000061035156,116.5999984741211,113.95499954223632,115.6577995300293,-0.0030089277427729,115.42016151878053,114.19590362663352,48.627209655394864,3.8509895632141444,3.4599990844726705,-0.003008927742772949
218,117.19000244140624,119.62999725341795,116.44000244140624,119.48999786376952,117.26667022705078,112295000,115.97000122070312,116.31999969482422,118.69000244140624,108.7699966430664,111.1999969482422,114.78399963378908,115.36399963378906,0.0303526481505114,116.16013176332397,114.40351516534474,55.31551709966768,4.0776469406369555,3.1899948120117188,0.03035264815051142
219,119.62000274658205,120.52999877929688,118.56999969482422,119.20999908447266,116.99188995361328,103162300,119.48999786376952,115.97000122070312,116.31999969482422,110.44000244140624,115.31999969482422,115.17299957275392,115.12019973754884,-0.0023432821516666,116.71465309444191,114.59200473080074,55.99999736538896,4.3132071941788785,1.9599990844726562,-0.0023432821516666813
220,119.44000244140624,119.66999816894533,117.87000274658205,119.26000213623048,117.04096221923828,81581900,119.20999908447266,119.48999786376952,115.97000122070312,114.9499969482422,108.86000061035156,116.2129997253418,115.08779983520508,0.0004194535034127,117.17744382931255,114.77506345258229,56.050587774767344,3.8509369362098647,1.7999954223632812,0.00041945350341277
221,118.91999816894533,120.98999786376952,118.1500015258789,120.3000030517578,118.06161499023438,91183000,119.26000213623048,119.20999908447266,119.48999786376952,119.02999877929688,108.7699966430664,117.36600036621094,115.0745999145508,0.0087204502506994,117.74518186975713,114.99172775058916,55.396738456703744,3.008850539268639,2.839996337890611,0.008720450250699452
222,119.5500030517578,120.66999816894533,118.95999908447266,119.38999938964844,117.16853332519533,74271000,120.3000030517578,119.26000213623048,119.20999908447266,118.69000244140624,110.44000244140624,118.26100006103516,115.20599990844728,-0.0075644525272192,118.04423960064645,115.1642089913366,63.74622371970142,1.8133919832437775,1.7099990844726705,-0.0075644525272192675
223,118.61000061035156,119.81999969482422,118.0,118.02999877929688,115.8338394165039,76322100,119.38999938964844,120.3000030517578,119.26000213623048,116.31999969482422,114.9499969482422,118.56900024414062,115.22019989013673,-0.0113912439677044,118.04165036040106,115.27659290458993,55.01294569357052,1.403863447591231,1.8199996948242188,-0.011391243967704412
224,117.58999633789062,119.05999755859376,116.80999755859376,118.63999938964844,116.43248748779295,74113000,118.02999877929688,119.38999938964844,120.3000030517578,115.97000122070312,119.02999877929688,118.53000030517578,115.3231999206543,0.0051681828065777,118.15044109299149,115.40849119812164,73.08780716586477,1.3950230779532218,2.25,0.005168182806577715
225,118.63999938964844,118.7699966430664,117.29000091552734,117.33999633789062,115.15667724609376,73604300,118.63999938964844,118.02999877929688,119.38999938964844,119.48999786376952,118.69000244140624,118.39499969482422,115.4299998474121,-0.0109575443227053,118.00308750115497,115.48423649772042,69.13800135822949,1.4423384408969806,1.4799957275390625,-0.010957544322705348
226,117.18000030517578,117.62000274658205,113.75,113.8499984741211,111.73162078857422,127959300,117.33999633789062,118.63999938964844,118.02999877929688,119.20999908447266,116.31999969482422,118.1479995727539,115.3997998046875,-0.0297426109825312,117.24798040533061,115.42014873208907,57.04253647597596,1.956879093976147,3.8700027465820455,-0.02974261098253128
227,113.91000366210938,115.8499984741211,112.58999633789062,115.16999816894533,113.02706146240234,113874200,113.8499984741211,117.33999633789062,118.63999938964844,119.26000213623048,115.97000122070312,118.06799926757812,115.39239974975584,0.011594200373435,116.87016545326055,115.41033890608344,50.52331392955843,2.0689556449581064,3.2600021362304688,0.01159420037343506
228,115.5500030517578,116.75,115.16999816894533,116.02999877929688,113.8710479736328,76499200,115.16999816894533,113.8499984741211,117.33999633789062,120.3000030517578,119.48999786376952,117.72199935913086,115.47039978027344,0.0074672277852256,116.71740787617624,115.43463929326828,41.57303515264356,2.093890683855884,1.5800018310546733,0.007467227785225683
229,116.56999969482422,117.48999786376952,116.22000122070312,116.58999633789062,114.42064666748048,46691300,116.02999877929688,115.16999816894533,113.8499984741211,119.38999938964844,119.20999908447266,117.45999908447266,115.59539978027344,0.0048263170256421,116.69424214194248,115.47994741266523,44.17312540062781,2.050480972891668,1.269996643066392,0.0048263170256421795
230,116.97000122070312,120.97000122070312,116.80999755859376,119.0500030517578,116.83485412597656,169410200,116.58999633789062,116.02999877929688,115.16999816894533,118.02999877929688,119.26000213623048,117.4389991760254,115.83959991455076,0.021099637971836,117.12256230736344,115.61994959459042,57.53727806413153,2.0309806511965807,4.160003662109361,0.021099637971836005
231,121.01000213623048,123.47000122070312,120.01000213623048,122.72000122070312,120.4365692138672,127728200,119.0500030517578,116.58999633789062,116.02999877929688,118.63999938964844,120.3000030517578,117.68099899291992,116.09239990234374,0.0308273672815426,118.1402784734252,115.89838299169288,65.74894423886586,2.4998209259193396,3.459999084472642,0.030827367281542672
232,122.0199966430664,123.37000274658205,120.88999938964844,123.08000183105467,120.78988647460938,89004200,122.72000122070312,119.0500030517578,116.58999633789062,117.33999633789062,119.38999938964844,118.04999923706056,116.31779998779297,0.002933512115145,119.03840999299419,116.18001510304042,59.82485393706989,3.002015608875469,2.480003356933608,0.0029335121151450316
233,123.5199966430664,123.77999877929688,122.20999908447266,122.94000244140624,120.6524887084961,78967600,123.08000183105467,122.72000122070312,119.0500030517578,113.8499984741211,118.02999877929688,118.54099960327147,116.63419998168943,-0.0011374665873064,119.74779043816001,116.44511264572144,60.286819588299124,3.376549803298461,1.5699996948242188,-0.0011374665873064016
234,122.5999984741211,122.86000061035156,121.5199966430664,122.25,119.97532653808594,78260400,122.94000244140624,123.08000183105467,122.72000122070312,115.16999816894533,118.63999938964844,118.90199966430664,116.9147999572754,-0.0056125136465252,120.20273763122182,116.6727552870657,57.96482676570375,3.5754326810727655,1.3400039672851562,-0.005612513646525263
235,122.30999755859376,124.56999969482422,122.25,123.75,121.4474105834961,86712000,122.25,122.94000244140624,123.08000183105467,116.02999877929688,117.33999633789062,119.54300003051758,117.14419998168944,0.0122699386503066,120.84769442554511,116.95029429541607,58.97034575459951,3.8298231447457165,2.3199996948242188,0.012269938650306678
236,124.37000274658205,124.9800033569336,123.08999633789062,124.37999725341795,122.06568908691406,82225500,123.75,122.25,122.94000244140624,116.58999633789062,113.8499984741211,120.59599990844728,117.33259994506837,0.0050908868963066,121.48993130334017,117.24165519572988,63.1662180959532,3.5261892535124604,1.8900070190429688,0.005090886896306657
237,124.52999877929688,125.9499969482422,121.0,121.77999877929688,119.51408386230467,115089200,124.37999725341795,123.75,122.25,119.0500030517578,115.16999816894533,121.25699996948242,117.48639999389648,-0.0209036704577482,121.5426708444232,117.41962945390898,59.28677450852953,2.9720408907477376,4.949996948242202,-0.020903670457748214
238,120.5,123.87000274658205,120.1500015258789,123.23999786376952,120.94689178466795,81312200,121.77999877929688,124.37999725341795,123.75,122.72000122070312,116.02999877929688,121.97799987792968,117.635,0.0119888249228727,121.85127575703162,117.64787919547214,60.93155483355121,2.3783648452297803,3.720001220703139,0.011988824922872787
239,122.43000030517578,122.76000213623048,120.5500030517578,122.41000366210938,120.1323471069336,86939800,123.23999786376952,121.77999877929688,124.37999725341795,123.08000183105467,116.58999633789062,122.56000061035157,117.74740005493165,-0.0067347794226483,121.95286264886393,117.83462917455597,62.32379504107714,1.4406160190811301,2.2099990844726847,-0.006734779422648329
240,122.5999984741211,123.3499984741211,121.54000091552734,121.77999877929688,119.51408386230467,79184500,122.41000366210938,123.23999786376952,121.77999877929688,122.94000244140624,119.0500030517578,122.83300018310548,117.92260009765624,-0.0051466780815685,121.92143285439718,117.98934955121248,72.38848310310894,0.8314246780726618,1.80999755859375,-0.005146678081568545
241,124.33999633789062,127.9000015258789,124.12999725341795,127.87999725341795,125.50056457519533,157243700,121.77999877929688,122.41000366210938,123.23999786376952,122.25,122.72000122070312,123.34899978637696,118.1502000427246,0.050090314791152,123.00480819967368,118.37721808855387,78.25700376109859,1.7956199088723328,3.7700042724609517,0.050090314791152
242,127.41000366210938,128.3699951171875,126.55999755859376,127.80999755859376,125.43185424804688,98208600,127.87999725341795,121.77999877929688,122.41000366210938,123.75,123.08000183105467,123.82199935913086,118.4431999206543,-0.0005473858017487,123.87847899220459,118.74713100894759,77.14285814738605,2.2756955708273474,1.8099975585937358,-0.0005473858017487343
243,128.89999389648438,129.5800018310547,128.0399932861328,128.6999969482422,126.30531311035156,94359800,127.80999755859376,127.87999725341795,121.77999877929688,124.37999725341795,122.94000244140624,124.39799880981444,118.71559982299804,0.0069634567455523,124.75511862057505,119.13743947715523,77.48525029818035,2.714330308737301,1.540008544921875,0.006963456745552321
244,128.9600067138672,129.10000610351562,126.12000274658205,126.66000366210938,124.3032684326172,192541500,128.6999969482422,127.80999755859376,127.87999725341795,121.77999877929688,122.25,124.8389991760254,118.94939987182616,-0.0158507640598718,125.10146135539946,119.43244199421225,67.60760242672117,2.68465298935403,2.9800033569335795,-0.015850764059871847
245,125.0199966430664,128.30999755859375,123.4499969482422,128.22999572753906,125.84405517578124,121251600,126.66000366210938,128.6999969482422,127.80999755859376,123.23999786376952,123.75,125.2869987487793,119.1745997619629,0.0123953262279854,125.67028578669756,119.77744410140156,64.12096455045584,2.851357518686751,4.860000610351548,0.012395326227985448
246,131.61000061035156,134.41000366210938,129.64999389648438,131.8800048828125,129.4261474609375,168904800,128.22999572753906,126.66000366210938,128.6999969482422,122.41000366210938,124.37999725341795,126.03699951171876,119.32419982910156,0.0284645502369735,126.79932562235481,120.25205432812355,69.29826263870126,3.499082800789926,4.760009765625,0.028464550236973585
247,132.16000366210938,132.42999267578125,130.77999877929688,130.9600067138672,128.5232696533203,88223700,131.8800048828125,128.22999572753906,126.66000366210938,121.77999877929688,121.77999877929688,126.9550003051758,119.52139999389648,-0.0069760246806391,127.55581309353887,120.67197402952527,67.00595597856274,3.46215915498053,1.649993896484375,-0.006976024680639181
248,131.32000732421875,133.4600067138672,131.10000610351562,131.97000122070312,129.5144500732422,54930100,130.9600067138672,131.8800048828125,128.22999572753906,127.87999725341795,123.23999786376952,127.82800064086912,119.73699996948244,0.0077122362176007,128.35839275302328,121.11503391937539,70.33474876285595,3.5214676440309978,2.3600006103515625,0.007712236217600754
249,133.99000549316406,137.33999633789062,133.50999450683594,136.69000244140625,134.1466827392578,124486200,131.97000122070312,130.9600067138672,131.8800048828125,127.80999755859376,122.41000366210938,129.25600051879883,120.05660003662108,0.0357657132457664,129.87323087818382,121.72581699867072,73.85695437269855,3.949615416563599,3.8300018310546875,0.035765713245766495
250,138.0500030517578,138.7899932861328,134.33999633789062,134.8699951171875,132.3605194091797,121047300,136.69000244140625,131.97000122070312,130.9600067138672,128.6999969482422,121.77999877929688,130.56500015258788,120.37360000610352,-0.0133148532570911,130.78173346709357,122.24127496410276,68.52702507136904,3.314726239373321,4.4499969482421875,-0.013314853257091142
251,135.5800018310547,135.99000549316406,133.39999389648438,133.72000122070312,131.23193359375,96452100,134.8699951171875,136.69000244140625,131.97000122070312,126.66000366210938,127.87999725341795,131.1490005493164,120.7283999633789,-0.0085266844970607,131.31596396774984,122.69142109181257,72.22637556410974,3.303548881554417,2.5900115966796875,-0.008526684497060733
252,134.0800018310547,134.74000549316406,131.72000122070312,132.69000244140625,130.2210693359375,99116600,133.72000122070312,134.8699951171875,136.69000244140625,128.22999572753906,127.80999755859376,131.63700103759766,121.03199996948244,-0.0077026530802738,131.56578914477825,123.0835223212084,67.87743080643301,3.1102914834664577,3.0200042724609375,-0.007702653080273847
253,133.52000427246094,133.61000061035156,126.76000213623048,129.41000366210938,127.00210571289062,143301900,132.69000244140625,133.72000122070312,134.8699951171875,131.8800048828125,128.6999969482422,131.70800170898437,121.28279998779296,-0.0247192608255868,131.17382814792936,123.33161962869472,62.119117927551386,3.0431769099136234,6.8499984741210795,-0.024719260825586842
254,128.88999938964844,131.74000549316406,128.42999267578125,131.00999450683594,128.5723114013672,97664900,129.41000366210938,132.69000244140625,133.72000122070312,130.9600067138672,126.66000366210938,132.14300079345702,121.58799987792968,0.0123637338648421,131.1440402131851,123.632732369014,65.46064200449027,2.504684923262322,3.3100128173828125,0.01236373386484213
255,127.72000122070312,131.0500030517578,126.37999725341795,126.5999984741211,124.24439239501952,155088000,131.00999450683594,129.41000366210938,132.69000244140625,131.97000122070312,128.22999572753906,131.98000106811523,121.81919982910156,-0.0336615236823381,130.31785080608253,123.74909574568485,47.72727272727275,2.820728748332161,4.670005798339858,-0.0336615236823381
256,128.36000061035156,131.6300048828125,127.86000061035156,130.9199981689453,128.4840087890625,109578200,126.5999984741211,131.00999450683594,129.41000366210938,136.69000244140625,131.8800048828125,131.8840003967285,122.13659973144532,0.0341232207495427,130.42733214478486,124.03030760542056,54.797906799370985,2.840775357091294,3.7700042724609375,0.03412322074954277
257,132.42999267578125,132.6300048828125,130.22999572753906,132.0500030517578,129.59298706054688,105158200,130.9199981689453,126.5999984741211,131.00999450683594,134.8699951171875,130.9600067138672,131.99300003051758,122.44559982299803,0.0086312625925513,130.72236321877992,124.34480546606125,55.13018115676184,2.8222336508313135,2.4000091552734375,0.008631262592551314
258,129.19000244140625,130.1699981689453,128.5,128.97999572753906,126.580078125,100384500,132.0500030517578,130.9199981689453,126.5999984741211,133.72000122070312,131.97000122070312,131.69399948120116,122.80119979858398,-0.0232488243337294,130.4055691294634,124.52657763317802,53.44416949220116,2.978975918715131,1.6699981689453125,-0.023248824333729434
259,128.5,129.69000244140625,126.86000061035156,128.8000030517578,126.40347290039062,91951100,128.97999572753906,132.0500030517578,130.9199981689453,132.69000244140625,136.69000244140625,130.90499954223634,123.07079986572266,-0.0013955084644402,130.11364802442603,124.69416294371057,50.88263772489471,2.517905620792202,2.8300018310546875,-0.0013955084644402538
260,128.75999450683594,131.4499969482422,128.49000549316406,130.88999938964844,128.45455932617188,88636800,128.8000030517578,128.97999572753906,132.0500030517578,129.41000366210938,134.8699951171875,130.50699996948242,123.5113998413086,0.0162266792575367,130.25480281810283,124.93713692198264,48.38918626360531,2.1016828424708325,2.959991455078125,0.016226679257536736
261,130.8000030517578,131.0,128.75999450683594,128.91000366210938,126.51140594482422,90221800,130.88999938964844,128.8000030517578,128.97999572753906,131.00999450683594,133.72000122070312,130.02600021362304,123.91419998168944,-0.0151271734798071,130.01029388064947,125.09293561767389,46.775708605406194,1.8155822282268308,2.2400054931640625,-0.015127173479807188
262,128.77999877929688,130.22000122070312,127.0,127.13999938964844,124.77433776855467,111598500,128.91000366210938,130.88999938964844,128.8000030517578,126.5999984741211,132.69000244140625,129.47099990844723,124.2481999206543,-0.0137305424108151,129.48842215501293,125.17321262833956,42.580639566172074,1.7581204909402584,3.220001220703125,-0.013730542410815172
263,127.77999877929688,128.7100067138672,126.94000244140624,127.83000183105467,125.45149230957033,90757300,127.13999938964844,128.91000366210938,130.88999938964844,130.9199981689453,129.41000366210938,129.31299972534177,124.50580001831057,0.0054271074777307,129.1868911870205,125.27740044021073,34.4670336196408,1.8335879373300985,1.7700042724609517,0.005427107477730786
264,128.66000366210938,132.49000549316406,128.5500030517578,132.02999877929688,129.57334899902344,104319500,127.83000183105467,127.13999938964844,128.91000366210938,132.0500030517578,131.00999450683594,129.41500015258788,124.76580001831054,0.0328561127128284,129.70381984016166,125.54220821821411,45.404533493065145,1.9623300836418431,3.94000244140625,0.0328561127128284
265,133.8000030517578,139.6699981689453,133.58999633789062,136.8699951171875,134.32330322265625,120150900,132.02999877929688,127.83000183105467,127.13999938964844,128.97999572753906,126.5999984741211,130.44199981689454,125.12939987182617,0.0366583078288231,131.0067607996209,125.98643515542875,54.553332783387276,2.8237501971287773,6.0800018310546875,0.03665830782882318
266,136.27999877929688,139.85000610351562,135.02000427246094,139.07000732421875,136.4823760986328,114459400,136.8699951171875,132.02999877929688,127.83000183105467,128.8000030517578,130.9199981689453,131.2570007324219,125.58440002441408,0.016073736286376,132.47280562227505,126.49951641694993,58.92058985298905,3.934658714281409,4.8300018310546875,0.016073736286376095
267,143.07000732421875,145.08999633789062,136.5399932861328,142.9199981689453,140.26072692871094,157611700,139.07000732421875,136.8699951171875,132.02999877929688,130.88999938964844,132.0500030517578,132.34400024414063,126.1233999633789,0.0276838329040347,134.3722951762151,127.1434568778125,68.5934482523997,5.404882873866548,8.550003051757812,0.027683832904034755
268,143.60000610351562,144.3000030517578,141.3699951171875,143.16000366210938,140.4962615966797,98390600,142.9199981689453,139.07000732421875,136.8699951171875,128.91000366210938,128.97999572753906,133.76200103759766,126.5968000793457,0.0016792995818566,135.97006035546858,127.7715567517065,67.37204565506323,6.222512630845493,2.9300079345703125,0.0016792995818566414
269,143.42999267578125,144.3000030517578,140.41000366210938,142.05999755859375,139.41671752929688,140843800,143.16000366210938,142.9199981689453,139.07000732421875,127.13999938964844,128.8000030517578,135.08800048828124,127.05380004882812,-0.0076837529713389,137.0773216651277,128.3318877637413,74.41565630240538,6.456087117236571,3.8899993896484375,-0.007683752971338942
270,139.52000427246094,141.99000549316406,136.6999969482422,137.08999633789062,134.5391845703125,142621100,142.05999755859375,143.16000366210938,142.9199981689453,127.83000183105467,130.88999938964844,135.70800018310547,127.41039993286132,-0.0349852267078436,137.0796261510846,128.67534300194322,59.54812089338735,6.304058002853215,5.290008544921875,-0.03498522670784365
271,135.8300018310547,136.74000549316406,130.2100067138672,131.9600067138672,129.50465393066406,177523800,137.08999633789062,142.05999755859375,143.16000366210938,132.02999877929688,128.91000366210938,136.01300048828125,127.64360000610353,-0.0374205978631684,136.1487862534087,128.8041533435873,49.87607223362464,6.005319606763862,6.529998779296875,-0.037420597863168426
272,133.75,135.3800048828125,130.92999267578125,134.13999938964844,131.6440887451172,106239800,131.9600067138672,137.08999633789062,142.05999755859375,136.8699951171875,127.13999938964844,136.71300048828124,127.93860000610351,0.0165201012796869,135.78355227817954,129.01340220813873,57.284029011529825,5.211661676083099,4.45001220703125,0.01652010127968695
273,135.72999572753906,136.30999755859375,134.61000061035156,134.99000549316406,132.47825622558594,83305400,134.13999938964844,131.9600067138672,137.08999633789062,139.07000732421875,127.83000183105467,137.4290008544922,128.27780014038086,0.0063367087176327,135.63927104454035,129.2477788075515,58.57578701789367,4.260767252220403,1.6999969482421875,0.0063367087176327
274,135.75999450683594,135.77000427246094,133.61000061035156,133.94000244140625,131.44781494140625,89880900,134.99000549316406,134.13999938964844,131.9600067138672,142.9199981689453,132.02999877929688,137.62000122070313,128.583800201416,-0.0077783762429062,135.3303131166978,129.43178757750658,54.350931221395214,4.028320760123382,2.160003662109375,-0.007778376242906226
275,136.3000030517578,137.39999389648438,134.58999633789062,137.38999938964844,134.8336181640625,84183100,133.94000244140625,134.99000549316406,134.13999938964844,143.16000366210938,136.8699951171875,137.67200164794923,128.98480026245116,0.025757778746879,135.70480152996154,129.74387431523763,61.610069462579,4.02091289469622,2.80999755859375,0.025757778746879012
276,137.35000610351562,137.4199981689453,135.86000061035156,136.75999450683594,134.4158935546875,75693800,137.38999938964844,133.94000244140625,134.99000549316406,142.05999755859375,139.07000732421875,137.44100036621094,129.44300018310548,-0.0045855221312415,135.89665479848415,130.01901628353562,63.59524277773753,3.9979631729936713,1.55999755859375,-0.004585522131241526
277,136.02999877929688,136.9600067138672,134.9199981689453,136.91000366210938,134.5633544921875,71297200,136.75999450683594,137.38999938964844,133.94000244140625,137.08999633789062,142.9199981689453,136.84000091552736,129.87780029296874,0.0010968789214593,136.080900046416,130.2892510826954,63.03099714226277,3.5040282053295337,2.040008544921875,0.0010968789214593766
278,136.6199951171875,137.8800048828125,135.85000610351562,136.00999450683594,133.67877197265625,76774200,136.91000366210938,136.75999450683594,137.38999938964844,131.9600067138672,143.16000366210938,136.125,130.27740020751952,-0.0065737282243789,136.0680081301287,130.51359396207346,56.30943678468433,2.71084521061693,2.029998779296875,-0.006573728224378961
279,136.47999572753906,136.99000549316406,134.39999389648438,135.38999938964844,133.0693817138672,73046600,136.00999450683594,136.91000366210938,136.75999450683594,134.13999938964844,142.05999755859375,135.45800018310547,130.6534002685547,-0.0045584526301583,135.94473381367774,130.70482554746854,47.2913716980974,1.7322200951590707,2.5900115966796875,-0.004558452630158305
280,135.89999389648438,136.38999938964844,133.77000427246094,135.1300048828125,132.81382751464844,64280000,135.38999938964844,136.00999450683594,136.91000366210938,134.99000549316406,137.08999633789062,135.26200103759766,130.97500030517577,-0.0019203376025409,135.79660128079314,130.87836199199185,42.237979347130775,1.6352128960964039,2.6199951171875,-0.0019203376025409558
281,134.35000610351562,135.52999877929688,133.69000244140625,135.3699951171875,133.04971313476562,60145100,135.1300048828125,135.38999938964844,136.00999450683594,133.94000244140625,131.9600067138672,135.60299987792968,131.22800018310548,0.0017759951580194,135.71903652377392,131.05450446748972,32.65961972890247,1.1552289362449384,1.839996337890625,0.0017759951580194056
282,135.49000549316406,136.00999450683594,132.7899932861328,133.19000244140625,130.90708923339844,80576300,135.3699951171875,135.1300048828125,135.38999938964844,137.38999938964844,134.13999938964844,135.50800018310548,131.4302001953125,-0.0161039577041727,135.2592121451616,131.13824948607467,28.975105833351577,1.3166844655349503,3.220001220703125,-0.016103957704172722
283,131.25,132.22000122070312,129.47000122070312,130.83999633789062,128.5973663330078,97918500,133.19000244140625,135.3699951171875,135.1300048828125,136.75999450683594,134.99000549316406,135.09299926757814,131.58820007324218,-0.0176440127670202,134.4557183620214,131.1265532841851,27.524028321691574,1.9833362923585545,2.75,-0.017644012767020212
284,129.1999969482422,130.0,127.41000366210938,129.7100067138672,127.48676300048828,96856700,130.83999633789062,133.19000244140625,135.3699951171875,136.91000366210938,133.94000244140625,134.6699996948242,131.73740020751953,-0.0086364235375341,133.59286169872064,131.07100243829026,32.52841699304757,2.6089701332119204,2.589996337890625,-0.008636423537534132
285,130.24000549316406,130.7100067138672,128.8000030517578,129.8699951171875,127.64398193359376,87668800,129.7100067138672,130.83999633789062,133.19000244140625,136.00999450683594,137.38999938964844,133.91799926757812,131.85980010986327,0.0012334314627955,132.9159768657146,131.0239041119725,43.52936730268659,2.813600413539696,1.910003662109375,0.0012334314627955312
286,128.00999450683594,129.72000122070312,125.5999984741211,126.0,123.8403091430664,103916400,129.8699951171875,129.7100067138672,130.83999633789062,135.38999938964844,136.75999450683594,132.84199981689454,131.89220016479493,-0.0297989933217094,131.65852652649377,130.8268882644442,27.186076169150354,3.563505653244222,4.120002746582031,-0.029798993321709433
287,123.76000213623048,126.70999908447266,118.38999938964844,125.86000061035156,123.70272064208984,158273000,126.0,129.8699951171875,129.7100067138672,135.1300048828125,136.91000366210938,131.73699951171875,131.97380020141603,-0.0011111062670511,130.60424908719517,130.63210835644057,23.35079233585421,3.8625920162708685,8.319999694824219,-0.0011111062670511318
288,124.94000244140624,125.55999755859376,122.2300033569336,125.3499984741211,123.20148468017578,111039900,125.86000061035156,126.0,129.8699951171875,135.3699951171875,136.00999450683594,130.67099990844727,132.01600021362304,-0.0040521383581537,129.64893079390896,130.42496679242805,24.110856797553083,4.02006492818859,3.3299942016601705,-0.004052138358153767
289,124.68000030517578,126.45999908447266,120.54000091552734,120.98999786376952,118.91620635986328,148199500,125.3499984741211,125.86000061035156,126.0,133.19000244140625,135.38999938964844,129.2309997558594,131.98760009765624,-0.034782613988238,128.07457935206543,130.05496801091203,3.142791498837923,4.6686321852767785,5.9199981689453125,-0.03478261398823801
290,122.58999633789062,124.8499984741211,121.1999969482422,121.26000213623048,119.18157958984376,164560400,120.98999786376952,125.3499984741211,125.86000061035156,130.83999633789062,135.1300048828125,127.84399948120117,131.9772001647949,0.002231624739468,126.8355653128227,129.7100673883755,4.784090954614982,4.780353105018229,3.650001525878892,0.00223162473946803
291,123.75,127.93000030517578,122.79000091552734,127.79000091552734,125.59963989257812,116307900,121.26000213623048,120.98999786376952,125.3499984741211,129.7100067138672,135.3699951171875,127.08600006103516,131.9754002380371,0.0538512177491197,127.00909905876898,129.6347706639501,30.61221113601266,3.9900244582988784,5.1399993896484375,0.05385121774911972
292,128.41000366210938,128.72000122070312,125.01000213623048,125.12000274658205,122.97541046142578,102260900,127.79000091552734,121.26000213623048,120.98999786376952,129.8699951171875,133.19000244140625,126.27900009155276,131.92160034179688,-0.0208936391722091,126.66562700200772,129.4577209417004,28.46972898858307,3.3891406231902774,3.709999084472642,-0.0208936391722091
293,124.80999755859376,125.70999908447266,121.83999633789062,122.05999755859376,119.96785736083984,112966300,125.12000274658205,127.79000091552734,121.26000213623048,126.0,130.83999633789062,125.40100021362304,131.7888003540039,-0.0244565626663708,125.82823983047791,129.16761414236288,25.964625757506596,3.20875408897097,3.8700027465820312,-0.024456562666370862
294,121.75,123.5999984741211,118.62000274658205,120.12999725341795,118.07093811035156,178155000,122.05999755859376,125.12000274658205,127.79000091552734,125.86000061035156,129.7100067138672,124.44299926757812,131.6582002258301,-0.0158118986054324,124.7921957255579,128.81319779377682,24.489757787245054,3.2094167398888693,4.979995727539048,-0.015811898605432417
295,120.9800033569336,121.94000244140624,117.56999969482422,121.41999816894533,119.3388214111328,153766600,120.12999725341795,122.05999755859376,125.12000274658205,125.3499984741211,129.8699951171875,123.5979995727539,131.5220002746582,0.0107383746359877,124.17906889708289,128.5232683967246,27.093587295860402,2.6925660858626834,4.370002746582017,0.010738374635987702
296,120.93000030517578,121.0,116.20999908447266,116.36000061035156,114.36555480957033,154376600,121.41999816894533,120.12999725341795,122.05999755859376,120.98999786376952,126.0,122.63399963378906,131.21160018920898,-0.0416735104175608,122.75742011767719,128.04627750314134,24.75246232913406,3.3759817213277152,4.790000915527344,-0.041673510417560844
297,119.02999877929688,122.05999755859376,118.79000091552734,121.08999633789062,119.01448822021484,129525800,116.36000061035156,121.41999816894533,120.12999725341795,121.26000213623048,125.86000061035156,122.15699920654296,131.01419998168944,0.0406496708725376,122.45425215771598,127.7734821633276,36.34835270344819,3.202027882550628,3.2699966430664205,0.04064967087253768
298,121.69000244140624,122.16999816894533,119.4499969482422,119.9800033569336,117.92350006103516,111943300,121.08999633789062,116.36000061035156,121.41999816894533,127.79000091552734,125.3499984741211,121.61999969482422,130.77440002441406,-0.009166677797724,122.0043887393919,127.46785554346901,36.36871822464383,3.0539086957225314,2.720001220703125,-0.009166677797724065
299,122.54000091552734,123.20999908447266,121.26000213623048,121.95999908447266,119.86956787109376,103026500,119.9800033569336,121.08999633789062,116.36000061035156,125.12000274658205,120.98999786376952,121.71699981689456,130.4797999572754,0.0165027143869023,121.99631789304294,127.25186117252798,39.45614662761731,3.0470720360754946,1.9499969482421733,0.016502714386902317
300,120.4000015258789,121.16999816894533,119.16000366210938,121.02999877929688,118.95550537109376,88105100,121.95999908447266,119.9800033569336,121.08999633789062,122.05999755859376,121.26000213623048,121.69399948120116,130.2030000305176,-0.0076254535270342,121.82062350872548,127.00786656887186,42.81168301789522,3.0517693470511187,2.0099945068359517,-0.007625453527034254
301,121.41000366210938,124.0,120.41999816894533,123.98999786376952,121.8647689819336,92403800,121.02999877929688,121.95999908447266,119.9800033569336,120.12999725341795,127.79000091552734,121.3139991760254,130.0083999633789,0.0244567389434609,122.21505520964257,126.8895187765149,47.49932714806068,2.3684509258754307,3.5800018310546733,0.0244567389434609
302,125.6999969482422,127.22000122070312,124.72000122070312,125.56999969482422,123.41769409179688,115227900,123.98999786376952,121.02999877929688,121.95999908447266,121.41999816894533,125.12000274658205,121.3589988708496,129.86599990844726,0.0127429781294994,122.82504511603923,126.8377729301741,50.28601309098065,2.4516132014588243,2.5,0.012742978129499427
303,124.0500030517578,125.86000061035156,122.33999633789062,124.76000213623048,122.62158966064452,111932600,125.56999969482422,123.98999786376952,121.02999877929688,116.36000061035156,122.05999755859376,121.62899932861328,129.7729998779297,-0.0064505659039761,123.17685548334673,126.75629172256846,55.39960688171182,2.675819442195648,3.5200042724609375,-0.006450565903976191
304,122.87999725341795,123.18000030517578,120.31999969482422,120.52999877929688,118.4640884399414,121229700,124.76000213623048,125.56999969482422,123.98999786376952,121.08999633789062,120.12999725341795,121.66899948120115,129.5633999633789,-0.0339051241143351,122.69560880988311,126.51212337185194,49.060967851915485,2.6538207686482105,2.8600006103515625,-0.033905124114335106
305,119.9000015258789,121.43000030517578,119.68000030517578,119.98999786376952,117.93334197998048,185549500,120.52999877929688,124.76000213623048,125.56999969482422,119.9800033569336,121.41999816894533,121.5259994506836,129.43119995117186,-0.0044802200364754,122.20367954695335,126.25635374408401,38.13867774754586,2.7067289963991277,1.75,-0.004480220036475413
306,120.33000183105467,123.87000274658205,120.26000213623048,123.38999938964844,121.27507019042967,111912300,119.98999786376952,120.52999877929688,124.76000213623048,121.95999908447266,116.36000061035156,122.22899932861328,129.28059997558594,0.0283357078624095,122.419374063807,126.1439476909689,47.42635567059803,2.048910285167468,3.6100006103515625,0.028335707862409576
307,123.33000183105467,124.23999786376952,122.13999938964844,122.54000091552734,120.43963623046876,95467100,123.38999938964844,119.98999786376952,120.52999877929688,121.02999877929688,121.08999633789062,122.37399978637696,129.09039993286132,-0.0068887144689653,122.44130621866523,126.00261644487315,50.764336889912386,2.0102913845359702,2.0999984741210795,-0.006888714468965329
308,122.81999969482422,122.9000015258789,120.06999969482422,120.08999633789062,118.03163146972656,88530500,122.54000091552734,123.38999938964844,119.98999786376952,123.98999786376952,119.9800033569336,122.38499908447264,128.91259994506837,-0.0199935087263922,122.01379533125166,125.77074898969737,49.937341905728694,1.995987253899957,2.8300018310546875,-0.019993508726392273
309,119.54000091552734,121.66000366210938,119.0,120.58999633789062,118.52306365966795,98844700,120.08999633789062,122.54000091552734,123.38999938964844,125.56999969482422,121.95999908447266,122.24799880981443,128.74839981079103,0.0041635441356262,121.75492278700418,125.56758221903829,48.66687743703233,2.0738960963808397,2.660003662109375,0.0041635441356262515
310,120.3499984741211,121.4800033569336,118.91999816894533,121.20999908447266,119.1324234008789,94071200,120.58999633789062,120.08999633789062,122.54000091552734,124.76000213623048,121.02999877929688,122.26599884033205,128.5547998046875,0.0051414111071435,121.65584575018025,125.39669660591807,59.08579883263665,2.0629020688700663,2.560005187988267,0.005141411107143501
311,121.6500015258789,122.58000183105467,120.7300033569336,121.38999938964844,119.3093490600586,80819200,121.20999908447266,120.58999633789062,120.08999633789062,120.52999877929688,123.98999786376952,122.00599899291991,128.40439971923828,0.0014850285169158,121.60751004826537,125.2395712248879,50.677513685700646,1.9838035215766145,1.8499984741210795,0.0014850285169158983
312,120.11000061035156,120.4000015258789,118.86000061035156,119.9000015258789,117.84487915039062,85671900,121.38999938964844,121.20999908447266,120.58999633789062,119.98999786376952,125.56999969482422,121.4389991760254,128.2595997619629,-0.0122744696536887,121.29705395328601,125.03017633473068,49.82237607487375,1.6308663040238887,1.5400009155273438,-0.012274469653688724
313,121.6500015258789,123.5199966430664,121.1500015258789,122.1500015258789,120.05631256103516,118323800,119.9000015258789,121.38999938964844,121.20999908447266,123.38999938964844,124.76000213623048,121.17799911499024,128.14599975585938,0.0187656377928766,121.45213533012108,124.91722830301102,50.41685469540683,1.1894339211765388,2.3699951171875,0.018765637792876655
314,123.66000366210938,124.18000030517578,122.48999786376952,123.0,120.89175415039062,75089100,122.1500015258789,119.9000015258789,121.38999938964844,122.54000091552734,120.52999877929688,121.42499923706056,127.96539978027344,0.0069586448096852,121.73356527009905,124.84204287936353,54.337297750555486,1.2919610272113802,1.6900024414062642,0.006958644809685222
315,123.87000274658205,126.16000366210938,123.06999969482422,125.9000015258789,123.74203491210938,88651200,123.0,122.1500015258789,119.9000015258789,120.08999633789062,119.98999786376952,122.01599960327148,127.74599990844726,0.0235772481778773,122.4910991347863,124.88353145373668,54.21634192069343,1.8103428735237215,3.0900039672851562,0.02357724817787732
316,126.5,127.12999725341795,125.6500015258789,126.20999908447266,124.04672241210938,80171300,125.9000015258789,123.0,122.1500015258789,120.58999633789062,123.38999938964844,122.29799957275392,127.48879974365236,0.0024622522226898,123.167262762002,124.93554979219691,51.49672414285306,2.2211755717520623,1.4799957275390483,0.002462252222689809
317,125.83000183105467,127.91999816894533,125.13999938964844,127.9000015258789,125.70777130126952,83466700,126.20999908447266,125.9000015258789,123.0,121.20999908447266,122.54000091552734,122.83399963378906,127.188399810791,0.0133904005519811,124.02776071907051,125.0518028013609,57.05300541803302,2.8451418410950193,2.779998779296889,0.013390400551981152
318,128.9499969482422,130.38999938964844,128.52000427246094,130.36000061035156,128.12559509277344,88844600,127.9000015258789,126.20999908447266,125.9000015258789,121.38999938964844,120.08999633789062,123.86100006103516,126.93239974975586,0.0192337690001895,125.1790770629398,125.25996742132132,73.98730892076674,3.5184802069331567,1.8699951171875,0.019233769000189582
319,129.8000030517578,133.0399932861328,129.47000122070312,133.0,130.7203369140625,106686700,130.36000061035156,127.9000015258789,126.20999908447266,119.9000015258789,120.58999633789062,125.1020004272461,126.75119979858398,0.0202516061467308,126.6010630514962,125.56349811068128,78.79592707259272,4.331260557305534,3.5699920654296875,0.020251606146730827
320,132.52000427246094,132.85000610351562,130.6300048828125,131.24000549316406,128.99053955078125,91420000,133.0,130.36000061035156,127.9000015258789,122.1500015258789,121.20999908447266,126.10500106811524,126.63419998168943,-0.0132330414047814,127.44450713179944,125.78610624332768,68.73510082819912,4.488326723830719,2.220001220703125,-0.013233041404781432
321,132.44000244140625,134.66000366210938,131.92999267578125,134.42999267578125,132.1258087158203,91266500,131.24000549316406,133.0,130.36000061035156,123.0,121.38999938964844,127.40900039672852,126.68359970092772,0.0243065151561834,128.7145954125234,126.12508218185528,75.52597484493057,4.846256206463769,2.730010986328125,0.024306515156183428
322,134.94000244140625,135.0,131.66000366210938,132.02999877929688,129.76699829101562,87222800,134.42999267578125,131.24000549316406,133.0,125.9000015258789,119.9000015258789,128.62200012207032,126.6413996887207,-0.017853113347054,129.31739602466402,126.35664753861771,75.68850107185887,4.237801731514927,3.339996337890625,-0.017853113347054084
323,133.82000732421875,135.0,133.63999938964844,134.5,132.1946258544922,89347100,132.02999877929688,134.42999267578125,131.24000549316406,126.20999908447266,122.1500015258789,129.85699996948242,126.63159957885742,0.0187078788422319,130.2596876565433,126.67599469396605,77.58829194007122,3.9305433911219447,1.3600006103515625,0.018707878842231906
324,134.3000030517578,134.6699981689453,133.27999877929688,134.16000366210938,131.86045837402344,84922400,134.5,132.02999877929688,134.42999267578125,127.9000015258789,123.0,130.97300033569337,126.63599960327149,-0.0025278538133132,130.96883602119166,126.96948524173638,75.97276428325071,3.301268546901937,1.3899993896484375,-0.002527853813313219
325,133.50999450683594,135.47000122070312,133.33999633789062,134.83999633789062,132.52880859375,94264200,134.16000366210938,134.5,132.02999877929688,130.36000061035156,125.9000015258789,131.86699981689452,126.58499954223632,0.0050685201045004,131.67268335150055,127.27813273570321,76.4451768834102,2.9685641235681466,2.1300048828125,0.005068520104500429
326,135.02000427246094,135.52999877929688,131.80999755859375,133.11000061035156,130.8284454345703,94812300,134.83999633789062,134.16000366210938,134.5,133.0,126.20999908447266,132.55699996948243,126.51199966430664,-0.0128299894283883,131.93401376220072,127.50683343666982,75.73046290910723,2.2134374519140096,3.720001220703125,-0.012829989428388311
327,132.36000061035156,133.75,131.3000030517578,133.5,131.21177673339844,68847100,133.11000061035156,134.83999633789062,134.16000366210938,131.24000549316406,127.9000015258789,133.11699981689452,126.44379959106443,0.0029299029964704,132.21873853270966,127.74185957640826,73.83456073549924,1.4966393629518524,2.4499969482421875,0.002929902996470446
328,133.0399932861328,134.14999389648438,131.41000366210938,131.94000244140625,129.67852783203125,84566500,133.5,133.11000061035156,134.83999633789062,134.42999267578125,130.36000061035156,133.275,126.36239974975588,-0.0116853749707397,132.16805924338178,127.9064926299376,68.23005214880456,1.2335135932704002,2.739990234375,-0.011685374970739737
329,132.16000366210938,135.1199951171875,132.16000366210938,134.32000732421875,132.0177459716797,78657500,131.94000244140625,133.5,133.11000061035156,132.02999877929688,133.0,133.40700073242186,126.34099990844726,0.0180385390235948,132.55932253080667,128.1580030101055,67.54170662833315,1.2708778871803872,2.959991455078125,0.01803853902359487
330,134.8300018310547,135.05999755859375,133.55999755859375,134.72000122070312,132.41085815429688,66905100,134.32000732421875,131.94000244140625,133.5,134.5,131.24000549316406,133.75500030517577,126.33279983520508,0.0029779174707671,132.95217320169692,128.41533627326618,67.66296576520996,1.072548384094156,1.5,0.002977917470767144
331,135.00999450683594,135.41000366210938,134.11000061035156,134.38999938964844,132.08651733398438,66015800,134.72000122070312,134.32000732421875,131.94000244140625,134.16000366210938,134.42999267578125,133.7510009765625,126.3131999206543,-0.0024495385099801,133.21359614496083,128.6496367876341,64.27630878932729,1.069822909364953,1.3000030517578125,-0.002449538509980198
332,134.30999755859375,135.02000427246094,133.0800018310547,133.5800018310547,131.2904052734375,107760100,134.38999938964844,134.72000122070312,134.32000732421875,134.83999633789062,132.02999877929688,133.90600128173827,126.32099990844726,-0.0060272160300057,133.28021536061425,128.8429844363957,57.63758997492574,0.8899332506394627,1.94000244140625,-0.0060272160300057775
333,136.47000122070312,137.07000732421875,132.4499969482422,133.47999572753906,131.19212341308594,151101000,133.5800018310547,134.38999938964844,134.72000122070312,133.11000061035156,134.5,133.8040008544922,126.37379989624024,-0.00074866074371,133.3165390636915,129.02482801644055,51.29448945915139,0.8725719390063805,4.6200103759765625,-0.0007486607437100501
334,131.77999877929688,133.55999755859375,131.07000732421875,131.4600067138672,129.2067413330078,109839500,133.47999572753906,133.5800018310547,134.38999938964844,133.5,134.16000366210938,133.53400115966798,126.40879989624024,-0.0151332714888237,132.9789877273598,129.1203252202612,50.585110959244325,1.1299463251202495,2.489990234375,-0.015133271488823707
335,132.0399932861328,134.07000732421875,131.8300018310547,132.5399932861328,130.2682342529297,75135100,131.4600067138672,133.47999572753906,133.5800018310547,131.94000244140625,134.83999633789062,133.3040008544922,126.46219985961916,0.0082153241830902,132.8991705562276,129.2544298502954,44.337914029437016,1.066897637606628,2.2400054931640625,0.008215324183090233
336,131.19000244140625,131.49000549316406,126.6999969482422,127.8499984741211,125.65862274169922,137564700,132.5399932861328,131.4600067138672,133.47999572753906,134.32000732421875,133.11000061035156,132.77800064086915,126.49919982910156,-0.0353855066363762,131.98113926857187,129.19935411005326,38.98838343702178,2.032682375177897,4.790008544921861,-0.035385506636376296
337,129.1999969482422,130.4499969482422,127.97000122070312,128.10000610351562,125.9043197631836,84000900,127.8499984741211,132.5399932861328,131.4600067138672,134.72000122070312,133.5,132.2380012512207,126.54399993896484,0.0019554762016296,131.2754786931071,129.15624242352237,30.906898425956015,2.48624069528339,2.4799957275390625,0.0019554762016296134
338,127.88999938964844,129.75,127.12999725341795,129.74000549316406,127.51622772216795,78128300,128.10000610351562,127.8499984741211,132.5399932861328,134.38999938964844,131.94000244140625,132.01800155639648,126.63180007934572,0.0128024926737566,130.9963017476629,129.1791350929201,37.76299491879707,2.6098045055210286,2.6200027465820455,0.01280249267375666
339,130.85000610351562,131.25999450683594,129.47999572753906,130.2100067138672,128.195556640625,78973300,129.74000549316406,128.10000610351562,127.8499984741211,133.5800018310547,134.32000732421875,131.60700149536132,126.81620025634766,0.0036226391305949,130.8533390142455,129.21956143099644,37.030823650898945,2.529385527206146,1.779998779296875,0.003622639130594907
340,129.41000366210938,129.5399932861328,126.80999755859376,126.8499984741211,124.88752746582033,88071200,130.2100067138672,129.74000549316406,128.10000610351562,133.47999572753906,134.72000122070312,130.82000122070312,126.92800018310548,-0.0258045316526986,130.12545891604105,129.12663739347192,33.932222892819084,2.673423448983066,2.7299957275390483,-0.025804531652698692
341,123.5,126.2699966430664,122.7699966430664,125.91000366210938,123.96208953857422,126142800,126.8499984741211,130.2100067138672,129.74000549316406,131.4600067138672,134.38999938964844,129.9720016479492,126.8904002380371,-0.0074102863485921,129.35901250623527,129.0004948942028,31.05341342363171,2.758761654224429,3.5,-0.007410286348592199
342,123.4000015258789,124.63999938964844,122.25,122.7699966430664,120.8706512451172,112172300,125.91000366210938,126.8499984741211,130.2100067138672,132.5399932861328,133.5800018310547,128.8910011291504,126.8434001159668,-0.0249385031190171,128.16100962202273,128.75616162945235,28.782950539547713,3.2602399764436476,2.3899993896484375,-0.02493850311901713
343,124.58000183105467,126.1500015258789,124.26000213623048,124.97000122070312,123.03662872314452,105861300,122.7699966430664,125.91000366210938,126.8499984741211,127.8499984741211,133.47999572753906,128.0400016784668,126.90160018920898,0.0179197249962699,127.58082627632825,128.60768475067786,28.18476598435244,3.0319749805362624,1.8899993896484233,0.017919724996269926
344,126.25,127.88999938964844,125.8499984741211,127.4499969482422,125.47824096679688,81918000,124.97000122070312,122.7699966430664,125.91000366210938,128.10000610351562,131.4600067138672,127.6390007019043,127.04800018310549,0.0198447283613232,127.55703912576715,128.56228522901372,34.53848155866851,2.7844709022813836,2.0400009155273438,0.019844728361323227
345,126.81999969482422,126.93000030517578,125.16999816894533,126.2699966430664,124.3165054321289,74244600,127.4499969482422,124.97000122070312,122.7699966430664,129.74000549316406,132.5399932861328,127.01200103759766,127.1450001525879,-0.0092585353741122,127.32303140163972,128.47239155897657,33.33332289354581,2.2035996274508483,1.7600021362304545,-0.009258535374112253
346,126.55999755859376,126.98999786376952,124.77999877929688,124.8499984741211,122.91846466064452,63342900,126.2699966430664,127.4499969482422,124.97000122070312,130.2100067138672,127.8499984741211,126.71200103759766,127.31480010986328,-0.0112457290464598,126.87338905118177,128.33033692819794,32.51901161886508,2.279733835433292,2.209999084472642,-0.011245729046459818
347,123.16000366210938,124.91999816894533,122.86000061035156,124.69000244140624,122.76095581054688,92612000,124.8499984741211,126.2699966430664,127.4499969482422,126.8499984741211,128.10000610351562,126.37100067138672,127.3868002319336,-0.0012815060846638,126.47640966758621,128.18757871302964,32.44107256616667,2.3039527629755097,2.059997558593764,-0.0012815060846638193
348,125.2300033569336,127.72000122070312,125.0999984741211,127.30999755859376,125.34041595458984,76857100,124.69000244140624,124.8499984741211,126.2699966430664,125.91000366210938,129.74000549316406,126.12799987792968,127.5334001159668,0.0210120704618537,126.62797110231485,128.15316376579685,41.903997590027245,2.019758313787448,2.6200027465820312,0.021012070461853716
349,127.81999969482422,128.0,125.20999908447266,125.43000030517578,123.489501953125,79295400,127.30999755859376,124.69000244140624,124.8499984741211,122.7699966430664,130.2100067138672,125.64999923706054,127.60280014038086,-0.0147670826287835,126.41015823010773,128.04637304185093,36.54938914328226,1.4241718951819413,2.7900009155273438,-0.014767082628783568
350,126.01000213623048,127.94000244140624,125.94000244140624,127.0999984741211,125.13365936279295,63092900,125.43000030517578,127.30999755859376,124.69000244140624,124.97000122070312,126.8499984741211,125.67499923706056,127.72420013427734,0.0133141845242936,126.53558372901924,128.00926031370466,48.398120711928975,1.4495455188807451,2.0,0.01331418452429367
351,127.81999969482422,128.32000732421875,126.31999969482422,126.9000015258789,124.93675994873048,72009500,127.0999984741211,125.43000030517578,127.30999755859376,127.4499969482422,125.91000366210938,125.7739990234375,127.78240020751952,-0.0015735401309459,126.60184151026644,127.96575996908405,47.43149627952595,1.500297520588485,2.0000076293945312,-0.0015735401309459052
352,126.95999908447266,127.38999938964844,126.41999816894533,126.8499984741211,124.88752746582033,56575900,126.9000015258789,127.0999984741211,125.43000030517578,126.2699966430664,122.7699966430664,126.18199920654295,127.80800018310546,-0.0003940350760958,126.64696095824002,127.9220046163404,43.362408211570845,1.0917436041595088,0.9700012207031108,-0.0003940350760958111
353,126.44000244140624,127.63999938964844,125.08000183105467,125.27999877929688,123.3418197631836,94625600,126.8499984741211,126.9000015258789,127.0999984741211,124.8499984741211,124.97000122070312,126.21299896240234,127.8184001159668,-0.0123768207623945,126.39842238025035,127.81839654429949,39.22166815229173,1.0573653147458058,2.559997558593764,-0.012376820762394547
354,125.56999969482422,125.8000030517578,124.5500030517578,124.61000061035156,122.68218231201172,71311100,125.27999877929688,126.8499984741211,126.9000015258789,124.69000244140624,127.4499969482422,125.92899932861329,127.9000001525879,-0.0053480058706388,126.0732547857233,127.69257709590939,44.449951626275855,1.0695312815139224,1.25,-0.005348005870638883
355,125.08000183105467,125.3499984741211,123.94000244140624,124.27999877929688,122.3572769165039,67637100,124.61000061035156,125.27999877929688,126.8499984741211,127.30999755859376,126.2699966430664,125.72999954223631,127.98580017089844,-0.0026482772605593,125.7472082391003,127.55875049525791,45.83544827876582,1.178605058374478,1.409996032714858,-0.002648277260559384
356,124.27999877929688,125.23999786376952,124.0500030517578,125.05999755859376,123.12521362304688,59278900,124.27999877929688,124.61000061035156,125.27999877929688,125.43000030517578,124.8499984741211,125.7509994506836,128.01920013427736,0.0062761408670597,125.62226084264456,127.46076018401618,56.65311757036582,1.162950260199661,1.1899948120117188,0.006276140867059743
357,124.68000030517578,124.8499984741211,123.12999725341795,123.54000091552734,121.62875366210938,76229200,125.05999755859376,124.27999877929688,124.61000061035156,127.0999984741211,124.69000244140624,125.6359992980957,128.03920013427734,-0.0121541393950073,125.24366812862324,127.30700491858525,45.67452392370228,1.3250840345302195,1.7200012207031392,-0.012154139395007313
358,124.06999969482422,126.16000366210938,123.8499984741211,125.88999938964844,123.94237518310548,75169300,123.54000091552734,125.05999755859376,124.27999877929688,126.9000015258789,127.30999755859376,125.49399948120116,128.1552001953125,0.0190221665590559,125.36118290335509,127.25143607431322,45.2439036871423,1.1955117768591434,2.3100051879882812,0.019022166559055975
359,126.16999816894533,126.31999969482422,124.83000183105467,125.9000015258789,123.95222473144533,71057600,125.88999938964844,123.54000091552734,125.05999755859376,126.8499984741211,125.43000030517578,125.54099960327147,128.26140029907228,7.945139629006448e-05,125.45914992563215,127.19843864104128,48.78530665897215,1.2019376637785175,1.4899978637695455,7.945139629006448e-05
360,126.5999984741211,128.4600067138672,126.20999908447266,126.73999786376952,124.77922058105467,74403800,125.9000015258789,125.88999938964844,123.54000091552734,125.27999877929688,127.0999984741211,125.50499954223632,128.3720002746582,0.0066719327061957,125.69203136892983,127.18046057134436,56.450519268285234,1.1545103162960488,2.2500076293945312,0.0066719327061957046
361,127.20999908447266,127.75,126.5199966430664,127.12999725341795,125.1631851196289,56877900,126.73999786376952,125.9000015258789,125.88999938964844,124.61000061035156,126.9000015258789,125.52799911499024,128.4868002319336,0.0030771610874384,125.95347971156403,127.17848161770019,58.19891721943095,1.1872163454164575,1.2300033569335938,0.003077161087438496
362,127.0199966430664,128.19000244140625,125.94000244140624,126.11000061035156,124.15897369384766,71186400,127.12999725341795,126.73999786376952,125.9000015258789,124.27999877929688,126.8499984741211,125.45399932861328,128.61100021362304,-0.0080232570211824,125.98193805679811,127.13658040172572,45.48193359431098,1.1166232632678528,2.250000000000014,-0.00802325702118245
363,126.52999877929688,127.44000244140624,126.0999984741211,127.3499984741211,125.37980651855467,53522400,126.11000061035156,127.12999725341795,126.73999786376952,125.05999755859376,125.27999877929688,125.6609992980957,128.7150001525879,0.009832668763525,126.2306763144932,127.14494973789809,57.59493900098265,1.2630507293227307,1.340003967285142,0.009832668763525065
364,127.81999969482422,130.5399932861328,127.06999969482422,130.47999572753906,128.46136474609375,96906500,127.3499984741211,126.11000061035156,127.12999725341795,123.54000091552734,124.61000061035156,126.24799880981443,128.86460006713867,0.0245779135525785,127.0032798441379,127.2757358551389,61.98582013112834,1.9157278390948853,3.4699935913085938,0.024577913552578545
365,129.94000244140625,130.60000610351562,129.38999938964844,129.63999938964844,127.63438415527344,62746300,130.47999572753906,127.3499984741211,126.11000061035156,125.88999938964844,124.27999877929688,126.78399887084962,128.93940002441406,-0.0064377403846996,127.48268339786708,127.36845207217848,59.294440628592454,2.049113671282335,1.2100067138671875,-0.006437740384699686
366,130.3699951171875,130.88999938964844,128.4600067138672,130.14999389648438,128.13645935058594,91815000,129.63999938964844,130.47999572753906,127.3499984741211,125.9000015258789,125.05999755859376,127.29299850463867,129.0181999206543,0.0039339286426798,127.96764894307022,127.4775321437199,60.85526662520686,2.1999176059441368,2.42999267578125,0.003933928642679829
367,129.8000030517578,132.5500030517578,129.64999389648438,131.7899932861328,129.75108337402344,96721700,130.14999389648438,129.63999938964844,130.47999572753906,126.73999786376952,123.54000091552734,128.1179977416992,129.09599975585937,0.0126008410799682,128.66262064180887,127.64664826695179,71.31632513367703,2.182976332286,2.9000091552734375,0.012600841079968284
368,130.7100067138672,131.50999450683594,130.24000549316406,130.4600067138672,128.44168090820312,108953300,131.7899932861328,130.14999389648438,129.63999938964844,127.12999725341795,125.88999938964844,128.5749984741211,129.09799987792968,-0.0100917113591322,128.9894181094558,127.75697604918376,68.36164469638481,2.1427138472434124,1.269989013671875,-0.010091711359132227
369,130.3000030517578,132.41000366210938,129.2100067138672,132.3000030517578,130.25320434570312,79663300,130.4600067138672,131.7899932861328,130.14999389648438,126.11000061035156,125.9000015258789,129.214998626709,129.08399993896484,0.0141039111083767,129.5913426444198,127.93513397085334,72.99318864862263,2.209702145782915,3.1999969482421875,0.014103911108376721
370,132.1300048828125,134.0800018310547,131.6199951171875,133.97999572753906,131.90721130371094,74783600,132.3000030517578,130.4600067138672,131.7899932861328,127.3499984741211,126.73999786376952,129.93899841308593,129.13879974365236,0.0126983570448142,130.3892795686233,128.1721873730763,74.31849022444788,2.4784149021619046,2.4600067138671875,0.012698357044814257
371,133.77000427246094,134.32000732421875,133.22999572753906,133.6999969482422,131.63153076171875,60214200,133.97999572753906,132.3000030517578,130.4600067138672,130.47999572753906,127.12999725341795,130.59599838256835,129.12419982910157,-0.0020898551143879,130.99122818309945,128.38896421916124,79.70767291668994,2.5214853804135315,1.0900115966796875,-0.002089855114387973
372,134.4499969482422,134.63999938964844,132.92999267578125,133.41000366210938,131.34605407714844,68711000,133.6999969482422,133.97999572753906,132.3000030517578,129.63999938964844,126.11000061035156,131.32599868774415,129.1517999267578,-0.0021689849869261,131.43100554291942,128.58586772672783,75.00010145506864,2.0999058697986093,1.7100067138671875,-0.0021689849869261923
373,133.4600067138672,133.88999938964844,132.80999755859375,133.11000061035156,131.05067443847656,70783700,133.41000366210938,133.6999969482422,133.97999572753906,130.14999389648438,127.3499984741211,131.9019989013672,129.12399993896486,-0.0022487298067814,131.73627737336162,128.7632847025562,73.51605786415058,1.6242182618220922,1.0800018310546875,-0.00224872980678148
374,133.41000366210938,135.25,133.35000610351562,134.77999877929688,132.69485473632812,62111300,133.11000061035156,133.41000366210938,133.6999969482422,131.7899932861328,130.47999572753906,132.33199920654295,129.1363998413086,0.0125460007609332,132.28968126534983,128.9992342741931,74.87631703064568,1.7686954484653534,1.899993896484375,0.012546000760933262
375,134.8000030517578,136.49000549316406,134.35000610351562,136.3300018310547,134.22085571289062,64556100,134.77999877929688,133.11000061035156,133.41000366210938,130.4600067138672,129.63999938964844,133.0009994506836,129.16619995117188,0.0115002453316233,133.0242850045689,129.28671535485432,76.55897533258661,1.8978379807219043,2.1399993896484375,0.011500245331623304
376,136.1699981689453,137.41000366210938,135.8699951171875,136.9600067138672,134.84112548828125,63261400,136.3300018310547,134.77999877929688,133.11000061035156,132.3000030517578,130.14999389648438,133.68200073242187,129.24320007324218,0.0046211756352296,133.73987076989584,129.5876287414823,82.043799041389,1.9811326556124351,1.540008544921875,0.0046211756352296796
377,136.60000610351562,137.3300018310547,135.75999450683594,137.27000427246094,135.1463165283203,52485800,136.9600067138672,136.3300018310547,134.77999877929688,133.97999572753906,131.7899932861328,134.2300018310547,129.3186001586914,0.002263416642797,134.38171322490768,129.88889837014813,81.00009202979095,2.1503230914264146,1.57000732421875,0.002263416642797056
378,137.89999389648438,140.0,137.75,139.9600067138672,137.7947235107422,78852600,137.27000427246094,136.9600067138672,136.3300018310547,133.6999969482422,130.4600067138672,135.18000183105468,129.47900024414062,0.0195964329983335,135.3959484047185,130.28384379539202,80.46282476479251,2.385374355691767,2.25,0.01959643299833358
379,140.07000732421875,143.14999389648438,140.07000732421875,142.02000427246094,139.82284545898438,108181800,139.9600067138672,137.27000427246094,136.9600067138672,133.41000366210938,132.3000030517578,136.152001953125,129.63300018310548,0.0147184728477842,136.60032219885346,130.74408538272806,86.88923807757081,2.9861438420323005,3.079986572265625,0.01471847284778427
380,143.5399932861328,144.88999938964844,142.66000366210938,144.57000732421875,142.33338928222656,104911600,142.02000427246094,139.9600067138672,137.27000427246094,133.11000061035156,133.97999572753906,137.21100311279298,129.8300003051758,0.0179552385230583,138.04935585801078,131.28627840004143,88.31039106978675,3.8756198676937004,2.2299957275390625,0.01795523852305836
381,141.5800018310547,144.05999755859375,140.6699981689453,143.24000549316406,141.0239715576172,105575500,144.57000732421875,142.02000427246094,139.9600067138672,134.77999877929688,133.6999969482422,138.16500396728514,130.00700042724608,-0.0091997078486132,138.99311033712954,131.75505201153643,80.92929509426497,4.083903270987512,3.3899993896484375,-0.009199707848613237
382,142.75,145.64999389648438,142.64999389648438,145.11000061035156,142.86505126953125,99890800,143.24000549316406,144.57000732421875,142.02000427246094,136.3300018310547,133.41000366210938,139.3350036621094,130.23760040283204,0.0130549779773412,140.10527220498807,132.27877548599977,88.45145218909697,4.243142846629535,3.0,0.013054977977341231
383,146.2100067138672,146.32000732421875,144.0,144.5,142.26446533203125,76299700,145.11000061035156,143.24000549316406,144.57000732421875,136.9600067138672,133.11000061035156,140.47400360107423,130.45800048828124,-0.0042037117206658,140.90431362226295,132.75803919243117,84.23120757699398,3.901447972206882,2.32000732421875,-0.004203711720665804
384,144.02999877929688,147.4600067138672,143.6300048828125,145.63999938964844,143.38685607910156,100827100,144.5,145.11000061035156,143.24000549316406,137.27000427246094,134.77999877929688,141.56000366210938,130.74160034179687,0.0078892691325151,141.76534739815122,133.26321410212597,83.7384389056763,3.643312393504759,3.8300018310546875,0.007889269132515198
385,148.10000610351562,149.57000732421875,147.67999267578125,149.14999389648438,146.842529296875,127050800,145.63999938964844,144.5,145.11000061035156,139.9600067138672,136.3300018310547,142.84200286865234,131.0738003540039,0.0241004842182483,143.10801039784815,133.88622507445376,87.66455652411983,3.8482801312806694,1.8900146484375,0.024100484218248397
386,149.24000549316406,150.0,147.08999633789062,148.47999572753906,146.18289184570312,106820300,149.14999389648438,145.63999938964844,144.5,142.02000427246094,136.9600067138672,143.99400177001954,131.48640029907227,-0.0044921099320347,144.0847350032465,134.4585298059473,86.06987196202905,3.608653330594833,2.910003662109375,-0.004492109932034749
387,148.4600067138672,149.75999450683594,145.8800048828125,146.38999938964844,144.12522888183594,93251400,148.47999572753906,149.14999389648438,145.63999938964844,144.57000732421875,137.27000427246094,144.90600128173827,131.8522001647949,-0.0140759455686257,144.5038739825923,134.9264305739356,79.27690270702308,2.7771416339677804,3.8799896240234375,-0.014075945568625792
388,143.75,144.07000732421875,141.6699981689453,142.4499969482422,140.24620056152344,121434600,146.38999938964844,148.47999572753906,149.14999389648438,143.24000549316406,139.9600067138672,145.15500030517578,132.10639999389647,-0.0269144235113977,144.13044179452862,135.22147239253587,65.3707396935888,2.3655333150162723,2.4000091552734375,-0.026914423511397723
389,143.4600067138672,147.10000610351562,142.9600067138672,146.14999389648438,143.88894653320312,96350000,142.4499969482422,146.38999938964844,148.47999572753906,145.11000061035156,142.02000427246094,145.56799926757813,132.42519973754884,0.0259740051071151,144.4976330857933,135.65004186327897,68.11807266226545,2.1033798587621892,4.1399993896484375,0.025974005107115117
390,145.52999877929688,146.1300048828125,144.6300048828125,145.39999389648438,143.1505584716797,74993500,146.14999389648438,142.4499969482422,146.38999938964844,144.5,144.57000732421875,145.6509979248047,132.7961996459961,-0.0051317142067841,144.66169868773713,136.03239292340467,65.50329084376887,2.075818756456503,1.5,-0.005131714206784155
391,145.94000244140625,148.1999969482422,145.80999755859375,146.8000030517578,144.5288848876953,77338200,145.39999389648438,146.14999389648438,142.4499969482422,145.63999938964844,143.24000549316406,146.00699768066406,133.21399963378906,0.0096286740993274,145.05048129937725,136.4546521441244,66.83150759651684,1.9154686575214876,2.3899993896484375,0.009628674099327439
392,147.5500030517578,148.72000122070312,146.9199981689453,148.55999755859375,146.2616729736328,71447400,146.8000030517578,145.39999389648438,146.14999389648438,149.14999389648438,145.11000061035156,146.35199737548828,133.72979965209962,0.0119890631488297,145.68857516468933,136.92937157214283,65.7048833159178,2.042442392490866,1.8000030517578125,0.011989063148829748
393,148.27000427246094,149.8300018310547,147.6999969482422,148.99000549316406,146.68502807617188,72434100,148.55999755859375,146.8000030517578,145.39999389648438,148.47999572753906,144.5,146.80099792480468,134.21019973754883,0.0028945068769317,146.288835224412,137.40233760826132,63.533982952821596,2.0831950876007532,2.1300048828125,0.002894506876931713
394,149.1199951171875,149.2100067138672,145.5500030517578,146.77000427246094,144.4993438720703,104818600,148.99000549316406,148.55999755859375,146.8000030517578,146.38999938964844,145.63999938964844,146.91399841308595,134.5965998840332,-0.0149003365249555,146.3763205058754,137.76969708528875,54.32729564656272,2.0434901479078267,3.660003662109375,-0.014900336524955593
395,144.80999755859375,146.97000122070312,142.5399932861328,144.97999572753906,142.73703002929688,118931200,146.77000427246094,148.99000549316406,148.55999755859375,142.4499969482422,149.14999389648438,146.49699859619142,134.97079986572265,-0.0121960107161879,146.1224432734506,138.05245389478878,53.361649741284566,1.9602854093329585,4.4300079345703125,-0.012196010716187922
396,144.69000244140625,146.5500030517578,144.5800018310547,145.63999938964844,143.38685607910156,56699500,144.97999572753906,146.77000427246094,148.99000549316406,146.14999389648438,148.47999572753906,146.21299896240234,135.38659988403322,0.0045523774421245,146.03472620366838,138.35000469850877,51.074176106246135,1.8433086819193671,1.970001220703125,0.0045523774421245555
397,144.3800048828125,146.3300018310547,144.11000061035156,145.86000061035156,143.60342407226562,70440600,145.63999938964844,144.97999572753906,146.77000427246094,145.39999389648438,146.38999938964844,146.15999908447264,135.80999984741212,0.0015105824061047,146.0029579139744,138.64451434211043,52.80065861621465,1.8452723643063214,2.220001220703125,0.001510582406104799
398,146.36000061035156,146.9499969482422,145.25,145.52000427246094,143.26869201660156,62880000,145.86000061035156,145.63999938964844,144.97999572753906,146.8000030517578,142.4499969482422,146.46699981689454,136.17419998168944,-0.0023309772142322,145.91514816097194,138.91414139820262,49.744473890456504,1.3477658013560279,1.6999969482421875,-0.002330977214232255
399,145.80999755859375,148.0399932861328,145.17999267578125,147.36000061035156,145.08021545410156,64786600,145.52000427246094,145.86000061035156,145.63999938964844,148.55999755859375,146.14999389648438,146.58800048828124,136.61279998779298,0.0126442845235597,146.1778486063137,139.24535156338493,45.896395611683985,1.3702716655435105,2.8600006103515625,0.012644284523559701
400,147.27000427246094,147.7899932861328,146.27999877929688,146.9499969482422,144.67654418945312,56368300,147.36000061035156,145.52000427246094,145.86000061035156,148.99000549316406,145.39999389648438,146.74300079345704,137.0097999572754,-0.0027823266857436,146.31823921393703,139.54749451965384,46.450121857789625,1.3071695786166377,1.5099945068359375,-0.00278232668574363
401,146.97999572753906,147.83999633789062,146.1699981689453,147.05999755859375,144.7848663330078,46397700,146.9499969482422,147.36000061035156,145.52000427246094,146.77000427246094,146.8000030517578,146.7690002441406,137.41299987792968,0.0007485580989179,146.45310436751097,139.8421024819652,51.71179712773315,1.3110093118850703,1.6699981689453125,0.0007485580989179397
402,146.35000610351562,147.11000061035156,145.6300048828125,146.13999938964844,144.09466552734375,54126800,147.05999755859375,146.9499969482422,147.36000061035156,144.97999572753906,148.55999755859375,146.5270004272461,137.79879989624024,-0.0062559376051856,146.39617618971778,140.08907883128612,61.14803129569564,1.1581134238948712,1.4799957275390625,-0.006255937605185613
403,146.1999969482422,146.6999969482422,145.52000427246094,146.08999633789062,144.0453643798828,48908700,146.13999938964844,147.05999755859375,146.9499969482422,145.63999938964844,148.99000549316406,146.23699951171875,138.21499984741212,-0.0003421585600564,146.3405071257492,140.32440892958434,49.76745176339222,0.7713346033380601,1.17999267578125,-0.0003421585600564825
404,146.44000244140625,147.7100067138672,145.3000030517578,145.60000610351562,143.56222534179688,69023100,146.08999633789062,146.13999938964844,147.05999755859375,145.86000061035156,146.77000427246094,146.11999969482423,138.6347999572754,-0.0033540300270916,146.20587057625218,140.53129509326791,50.79118661091099,0.7702373795963972,2.410003662109375,-0.00335403002709167
405,146.0500030517578,146.72000122070312,145.52999877929688,145.86000061035156,143.81858825683594,48493500,145.60000610351562,146.08999633789062,146.13999938964844,145.52000427246094,144.97999572753906,146.20800018310547,139.06639999389648,0.0017856764830839,146.1429851279066,140.7402639370751,45.913032863451086,0.669157032514337,1.19000244140625,0.00178567648308392
406,146.19000244140625,149.0500030517578,145.83999633789062,148.88999938964844,146.80615234375,72282600,145.86000061035156,145.60000610351562,146.08999633789062,147.36000061035156,145.63999938964844,146.53300018310546,139.5430000305176,0.0207733358468245,146.6424422664051,141.05986140580345,51.2920975749646,1.0458481433213276,3.2100067138671875,0.020773335846824503
407,148.97000122070312,149.44000244140625,148.27000427246094,149.10000610351562,147.0132598876953,59375000,148.88999938964844,145.86000061035156,145.60000610351562,146.9499969482422,145.86000061035156,146.85700073242188,140.05420013427735,0.0014104823341263,147.08927205497065,141.3751611978706,50.438249337063525,1.2880222764169547,1.1699981689453125,0.0014104823341263284
408,148.5399932861328,151.19000244140625,146.47000122070312,151.1199951171875,149.0049285888672,103296000,149.10000610351562,148.88999938964844,145.86000061035156,147.05999755859375,145.52000427246094,147.41699981689453,140.55880004882812,0.0135478801541393,147.82213079355552,141.75731154764773,67.61131202208139,1.769512936921938,4.720001220703125,0.013547880154139325
409,150.22999572753906,151.67999267578125,149.08999633789062,150.19000244140625,148.0879669189453,92229700,151.1199951171875,149.10000610351562,148.88999938964844,146.13999938964844,147.36000061035156,147.7,141.04460006713867,-0.0061540014943759,148.25265291134656,142.08800530818726,72.67196719286807,1.9738847178717989,2.589996337890625,-0.006154001494375949
410,149.8000030517578,150.72000122070312,146.14999389648438,146.36000061035156,144.3115997314453,86326000,150.19000244140625,151.1199951171875,149.10000610351562,146.08999633789062,146.9499969482422,147.64100036621093,141.43700012207032,-0.0255010438031578,147.90853431116565,142.25553453572311,52.45567032628472,2.0073274696518606,4.57000732421875,-0.025501043803157875
411,145.02999877929688,148.0,144.5,146.6999969482422,144.6468048095703,86960300,146.36000061035156,150.19000244140625,151.1199951171875,145.60000610351562,147.05999755859375,147.6050003051758,141.8284001159668,0.0023230140507841,147.68880024517955,142.42982717935132,52.84167165658359,2.0220791076951548,3.5,0.002323014050784167
412,147.44000244140625,148.5,146.77999877929688,148.19000244140625,146.11599731445312,60549600,146.6999969482422,146.36000061035156,150.19000244140625,145.86000061035156,146.13999938964844,147.81000061035155,142.2700001525879,0.010156820205591,147.77992791722076,142.65571640531428,58.38042044584846,1.9600165482768175,1.720001220703125,0.010156820205591055
413,148.30999755859375,150.19000244140625,147.88999938964844,149.7100067138672,147.61471557617188,60131800,148.19000244140625,146.6999969482422,146.36000061035156,148.88999938964844,146.08999633789062,148.17200164794923,142.7172003173828,0.0102571310305628,148.13085133479282,142.93235524094382,57.52725275069012,1.9412523108539994,2.3000030517578125,0.010257131030562805
414,149.4499969482422,150.86000061035156,149.14999389648438,149.6199951171875,147.52598571777344,48606400,149.7100067138672,148.19000244140625,146.6999969482422,149.10000610351562,145.60000610351562,148.5740005493164,143.10000030517577,-0.0006012396810035,148.40160474977367,143.1946156282475,58.73119470682454,1.7569429779189467,1.7100067138671875,-0.0006012396810035625
415,149.80999755859375,150.32000732421875,147.8000030517578,148.36000061035156,146.28359985351562,58991300,149.6199951171875,149.7100067138672,148.19000244140625,151.1199951171875,145.86000061035156,148.8240005493164,143.47440032958986,-0.0084212976069747,148.3940403607878,143.39717974519277,53.953783653591806,1.484611357827097,2.5200042724609375,-0.008421297606974743
416,148.35000610351562,149.1199951171875,147.50999450683594,147.5399932861328,145.4750518798828,48597200,148.36000061035156,149.6199951171875,149.7100067138672,150.19000244140625,148.88999938964844,148.68899993896486,143.82220031738282,-0.005527145597501,148.2387590744869,143.55964302130806,54.2839480117812,1.5383506720270121,1.6100006103515625,-0.005527145597501004
417,147.47999572753906,148.75,146.8300018310547,148.60000610351562,146.52024841308594,55802400,147.5399932861328,148.36000061035156,149.6199951171875,146.36000061035156,149.10000610351562,148.63899993896484,144.15840057373046,0.0071845795419487,148.3044403524921,143.75730431864955,57.23345499318412,1.5316185682176973,1.9199981689453125,0.007184579541948732
418,149.0,153.49000549316406,148.61000061035156,153.1199951171875,150.97694396972656,90956700,148.60000610351562,147.5399932861328,148.36000061035156,146.6999969482422,151.1199951171875,148.83899993896483,144.61160034179687,0.0304171522746992,149.1799957642549,144.12446866369027,67.58649975734392,1.9617645022182608,4.8800048828125,0.03041715227469921
419,152.66000366210938,152.8000030517578,151.2899932861328,151.8300018310547,149.7050323486328,86453100,153.1199951171875,148.60000610351562,147.5399932861328,148.19000244140625,150.19000244140625,149.00299987792968,145.0022003173828,-0.0084247213118413,149.6618150491276,144.42664643495948,63.319946999377656,2.1470549446095197,1.510009765625,-0.008424721311841354
420,152.8300018310547,154.97999572753906,152.33999633789062,152.50999450683594,150.3755340576172,80313700,151.8300018310547,153.1199951171875,148.60000610351562,149.7100067138672,146.36000061035156,149.6179992675781,145.37280029296875,0.0044786449817599,150.17966585962,144.74364047699385,59.02292013399743,2.186319284465373,2.6399993896484375,0.004478644981759983
421,153.8699951171875,154.72000122070312,152.39999389648438,153.64999389648438,151.49957275390625,71115500,152.50999450683594,151.8300018310547,153.1199951171875,149.6199951171875,146.6999969482422,150.31299896240233,145.77180023193358,0.0074749159445897,150.81063459359532,145.0929092385425,60.83847048560628,2.25910320251312,2.32000732421875,0.007474915944589711
422,153.75999450683594,154.6300048828125,153.08999633789062,154.3000030517578,152.1404571533203,57808700,153.64999389648438,152.50999450683594,151.8300018310547,148.36000061035156,148.19000244140625,150.9239990234375,146.18960021972657,0.0042304535053308,151.44506522235213,145.45397174102152,58.103991470014776,2.440122996694339,1.540008544921875,0.0042304535053308
423,154.97000122070312,157.25999450683594,154.38999938964844,156.69000244140625,154.4970245361328,82278300,154.3000030517578,153.64999389648438,152.50999450683594,147.5399932861328,149.7100067138672,151.62199859619142,146.66120025634766,0.0154893022837254,152.39869017127106,145.89460039593857,65.4174448063699,2.990518093420002,2.8699951171875,0.01548930228372547
424,156.97999572753906,157.0399932861328,153.97999572753906,155.11000061035156,152.9391326904297,74420200,156.69000244140625,154.3000030517578,153.64999389648438,148.60000610351562,149.6199951171875,152.1709991455078,147.06780029296874,-0.0100836160982608,152.89165570564933,146.25598863964103,73.23417965647903,3.0846017263712806,3.05999755859375,-0.010083616098260806
425,155.49000549316406,156.11000061035156,153.9499969482422,154.07000732421875,151.9136962890625,57305700,155.11000061035156,156.69000244140625,154.3000030517578,153.1199951171875,148.36000061035156,152.74199981689452,147.42260040283202,-0.0067048757787407,153.10590145448012,146.5624207449186,68.86842057973982,2.8177022722147864,2.160003662109375,-0.006704875778740793
426,155.0,155.47999572753906,148.6999969482422,148.97000122070312,146.8850555419922,140893200,154.07000732421875,155.11000061035156,156.69000244140625,151.8300018310547,147.5399932861328,152.88500061035157,147.66280029296874,-0.0331018748690221,152.3539195937934,146.6568356655376,51.68538955386864,2.5477140962894516,6.779998779296875,-0.03310187486902216
427,150.6300048828125,151.4199981689453,148.75,149.5500030517578,147.45693969726562,102404300,148.97000122070312,154.07000732421875,155.11000061035156,152.50999450683594,148.60000610351562,152.9800003051758,147.9084002685547,0.0038934136155064,151.84411658615056,146.77029321009528,49.63963158979998,2.382538455325251,2.6699981689453125,0.003893413615506436
428,150.35000610351562,151.07000732421875,146.91000366210938,148.1199951171875,146.0469512939453,109296300,149.5500030517578,148.97000122070312,154.07000732421875,153.64999389648438,153.1199951171875,152.4800003051758,148.0716000366211,-0.0095620722526859,151.16700359179362,146.82322269664792,46.813934886349934,2.832126356640831,4.160003662109375,-0.009562072252685905
429,148.55999755859375,149.44000244140625,146.3699951171875,149.02999877929688,146.94424438476562,83281300,148.1199951171875,149.5500030517578,148.97000122070312,154.3000030517578,151.8300018310547,152.2,148.2117999267578,0.0061436922232505,150.77845726224874,146.90976293518318,51.444583134017336,3.0346969115188713,3.07000732421875,0.006143692223250508
430,148.44000244140625,148.97000122070312,147.22000122070312,148.7899932861328,146.7075653076172,68034100,149.02999877929688,148.1199951171875,149.5500030517578,156.69000244140625,152.50999450683594,151.8279998779297,148.2961996459961,-0.0016104508832446,150.41691835750038,146.98349745874984,52.764261660041704,3.215114934686342,1.75,-0.0016104508832446296
431,148.82000732421875,148.82000732421875,145.75999450683594,146.05999755859375,144.01577758789062,129868800,148.7899932861328,149.02999877929688,148.1199951171875,155.11000061035156,153.64999389648438,151.06900024414062,148.3525994873047,-0.0183479793717653,149.62475093951736,146.94728177639075,44.76933963627771,3.608971236923765,3.0600128173828125,-0.018347979371765355
432,143.8000030517578,144.83999633789062,141.27000427246094,142.94000244140625,140.93948364257812,123478900,146.05999755859375,148.7899932861328,149.02999877929688,154.07000732421875,154.3000030517578,149.93300018310546,148.30919952392577,-0.0213610514126968,148.40934212167897,146.79013356717567,27.753517256833106,4.215821064722249,3.5699920654296875,-0.02136105141269684
433,143.92999267578125,144.60000610351562,142.77999877929688,143.42999267578125,141.42257690429688,75834000,142.94000244140625,146.05999755859375,148.7899932861328,148.97000122070312,156.69000244140625,148.60699920654298,148.28779937744142,0.0034279433748845,147.50400585878847,146.6583633361406,30.97824171495506,3.9300490026771517,1.82000732421875,0.003427943374884501
434,144.4499969482422,146.42999267578125,143.6999969482422,145.85000610351562,143.80873107910156,76404300,143.42999267578125,142.94000244140625,146.05999755859375,149.5500030517578,155.11000061035156,147.68099975585938,148.29199951171876,0.0168724363892616,147.20327863055704,146.62666305250826,36.020188729646165,3.261642400804581,2.7299957275390625,0.016872436389261614
435,146.64999389648438,147.0800018310547,145.63999938964844,146.8300018310547,144.77500915527344,64838200,145.85000610351562,143.42999267578125,142.94000244140625,148.1199951171875,154.07000732421875,146.95699920654295,148.24559967041014,0.0067192025130498,147.13541012155662,146.63463712225519,35.58751772720325,2.366615308407592,1.44000244140625,0.0067192025130498045
436,145.66000366210938,147.47000122070312,145.55999755859375,146.9199981689453,144.86376953125,53477900,146.8300018310547,145.85000610351562,143.42999267578125,149.02999877929688,148.97000122070312,146.7519989013672,148.2143997192383,0.0006129288072487,147.09624431199092,146.64582775153715,34.02596767779788,2.259221913217318,1.910003662109375,0.0006129288072487249
437,145.47000122070312,145.9600067138672,143.82000732421875,145.3699951171875,143.33543395996094,74150700,146.9199981689453,146.8300018310547,145.85000610351562,148.7899932861328,149.5500030517578,146.33399810791016,148.19399963378908,-0.0105499800644935,146.78238082202665,146.59579509920974,24.573220220011635,2.0621082383228244,2.1399993896484375,-0.010549980064493591
438,143.25,144.75,141.69000244140625,141.91000366210938,139.92388916015625,108972300,145.3699951171875,146.9199981689453,146.8300018310547,146.05999755859375,148.1199951171875,145.71299896240234,148.1831997680664,-0.0238012765446467,145.89649406567804,146.41203857226463,22.659491959427044,2.3757140594670747,3.05999755859375,-0.0238012765446467
439,142.47000122070312,144.4499969482422,142.02999877929688,142.8300018310547,140.8310089111328,74602000,141.91000366210938,145.3699951171875,146.9199981689453,142.94000244140625,149.02999877929688,145.09299926757814,148.1167999267578,0.0064829691015713,145.33895002301924,146.2715665431976,26.602823701303848,2.217639989052596,2.4199981689453125,0.006482969101571312
440,143.66000366210938,144.3800048828125,141.27999877929688,141.5,139.51962280273438,89056700,142.8300018310547,141.91000366210938,145.3699951171875,143.42999267578125,148.7899932861328,144.36399993896484,148.03880004882814,-0.009311781936598,144.640959109743,146.08444628660163,31.555552541473773,2.0599035263766545,3.100006103515625,-0.009311781936598096
441,141.89999389648438,142.9199981689453,139.11000061035156,142.64999389648438,140.6535186767578,94639600,141.5,142.8300018310547,141.91000366210938,145.85000610351562,146.05999755859375,144.02299957275392,147.95579986572267,0.0081271653461794,144.27896543460506,145.94976187914608,33.42936651082957,2.0299813664203556,3.80999755859375,0.00812716534617941
442,141.75999450683594,142.2100067138672,138.27000427246094,139.13999938964844,137.19265747070312,98322000,142.64999389648438,141.5,142.8300018310547,146.8300018310547,142.94000244140625,143.64299926757812,147.76739990234375,-0.0246056407782464,143.34460797188567,145.68271236975403,30.39300413853394,2.545458369866044,3.94000244140625,-0.02460564077824645
443,139.49000549316406,142.24000549316406,139.36000061035156,141.11000061035156,139.1350555419922,80861100,139.13999938964844,142.64999389648438,141.5,146.9199981689453,143.42999267578125,143.41100006103517,147.6097998046875,0.014158410445197,142.938315724334,145.50339033997355,33.47244149146532,2.669721144104082,2.8800048828125,0.014158410445197056
444,139.47000122070312,142.14999389648438,138.3699951171875,142.0,140.0126190185547,83221100,141.11000061035156,139.13999938964844,142.64999389648438,145.3699951171875,145.85000610351562,143.0259994506836,147.51439971923827,0.0063071319240228,142.76771286536416,145.366002483504,36.2047916748045,2.5540080675667256,3.779998779296875,0.00630713192402288
445,143.05999755859375,144.22000122070312,142.72000122070312,143.2899932861328,141.28453063964844,61732700,142.0,141.11000061035156,139.13999938964844,141.91000366210938,146.8300018310547,142.6719985961914,147.48059967041016,0.0090844597614987,142.86267294186754,145.2845903581169,44.02242524862246,2.1871520667611666,1.5,0.009084459761498742
446,144.02999877929688,144.17999267578125,142.55999755859375,142.89999389648438,140.89999389648438,58773200,143.2899932861328,142.0,141.11000061035156,142.8300018310547,146.9199981689453,142.2699981689453,147.42579956054686,-0.0027217489561162,142.86945856997968,145.19107677138624,49.90213160499689,1.6139374048173898,1.6199951171875,-0.00272174895611621
447,142.27000427246094,144.80999755859375,141.80999755859375,142.80999755859375,140.811279296875,64452200,142.89999389648438,143.2899932861328,142.0,141.5,145.3699951171875,142.01399841308594,147.36479949951172,-0.0006297854565047,142.85864747700043,145.0977011159826,48.453104298962955,1.2233562682558723,3.0,-0.0006297854565047167
448,143.22999572753906,143.25,141.0399932861328,141.50999450683594,139.52947998046875,73035900,142.80999755859375,142.89999389648438,143.2899932861328,142.64999389648438,141.91000366210938,141.9739974975586,147.28459930419922,-0.0091030255162943,142.61343784606143,144.95700673915334,38.530605134607434,1.2336310149123417,2.2100067138671875,-0.009103025516294383
449,141.24000549316406,141.39999389648438,139.1999969482422,140.91000366210938,138.93788146972656,78762700,141.50999450683594,142.80999755859375,142.89999389648438,139.13999938964844,142.8300018310547,141.78199768066406,147.15559936523437,-0.004239918507647,142.30372253988833,144.79830073613203,34.03449283353977,1.2350127977122867,2.1999969482421875,-0.004239918507647045
450,142.11000061035156,143.8800048828125,141.50999450683594,143.75999450683594,141.7480010986328,69907100,140.91000366210938,141.50999450683594,142.80999755859375,141.11000061035156,141.5,142.00799713134765,147.09179931640625,0.0202256104652485,142.56849926115152,144.7575828447871,42.582136148788535,1.3763680358089996,2.3700103759765625,0.02022561046524851
451,143.77000427246094,144.89999389648438,143.50999450683594,144.83999633789062,142.81283569335938,67940300,143.75999450683594,140.91000366210938,141.50999450683594,142.0,142.64999389648438,142.22699737548828,147.04739929199218,0.007512533892058,142.98149872964953,144.76081474647742,48.727796693604624,1.6390359402217407,1.3899993896484375,0.007512533892058082
452,143.4499969482422,146.83999633789062,143.16000366210938,146.5500030517578,144.49891662597656,85589200,144.83999633789062,143.75999450683594,140.91000366210938,143.2899932861328,139.13999938964844,142.9679977416992,147.05559936523437,0.011806177555252,143.63031769730557,144.83097899374332,62.159345822420384,1.758975566922601,3.67999267578125,0.01180617755525204
453,147.00999450683594,149.1699981689453,146.5500030517578,148.75999450683594,146.677978515625,76378900,146.5500030517578,144.83999633789062,143.75999450683594,142.89999389648438,141.11000061035156,143.73299713134764,147.1089993286133,0.0150801187926117,144.56298620812925,144.98505803347246,64.55572651288497,2.4057520868605877,2.6199951171875,0.01508011879261173
454,148.6999969482422,149.75,148.1199951171875,149.25999450683594,147.17100524902344,58418800,148.75999450683594,146.5500030517578,144.83999633789062,142.80999755859375,142.0,144.45899658203126,147.18219909667968,0.0033611187043773,145.416987716985,145.15270260105532,69.85672797525478,2.87445563616198,1.6300048828125,0.003361118704377386
455,148.80999755859375,149.63999938964844,147.8699951171875,149.47999572753906,147.38792419433594,61421000,149.25999450683594,148.75999450683594,146.5500030517578,141.50999450683594,143.2899932861328,145.07799682617187,147.25459899902344,0.0014739463272126,146.15571644617665,145.32240037072134,68.35038368413846,3.2382215202737354,1.7700042724609375,0.0014739463272126496
456,149.69000244140625,150.17999267578125,148.63999938964844,148.69000244140625,146.60899353027344,58883400,149.47999572753906,149.25999450683594,148.75999450683594,140.91000366210938,142.89999389648438,145.65699768066406,147.2505990600586,-0.005284943194491,146.61649571803656,145.4544631970227,80.05041460006818,3.322067218481824,1.5399932861328125,-0.005284943194491021
457,148.67999267578125,149.3699951171875,147.6199951171875,148.63999938964844,146.55967712402344,50720600,148.69000244140625,149.47999572753906,149.25999450683594,143.75999450683594,142.80999755859375,146.23999786376953,147.24139892578123,-0.0003362906109138,146.98440547651145,145.57938618496883,76.9506605966341,3.278196875701425,1.75,-0.0003362906109138919
458,149.3300018310547,150.83999633789062,149.00999450683594,149.32000732421875,147.23016357421875,60893400,148.63999938964844,148.69000244140625,149.47999572753906,144.83999633789062,141.50999450683594,147.0209991455078,147.20539916992186,0.0045748650253134,147.40906035791278,145.72607721003746,76.5989039382373,2.9388786467292425,1.8300018310546875,0.004574865025313457
459,149.36000061035156,149.72999572753906,148.49000549316406,148.85000610351562,146.7667236328125,56094900,149.32000732421875,148.63999938964844,148.69000244140625,146.5500030517578,140.91000366210938,147.81499938964845,147.17859924316406,-0.0031476104851951,147.6710504934769,145.84858422546796,71.48384205840561,2.0393273967217325,1.239990234375,-0.0031476104851951847
460,149.82000732421875,153.1699981689453,149.72000122070312,152.57000732421875,150.4346923828125,100077900,148.85000610351562,149.32000732421875,148.63999938964844,148.75999450683594,143.75999450683594,148.6960006713867,147.3027993774414,0.0249916094603053,148.56176991724814,146.1121694450268,79.71733238297992,1.9954144474303643,3.4499969482421875,0.02499160946030532
461,147.22000122070312,149.94000244140625,146.41000366210938,149.8000030517578,147.7034454345703,124953200,152.57000732421875,148.85000610351562,149.32000732421875,149.25999450683594,144.83999633789062,149.19200134277344,147.36479949951172,-0.0181556278395828,148.7869032144317,146.25679037078098,68.44328923180238,1.4804276607673827,3.529998779296875,-0.0181556278395828
462,148.99000549316406,149.6999969482422,147.8000030517578,148.9600067138672,146.8751678466797,74588300,149.8000030517578,152.57000732421875,148.85000610351562,149.47999572753906,146.5500030517578,149.43300170898436,147.38019958496093,-0.0056074520746197,148.8183765779654,146.36279885482358,70.14606852842147,1.1651346751846987,1.899993896484375,-0.005607452074619768
463,148.66000366210938,151.57000732421875,148.64999389648438,150.02000427246094,147.92034912109375,69122000,148.9600067138672,149.8000030517578,152.57000732421875,148.69000244140625,148.75999450683594,149.5590026855469,147.3863995361328,0.0071159875860495,149.03685434060094,146.50621867512308,74.03694479538322,1.1523271215866087,2.920013427734375,0.007115987586049588
464,150.38999938964844,151.97000122070312,149.82000732421875,151.49000549316406,149.36981201171875,54511500,150.02000427246094,148.9600067138672,149.8000030517578,148.63999938964844,149.25999450683594,149.7820037841797,147.42379974365235,0.0097987013654083,149.48288182288513,146.7016612954384,71.99774548663098,1.2949813901910736,2.149993896484375,0.009798701365408391
465,151.5800018310547,152.42999267578125,150.63999938964844,150.9600067138672,148.8472137451172,60394600,151.49000549316406,150.02000427246094,148.9600067138672,149.32000732421875,149.47999572753906,149.9300048828125,147.47579986572265,-0.0034985725795672,149.75144998488187,146.868655233416,67.97887438218505,1.3404074833415198,1.7899932861328125,-0.003498572579567205
466,151.88999938964844,152.1999969482422,150.05999755859375,151.27999877929688,149.38043212890625,65463900,150.9600067138672,151.49000549316406,150.02000427246094,148.85000610351562,148.69000244140625,150.18900451660156,147.55059997558592,0.0021197141706292,150.02936794750278,147.04164909796037,65.13115440674707,1.324315309693755,2.1399993896484375,0.0021197141706292832
467,151.41000366210938,151.57000732421875,150.16000366210938,150.44000244140625,148.55096435546875,55020900,151.27999877929688,150.9600067138672,151.49000549316406,152.57000732421875,148.63999938964844,150.36900482177734,147.58739990234375,-0.0055525934999252,150.10402876457613,147.1749178565269,55.890633175787514,1.2075632641213254,1.410003662109375,-0.005552593499925207
468,150.1999969482422,151.42999267578125,150.05999755859375,150.80999755859375,148.91635131835938,56787900,150.44000244140625,151.27999877929688,150.9600067138672,149.8000030517578,149.32000732421875,150.51800384521485,147.54119995117188,0.0024594197765426,150.23238672712478,147.31747000170597,55.4847989736756,1.1545058147144323,1.3699951171875,0.0024594197765426262
469,150.02000427246094,150.1300048828125,147.85000610351562,147.9199981689453,146.0626220703125,65187100,150.80999755859375,150.44000244140625,151.27999877929688,148.9600067138672,148.85000610351562,150.4250030517578,147.4629998779297,-0.0191631817282246,149.8119524438194,147.34109855728397,45.35714674969392,1.3281933693582049,2.279998779296875,-0.01916318172822462
470,148.9600067138672,149.42999267578125,147.67999267578125,147.8699951171875,146.01321411132812,41000000,147.9199981689453,150.80999755859375,150.44000244140625,150.02000427246094,152.57000732421875,149.9550018310547,147.37019989013672,-0.0003380411869712,149.4588692935227,147.36183959884883,47.447050283703305,1.3163455042858927,1.75,-0.0003380411869712274
471,148.42999267578125,150.39999389648438,147.47999572753906,149.99000549316406,148.10662841796875,63804000,147.8699951171875,147.9199981689453,150.80999755859375,151.49000549316406,149.8000030517578,149.9740020751953,147.2970001220703,0.0143369882057307,149.5554395116393,147.46490492803767,53.72312669588812,1.3152304370078427,2.9199981689453125,0.014336988205730705
472,150.3699951171875,151.8800048828125,149.42999267578125,150.0,148.1165008544922,59222800,149.99000549316406,147.8699951171875,147.9199981689453,150.9600067138672,148.9600067138672,150.0780014038086,147.21100006103515,6.663448543164918e-05,149.63626869134123,147.56432042105578,51.94728811159721,1.2663513036219556,2.45001220703125,6.663448543164918e-05
473,149.94000244140625,151.49000549316406,149.33999633789062,151.0,149.10394287109375,59256200,150.0,149.99000549316406,147.8699951171875,151.27999877929688,150.02000427246094,150.1760009765625,147.09720001220705,0.0066666666666665,149.8842198383701,147.6990529535634,55.97552824785918,1.298866565689731,2.1500091552734375,0.006666666666666599
474,151.0,155.0,150.99000549316406,153.49000549316406,151.5626678466797,88807000,151.0,150.0,149.99000549316406,150.44000244140625,151.49000549316406,150.3760009765625,147.06480010986328,0.0164901026037356,150.53981723015082,147.92614913158698,52.74462550858854,1.634336673652344,4.0099945068359375,0.016490102603735624
475,153.7100067138672,158.6699981689453,153.0500030517578,157.8699951171875,155.88768005371094,137827700,153.49000549316406,151.0,150.0,150.80999755859375,150.9600067138672,151.06699981689454,147.14079986572267,0.0285359923595709,151.87257684597566,148.31610387612034,71.96516307485288,2.8883597569615866,5.6199951171875,0.02853599235957094
476,157.64999389648438,161.02000427246094,156.52999877929688,160.5500030517578,158.53402709960938,117305600,157.8699951171875,153.49000549316406,151.0,147.9199981689453,151.27999877929688,151.99400024414064,147.37239990234374,0.0169760436907655,153.4502907015724,148.79586462810613,78.67392686348323,4.168296783046616,4.4900054931640625,0.016976043690765552
477,161.67999267578125,165.6999969482422,161.0,161.02000427246094,158.99815368652344,117467900,160.5500030517578,157.8699951171875,153.49000549316406,147.8699951171875,150.44000244140625,153.0520004272461,147.60179992675782,0.002927444483147,154.82660225991577,149.27524265337493,78.03262675219472,4.991464696168236,4.6999969482421875,0.002927444483147079
478,161.1199951171875,161.8000030517578,159.05999755859375,161.41000366210938,159.38320922851562,96041900,161.02000427246094,160.5500030517578,157.8699951171875,149.99000549316406,150.80999755859375,154.11200103759765,147.86760009765624,0.0024220555167078,156.02358433304187,149.75111563410962,76.75297130869265,5.556038822651758,2.7400054931640625,0.0024220555167078217
479,160.75,162.13999938964844,159.63999938964844,161.94000244140625,159.90658569335938,69463600,161.41000366210938,161.02000427246094,160.5500030517578,150.0,147.9199981689453,155.51400146484374,148.12580017089843,0.0032835559585659,157.09929671638085,150.22911119518008,79.61164968638815,5.588746242444745,2.5,0.003283555958565998
480,159.57000732421875,160.4499969482422,156.36000061035156,156.80999755859375,154.84097290039062,76959800,161.94000244140625,161.41000366210938,161.02000427246094,151.0,147.8699951171875,156.4080017089844,148.28620025634766,-0.0316784290815893,157.04669686951047,150.48718517021592,61.84153604667424,4.903096181991407,4.089996337890625,-0.031678429081589354
481,159.3699951171875,161.19000244140625,158.7899932861328,160.24000549316406,158.2279052734375,88748200,156.80999755859375,161.94000244140625,161.41000366210938,153.49000549316406,149.99000549316406,157.43300170898436,148.56980041503903,0.0218736559401364,157.62729843744748,150.86964871229233,68.88973855959247,4.464060148743592,2.4000091552734375,0.02187365594013646
482,159.99000549316406,165.52000427246094,159.9199981689453,165.3000030517578,163.22438049316406,174048100,160.24000549316406,156.80999755859375,161.94000244140625,157.8699951171875,150.0,158.96300201416017,149.0170004272461,0.0315776172312325,159.02233564004933,151.43554496089882,73.65327451006766,4.250250757144301,5.600006103515625,0.031577617231232535
483,167.47999572753906,170.3000030517578,164.52999877929688,164.77000427246094,162.7010498046875,152052500,165.3000030517578,160.24000549316406,156.80999755859375,160.5500030517578,151.0,160.34000244140626,149.4438006591797,-0.0032062841470784,160.0673663004878,151.95846493390127,79.80190035753148,3.557968457037678,5.7700042724609375,-0.003206284147078464
484,158.74000549316406,164.1999969482422,157.8000030517578,163.75999450683594,161.70370483398438,136739200,164.77000427246094,165.3000030517578,160.24000549316406,161.02000427246094,153.49000549316406,161.36700134277345,149.8020004272461,-0.0061298157397317,160.73875324709653,152.42127001519282,77.18095299743842,2.751946300631819,6.399993896484375,-0.006129815739731703
485,164.02000427246094,164.9600067138672,159.72000122070312,161.83999633789062,159.80784606933594,118023100,163.75999450683594,164.77000427246094,165.3000030517578,161.41000366210938,157.8699951171875,161.76400146484374,150.10220031738282,-0.0117244640531858,160.93897926360452,152.7906318317692,70.40989513332643,2.4625518996996387,5.2400054931640625,-0.011724464053185835
486,164.2899932861328,167.8800048828125,164.27999877929688,165.32000732421875,163.244140625,107497000,161.83999633789062,163.75999450683594,164.77000427246094,161.94000244140625,160.5500030517578,162.24100189208986,150.4702005004883,0.021502787105003,161.73552982007985,153.28197989029664,73.56921990570547,2.6556762724697713,3.600006103515625,0.021502787105003085
487,169.0800018310547,171.5800018310547,168.33999633789062,171.17999267578125,169.03053283691406,120405400,165.32000732421875,161.83999633789062,163.75999450683594,156.80999755859375,161.02000427246094,163.2570007324219,150.98640045166016,0.0354463167913496,163.45270488475282,153.98386274462936,77.00747337268923,3.8234035562520097,3.2400054931640625,0.035446316791349686
488,172.1300048828125,175.9600067138672,170.6999969482422,175.0800018310547,172.88162231445312,116998900,171.17999267578125,165.32000732421875,161.83999633789062,160.24000549316406,161.41000366210938,164.6240005493164,151.64980041503907,0.0227830898594565,165.56675887498952,154.81116231664603,77.84367482777294,5.262559628506404,5.260009765625,0.02278308985945654
489,174.91000366210938,176.75,173.9199981689453,174.55999755859375,172.3681182861328,108923700,175.0800018310547,171.17999267578125,165.32000732421875,165.3000030517578,161.94000244140625,165.88600006103516,152.28440032958986,-0.0029700951966102,167.20189318109936,155.58562644378122,73.90430550067661,6.007814981261034,2.8300018310546875,-0.0029700951966102895
490,175.2100067138672,179.6300048828125,174.69000244140625,179.4499969482422,177.19668579101562,115402700,174.55999755859375,175.0800018310547,171.17999267578125,164.77000427246094,156.80999755859375,168.15,153.04340026855468,0.028013287454401,169.4288211387617,156.52148411062282,75.45794833555172,6.456657206472828,4.94000244140625,0.028013287454401015
491,181.1199951171875,182.1300048828125,175.52999877929688,175.74000549316406,173.5332794189453,153237000,179.4499969482422,174.55999755859375,175.0800018310547,163.75999450683594,160.24000549316406,169.7,153.70520050048827,-0.0206742352642568,170.57630920319846,157.27515161582053,68.2358714481553,6.2022484348209765,6.600006103515625,-0.020674235264256824
492,175.25,177.74000549316406,172.2100067138672,174.3300018310547,172.14097595214844,139380400,175.74000549316406,179.4499969482422,174.55999755859375,161.83999633789062,165.3000030517578,170.60299987792968,154.4090005493164,-0.0080232367021533,171.2587987718996,157.9439692713199,65.61139666526665,6.147572482431728,5.529998779296875,-0.008023236702153325
493,175.11000061035156,179.5,172.30999755859375,179.3000030517578,177.048583984375,131063300,174.3300018310547,175.74000549316406,179.4499969482422,165.32000732421875,164.77000427246094,172.05599975585938,155.17280059814453,0.0285091560173309,172.72083591369199,158.78146079212138,68.9436840399872,6.330137499474489,7.19000244140625,0.02850915601733095
494,179.27999877929688,181.13999938964844,170.75,172.25999450683594,170.09698486328125,150185800,179.3000030517578,174.3300018310547,175.74000549316406,171.17999267578125,163.75999450683594,172.90599975585937,155.77800048828124,-0.0392638506698165,172.63704656699088,159.31003074171804,66.18477734424326,5.6236472706961464,10.389999389648438,-0.039263850669816525
495,169.92999267578125,173.47000122070312,169.69000244140625,171.13999938964844,168.99105834960938,195432700,172.25999450683594,179.3000030517578,174.3300018310547,175.0800018310547,161.83999633789062,173.83600006103515,156.33500061035156,-0.0065017714669848,172.36485617111043,159.77395108085256,61.99910906436304,4.171890027281239,3.779998779296875,-0.006501771466984829
496,168.27999877929688,170.5800018310547,167.4600067138672,169.75,167.61851501464844,107499100,171.13999938964844,172.25999450683594,179.3000030517578,174.55999755859375,165.32000732421875,174.27899932861328,156.87200073242187,-0.0081220018382944,171.88942777636308,160.165168685525,55.3293357148,3.3141578164675494,3.1199951171875,-0.00812200183829448
497,171.55999755859375,173.1999969482422,169.1199951171875,172.99000549316406,170.81781005859375,91185900,169.75,171.13999938964844,172.25999450683594,179.4499969482422,171.17999267578125,174.46000061035156,157.4756008911133,0.0190869248492728,172.08953281578144,160.66810346229516,59.24426131160999,3.172500355059873,4.0800018310546875,0.01908692484927288
498,173.0399932861328,175.86000061035156,172.14999389648438,175.63999938964844,173.4345245361328,92135300,172.99000549316406,169.75,171.13999938964844,175.74000549316406,175.0800018310547,174.51600036621093,158.15820098876952,0.0153187687862643,172.73507219284815,161.25523663591687,62.88503612790902,3.189556959910131,3.7100067138671875,0.01531876878626437
499,175.85000610351562,176.85000610351562,175.27000427246094,176.27999877929688,174.06649780273438,68356600,175.63999938964844,172.99000549316406,169.75,174.3300018310547,174.55999755859375,174.68800048828126,158.86560089111327,0.0036438134358485,173.37960429947518,161.8444429944808,66.10888005545183,3.2381986870808506,1.5800018310546875,0.0036438134358485197
500,177.08999633789062,180.4199981689453,177.07000732421875,180.3300018310547,178.06565856933594,74919600,176.27999877929688,175.63999938964844,172.99000549316406,179.3000030517578,179.4499969482422,174.7760009765625,159.59700103759766,0.0229748302689087,174.64331294158052,162.5693668704249,66.53447313138662,3.390370426187609,3.3499908447265625,0.022974830268908786
501,180.16000366210932,181.3300018310547,178.52999877929688,179.2899932861328,177.03871154785156,79144300,180.3300018310547,176.27999877929688,175.63999938964844,172.25999450683594,175.74000549316406,175.13099975585936,160.2860009765625,-0.0057672518957562,175.4881639133173,163.22507771025658,59.99506543748921,3.676321911468859,2.8000030517578125,-0.00576725189575622
502,179.3300018310547,180.6300048828125,178.13999938964844,179.3800048828125,177.12762451171875,62348900,179.2899932861328,180.3300018310547,176.27999877929688,171.13999938964844,174.3300018310547,175.63600006103516,160.9426010131836,0.0005020447322792,176.1957713623164,163.8586042660431,55.84874880920508,3.8944444616197553,2.4900054931640625,0.0005020447322792165
503,179.47000122070312,180.57000732421875,178.08999633789062,178.1999969482422,175.96238708496094,59773000,179.3800048828125,179.2899932861328,180.3300018310547,169.75,179.3000030517578,175.5259994506836,161.53140106201172,-0.0065782579019395,176.5601760143029,164.42101182220776,54.86370470228869,3.79368539316137,2.480010986328125,-0.006578257901939555
504,178.08999633789062,179.22999572753906,177.25999450683594,177.57000732421875,175.34031677246094,64062300,178.1999969482422,179.3800048828125,179.2899932861328,172.99000549316406,172.25999450683594,176.05700073242187,162.09760131835938,-0.003535295369317,176.74378170701488,164.93665870463957,47.165276611409574,3.6548293172235233,1.970001220703125,-0.0035352953693170708
505,177.8300018310547,182.8800048828125,177.7100067138672,182.009994506836,179.72454833984375,104487900,177.57000732421875,178.1999969482422,179.3800048828125,175.63999938964844,171.13999938964844,177.1440002441406,162.7482012939453,0.0250041504729479,177.701274943346,165.60620128511786,59.250496169320776,3.6463916613388028,5.1699981689453125,0.025004150472947906
506,182.6300048828125,182.94000244140625,179.1199951171875,179.6999969482422,177.44354248046875,99310400,182.009994506836,177.57000732421875,178.1999969482422,176.27999877929688,169.75,178.13899993896484,163.36840118408202,-0.0126915973205362,178.0646789442362,166.15889915425998,57.71772606818073,2.6167661328217564,3.82000732421875,-0.012691597320536374
507,179.61000061035156,180.1699981689453,174.63999938964844,174.9199981689453,172.7235870361328,94537600,179.6999969482422,182.009994506836,177.57000732421875,180.3300018310547,172.99000549316406,178.33199920654295,163.89400115966797,-0.0265998823621217,177.49291880327422,166.5024716646398,43.670514291661576,2.2386634495854794,5.529998779296875,-0.02659988236212174
508,172.6999969482422,175.3000030517578,171.63999938964844,172.0,169.84024047851562,96904000,174.9199981689453,179.6999969482422,182.009994506836,179.2899932861328,175.63999938964844,177.96799926757814,164.3476010131836,-0.016693335236175,176.494206293588,166.71806101112455,49.57349976496055,2.9178934133764094,3.660003662109375,-0.016693335236175
509,172.88999938964844,174.13999938964844,171.02999877929688,172.1699981689453,170.0081329345703,86709100,172.0,174.9199981689453,179.6999969482422,179.3800048828125,176.27999877929688,177.55699920654297,164.81400085449218,0.0009883614473564,175.70798663456208,166.931862468294,51.74398716876851,3.42710078858424,3.1100006103515625,0.0009883614473564784
510,169.0800018310547,172.5,168.1699981689453,172.19000244140625,170.0278778076172,106765600,172.1699981689453,172.0,174.9199981689453,178.1999969482422,180.3300018310547,176.7429992675781,165.20640075683593,0.0001161890728564,175.06835314489737,167.13806403586705,54.33239013510744,3.654439158234359,4.3300018310546875,0.00011618907285648739
511,172.32000732421875,175.17999267578125,170.82000732421875,175.0800018310547,172.88162231445312,76138300,172.19000244140625,172.1699981689453,172.0,177.57000732421875,179.2899932861328,176.3220001220703,165.71200073242187,0.0167837815707787,175.07047108783507,167.4495125768548,53.757634882000865,3.569941007749132,4.3599853515625,0.016783781570778755
512,176.1199951171875,177.17999267578125,174.82000732421875,175.52999877929688,173.325927734375,74805200,175.0800018310547,172.19000244140625,172.1699981689453,182.009994506836,179.3800048828125,175.93699951171874,166.24340057373047,0.0025702361408266,175.15402157719177,167.76639438871527,49.78523895406098,3.4074090433740465,2.3599853515625,0.0025702361408266317
513,175.77999877929688,176.6199951171875,171.7899932861328,172.19000244140625,170.0278778076172,84505800,175.52999877929688,175.0800018310547,172.19000244140625,179.6999969482422,178.1999969482422,175.33600006103515,166.68680053710938,-0.0190280656361775,174.61510900704894,167.93986921431102,42.7764099424144,3.492861828068605,4.8300018310546875,-0.019028065636177538
514,171.33999633789062,173.77999877929688,171.08999633789062,173.07000732421875,170.8968048095703,80440800,172.19000244140625,175.52999877929688,175.0800018310547,174.9199981689453,177.57000732421875,174.88600006103516,167.11840057373047,0.0051106618870742,174.33418142835254,168.1410511009741,35.56086976313681,3.4628133774137395,2.69000244140625,0.005110661887074208
515,171.50999450683594,172.5399932861328,169.41000366210938,169.8000030517578,167.6678924560547,90956700,173.07000732421875,172.19000244140625,175.52999877929688,172.0,182.009994506836,173.66500091552734,167.4952005004883,-0.0188941129836269,173.50978535988077,168.2061080402205,32.663514929866494,2.7513101517971337,3.1299896240234375,-0.018894112983626976
516,170.0,171.0800018310547,165.94000244140625,166.22999572753906,164.14271545410156,94815000,169.8000030517578,173.07000732421875,172.19000244140625,172.1699981689453,179.6999969482422,172.31800079345703,167.79420043945314,-0.021024777738847,172.18618724490955,168.12861343972318,28.687174946891076,2.7656905849353812,5.1399993896484375,-0.021024777738847034
517,166.97999572753906,169.67999267578125,164.17999267578125,164.50999450683594,162.4442901611328,91420500,166.22999572753906,169.8000030517578,173.07000732421875,172.19000244140625,174.9199981689453,171.2770004272461,168.0756002807617,-0.0103471170360992,170.79051583798707,167.98670681490407,28.193677345718044,3.5308034010180096,5.5,-0.010347117036099251
518,164.4199981689453,166.3300018310547,162.3000030517578,162.41000366210938,160.3706512451172,122848900,164.50999450683594,166.22999572753906,169.8000030517578,175.0800018310547,172.0,170.31800079345703,168.30760040283204,-0.0127651262224028,169.26678635146385,167.76801257361802,26.932424801905057,4.485820303831932,4.029998779296875,-0.01276512622240289
519,160.02000427246094,162.3000030517578,154.6999969482422,161.6199951171875,159.590576171875,162294600,162.41000366210938,164.50999450683594,166.22999572753906,175.52999877929688,172.1699981689453,169.26300048828125,168.58160034179687,-0.0048642850015906,167.87646067250452,167.52691384983643,15.097578392598436,5.187574965571708,7.600006103515625,-0.00486428500159064
520,158.97999572753906,162.75999450683594,157.02000427246094,159.77999877929688,157.77369689941406,115798400,161.6199951171875,162.41000366210938,164.50999450683594,172.19000244140625,172.19000244140625,168.02200012207032,168.81980041503903,-0.0113847072978592,166.4043766919213,167.2231132588349,15.34447745028551,5.851472446226128,5.739990234375,-0.011384707297859231
521,163.5,164.38999938964844,157.82000732421875,159.69000244140625,157.684814453125,108275300,159.77999877929688,161.6199951171875,162.41000366210938,173.07000732421875,175.0800018310547,166.48300018310547,169.0138003540039,-0.0005632515870458,165.18358137364584,166.9276971483475,18.336811237065717,5.812621871656456,6.5699920654296875,-0.0005632515870458432
522,162.4499969482422,163.83999633789062,158.27999877929688,159.22000122070312,157.22071838378906,121954600,159.69000244140625,159.77999877929688,161.6199951171875,169.8000030517578,175.52999877929688,164.85200042724608,169.19820037841797,-0.0029432100539642,164.0992940731108,166.6254345629497,20.416677851732643,5.253364271249617,5.55999755859375,-0.0029432100539642514
523,165.7100067138672,170.35000610351562,162.8000030517578,170.3300018310547,168.1912078857422,179935700,159.22000122070312,159.69000244140625,159.77999877929688,166.22999572753906,172.19000244140625,164.66600036621094,169.58480041503907,0.0697776694207621,165.23215002910058,166.77071171071853,47.172716879667554,4.991067477573634,7.5500030517578125,0.06977766942076213
524,170.16000366210938,175.0,169.50999450683594,174.77999877929688,172.58534240722656,115541600,170.3300018310547,159.22000122070312,159.69000244140625,164.50999450683594,173.07000732421875,164.83699951171874,170.0106002807617,0.0261257376880439,166.96812252913628,167.0848013996824,53.5028350721831,5.328852440183585,5.4900054931640625,0.026125737688043937
525,174.00999450683594,174.83999633789062,172.30999755859375,174.61000061035156,172.41746520996094,86213900,174.77999877929688,170.3300018310547,159.22000122070312,162.41000366210938,169.8000030517578,165.31799926757813,170.345400390625,-0.0009726408635577,168.35755490753905,167.3799072510812,49.31386683109033,6.001264252428827,2.529998779296875,-0.0009726408635577499
526,174.75,175.8800048828125,173.3300018310547,175.83999633789062,173.6320343017578,84914300,174.61000061035156,174.77999877929688,170.3300018310547,161.6199951171875,166.22999572753906,166.27899932861328,170.65120025634766,0.0070442455944081,169.71799880396662,167.71167545056392,50.44247440678897,6.870080278351122,2.5500030517578125,0.007044245594408194
527,174.47999572753906,176.24000549316406,172.1199951171875,172.89999389648438,170.7289581298828,89418100,175.83999633789062,174.61000061035156,174.77999877929688,159.77999877929688,164.50999450683594,167.1179992675781,170.88880004882813,-0.0167197594553903,170.2965433662426,167.91513891903136,51.02511024396434,7.137156368932715,4.1200103759765625,-0.016719759455390393
528,171.67999267578125,174.10000610351562,170.67999267578125,172.38999938964844,170.44223022460938,82465400,172.89999389648438,175.83999633789062,174.61000061035156,159.69000244140625,162.41000366210938,168.11599884033205,171.1083999633789,-0.0029496502304173,170.67717173413453,168.0906236433693,49.00757728604623,7.103361805864957,3.420013427734375,-0.0029496502304173777
529,172.86000061035156,173.9499969482422,170.9499969482422,171.66000366210938,169.72048950195312,77251200,172.38999938964844,172.89999389648438,175.83999633789062,159.22000122070312,161.6199951171875,169.11999969482423,171.30279998779298,-0.0042345596039423,170.85586844831175,168.2305993303787,52.93190642105714,6.785617708331875,3.0,-0.004234559603942367
530,171.72999572753906,175.35000610351562,171.42999267578125,174.8300018310547,172.8546600341797,74829200,171.66000366210938,172.38999938964844,172.89999389648438,170.3300018310547,159.77999877929688,170.625,171.6632000732422,0.0184667255115817,171.578438154265,168.48939942844444,63.729266398582084,6.120273389504977,3.920013427734375,0.018466725511581794
531,176.0500030517578,176.64999389648438,174.89999389648438,176.27999877929688,174.28826904296875,71285000,174.8300018310547,171.66000366210938,172.38999938964844,174.77999877929688,159.69000244140625,172.28399963378905,171.98399993896484,0.0082937535494815,172.43326735881624,168.79491312847787,68.95332477267824,4.966574484589797,1.75,0.008293753549481586
532,174.13999938964844,175.47999572753906,171.5500030517578,172.1199951171875,170.17527770996094,90865900,176.27999877929688,174.8300018310547,171.66000366210938,174.61000061035156,159.22000122070312,173.5739990234375,172.12039978027343,-0.0235988409968036,172.3763087694292,168.92530850058412,64.66323731644282,1.9641118346246835,3.92999267578125,-0.02359884099680365
533,172.3300018310547,173.0800018310547,168.0399932861328,168.63999938964844,166.734619140625,98670700,172.1199951171875,176.27999877929688,174.8300018310547,175.83999633789062,170.3300018310547,173.40499877929688,172.1977996826172,-0.0202184279936198,171.69697979128722,168.9141199079984,59.80448276288293,2.3155234941360296,5.040008544921875,-0.020218427993619836
534,167.3699951171875,169.5800018310547,166.55999755859375,168.8800048828125,166.971923828125,86185500,168.63999938964844,172.1199951171875,176.27999877929688,172.89999389648438,174.77999877929688,172.81499938964845,172.30019989013672,0.0014231824835904,171.18480253520087,168.9127820638735,63.30410961348842,2.653274568705085,3.0200042724609375,0.0014231824835904128
535,170.97000122070312,172.9499969482422,170.25,172.7899932861328,170.8377227783203,62527400,168.8800048828125,168.63999938964844,172.1199951171875,172.38999938964844,174.61000061035156,172.63299865722655,172.51919982910155,0.0231524650063428,171.47665539900666,169.06482956278563,67.22777470755639,2.5778144638283202,2.6999969482421875,0.023152465006342826
536,171.85000610351562,173.33999633789062,170.0500030517578,172.5500030517578,170.60040283203125,61177400,172.7899932861328,168.8800048828125,168.63999938964844,171.66000366210938,175.83999633789062,172.3039993286133,172.66379974365233,-0.0013889128057177,171.6718095176887,169.20150303294142,67.63696078862861,2.3201004588826666,3.2899932861328125,-0.0013889128057177347
537,171.02999877929688,171.91000366210938,168.47000122070312,168.8800048828125,166.971923828125,69589300,172.5500030517578,172.7899932861328,168.8800048828125,174.8300018310547,172.89999389648438,171.9020004272461,172.61779998779298,-0.0212691863462005,171.1642086749839,169.18889526234815,47.61120454094111,2.5429268466497903,3.44000244140625,-0.021269186346200564
538,169.82000732421875,170.5399932861328,166.19000244140625,167.3000030517578,165.4097442626953,82772700,168.8800048828125,172.5500030517578,172.7899932861328,176.27999877929688,172.38999938964844,171.39300079345702,172.46220001220703,-0.0093557661379217,170.46162583439732,169.11482105801127,36.39009243572894,2.91638518854032,4.3499908447265625,-0.009355766137921773
539,164.97999572753906,166.69000244140625,162.14999389648438,164.32000732421875,162.4634246826172,91162800,167.3000030517578,168.8800048828125,172.5500030517578,172.1199951171875,171.66000366210938,170.65900115966798,172.25740020751954,-0.0178122873471624,169.34496792345575,168.92678914688216,33.014186308582566,3.6684255564878265,4.540008544921875,-0.017812287347162448
540,165.5399932861328,166.14999389648438,159.75,160.07000732421875,158.26141357421875,90009200,164.32000732421875,167.3000030517578,168.8800048828125,168.63999938964844,174.8300018310547,169.18300170898436,171.86980041503907,-0.0258641663252506,167.6586114508672,168.5794643695228,26.32842296983695,4.64351297371746,6.399993896484375,-0.02586416632525068
541,152.5800018310547,162.85000610351562,152.0,162.74000549316406,160.90127563476562,141147500,160.07000732421875,164.32000732421875,167.3000030517578,168.8800048828125,176.27999877929688,167.8290023803711,171.60980041503908,0.0166801902091331,166.7643194585575,168.35046598221462,34.624697560207395,4.305959767009657,10.850006103515625,0.01668019020913314
542,163.83999633789062,165.1199951171875,160.8699951171875,164.85000610351562,162.9874267578125,91974200,162.74000549316406,160.07000732421875,164.32000732421875,172.7899932861328,172.1199951171875,167.1020034790039,171.42020050048828,0.0129654697009347,166.41626248491352,168.21319304579504,39.116628086504726,4.110259950689472,4.25,0.012965469700934706
543,163.05999755859375,165.4199981689453,162.42999267578125,165.1199951171875,163.25436401367188,95056600,164.85000610351562,162.74000549316406,160.07000732421875,172.5500030517578,168.63999938964844,166.7500030517578,171.13660034179688,0.0016377858882354,166.18057750896332,168.09189116624182,40.43297866356431,4.1146353217308524,2.9900054931640625,0.0016377858882354879
544,164.6999969482422,166.60000610351562,161.97000122070312,163.1999969482422,161.35604858398438,83474400,165.1199951171875,164.85000610351562,162.74000549316406,168.8800048828125,168.8800048828125,166.18200225830077,170.955400390625,-0.0116278962313599,165.6386537706504,167.90005217730067,32.34130238756535,4.179465688851013,4.6300048828125,-0.011627896231359958
545,164.38999938964844,167.36000061035156,162.9499969482422,166.55999755859375,164.67811584472656,79724800,163.1999969482422,165.1199951171875,164.85000610351562,167.3000030517578,172.7899932861328,165.5590026855469,170.8638003540039,0.0205882394190066,165.80617082300373,167.84750101578274,36.05050121054346,3.492968354743752,4.410003662109375,0.02058823941900667
546,168.47000122070312,168.91000366210938,165.5500030517578,166.22999572753906,164.35183715820312,76678400,166.55999755859375,163.1999969482422,165.1199951171875,164.32000732421875,172.5500030517578,164.927001953125,170.79340026855468,-0.0019812790339325,165.8832298965556,167.78406943585162,40.503053483569346,2.525191909745571,3.3600006103515625,-0.001981279033932526
547,164.49000549316406,165.5500030517578,162.10000610351562,163.1699981689453,161.32640075683594,83737200,166.22999572753906,166.55999755859375,163.1999969482422,160.07000732421875,168.8800048828125,164.3560012817383,170.5970001220703,-0.0184082153476636,165.3899150369901,167.6031254646004,41.05915767798782,2.1496707783510893,3.4499969482421875,-0.01840821534766368
548,163.36000061035156,165.02000427246094,159.0399932861328,159.3000030517578,157.50013732910156,96418800,163.1699981689453,166.22999572753906,166.55999755859375,162.74000549316406,167.3000030517578,163.55600128173828,170.2702001953125,-0.0237175654876242,164.28265831240242,167.27751282095952,36.00231691324373,2.4056815106780745,5.980010986328125,-0.02371756548762427
549,158.82000732421875,162.8800048828125,155.8000030517578,157.44000244140625,155.66116333007812,131148300,159.3000030517578,163.1699981689453,166.22999572753906,164.85000610351562,164.32000732421875,162.86800079345704,169.8934002685547,-0.0116760864703011,163.03853906313037,166.89172810019272,26.142358905862622,3.0582133789484973,7.0800018310546875,-0.011676086470301161
550,161.47999572753906,163.41000366210938,159.41000366210938,162.9499969482422,161.10890197753906,91454900,157.44000244140625,159.3000030517578,163.1699981689453,165.1199951171875,160.07000732421875,163.15599975585937,169.54580017089845,0.0349974239163681,163.02244049678706,166.73715040795938,37.17946941433757,2.896790245401208,4.0,0.034997423916368176
551,160.1999969482422,160.38999938964844,155.97999572753906,158.52000427246094,156.72894287109375,105342000,162.9499969482422,157.44000244140625,159.3000030517578,163.1999969482422,162.74000549316406,162.73399963378907,169.130400390625,-0.0271862090134825,162.20381572872773,166.41490938303787,36.43977786059607,3.2499761605602733,4.410003662109375,-0.027186209013482565
552,158.92999267578125,159.27999877929688,154.5,154.72999572753906,152.98178100585938,96970100,158.52000427246094,162.9499969482422,157.44000244140625,166.55999755859375,164.85000610351562,161.7219985961914,168.63740020751953,-0.0239087083192837,160.84493936487524,165.9566774749791,34.44689968085284,4.005638242226071,4.779998779296875,-0.02390870831928371
553,151.4499969482422,154.1199951171875,150.10000610351562,150.6199951171875,148.91819763183594,108732100,154.72999572753906,158.52000427246094,162.9499969482422,166.22999572753906,165.1199951171875,160.2719985961914,168.08580017089844,-0.0265624036957177,158.98585859256838,165.35523895114412,33.509846589214376,5.110874467896705,4.019989013671875,-0.026562403695717718
554,150.89999389648438,155.57000732421875,150.3800048828125,155.08999633789062,153.3376922607422,92964300,150.6199951171875,154.72999572753906,158.52000427246094,163.1699981689453,163.1999969482422,159.46099853515625,167.63619995117188,0.0296773427540302,158.27752000080878,164.95268041729105,44.03734020466373,5.236539384245915,5.19000244140625,0.029677342754030223
555,157.0500030517578,160.0,154.4600067138672,159.58999633789062,157.786865234375,102300200,155.08999633789062,150.6199951171875,154.72999572753906,159.3000030517578,166.55999755859375,158.76399841308594,167.18779998779297,0.0290154110919955,158.51615206209638,164.742379080844,46.38677389013177,4.6134448939006125,5.5399932861328125,0.02901541109199557
556,158.61000061035156,161.0,157.6300048828125,160.6199951171875,158.8052215576172,75615400,159.58999633789062,155.08999633789062,150.6199951171875,157.44000244140625,166.22999572753906,158.20299835205077,166.80619995117186,0.0064540309726941,158.89866898120385,164.58071696462218,45.02468471973852,3.8888910341999274,3.3699951171875,0.006454030972694147
557,160.50999450683594,164.47999572753906,159.75999450683594,163.97999572753906,162.12725830078125,123511700,160.6199951171875,159.58999633789062,155.08999633789062,162.9499969482422,163.1699981689453,158.28399810791015,166.58739990234375,0.0209189435468486,159.82254657144662,164.55715926905032,48.75000041827829,4.010379078421942,4.720001220703125,0.020918943546848645
558,163.50999450683594,166.35000610351562,163.00999450683594,165.3800048828125,163.5114288330078,95811400,163.97999572753906,160.6199951171875,159.58999633789062,158.52000427246094,159.3000030517578,158.89199829101562,166.455,0.008537682593916,160.8329935371495,164.58942772449197,52.417932393548114,4.599186728237543,3.3400115966796875,0.008537682593916074
559,165.50999450683594,169.4199981689453,164.91000366210938,168.82000732421875,166.91258239746094,81532000,165.3800048828125,163.97999572753906,160.6199951171875,154.72999572753906,157.44000244140625,160.02999877929688,166.38800018310548,0.0208005946295855,162.28517786207118,164.7553328068342,52.50222495832216,5.51643289890961,4.5099945068359375,0.0208005946295855
560,167.99000549316406,172.63999938964844,167.64999389648438,170.2100067138672,168.28684997558594,98062700,168.82000732421875,165.3800048828125,163.97999572753906,150.6199951171875,162.9499969482422,160.75599975585936,166.34840026855468,0.0082336176362018,163.72605583512498,164.96924158750215,54.305507227621376,6.357101762902791,4.9900054931640625,0.008233617636201895
561,171.05999755859375,174.13999938964844,170.2100067138672,174.07000732421875,172.10325622558594,90131400,170.2100067138672,168.82000732421875,165.3800048828125,155.08999633789062,158.52000427246094,162.31100006103514,166.32820037841796,0.0226778712067172,165.60677428768747,165.32613436149106,61.59082110255937,7.540980982845102,3.92999267578125,0.02267787120671727
562,173.8800048828125,175.27999877929688,172.75,174.72000122070312,172.7458953857422,80546200,174.07000732421875,170.2100067138672,168.82000732421875,159.58999633789062,154.72999572753906,164.31000061035155,166.3120004272461,0.0037340947270354,167.26372463914484,165.69452129714642,67.60273640931456,7.946691825793106,2.529998779296875,0.003734094727035453
563,172.1699981689453,175.72999572753906,172.0,175.60000610351562,173.615966796875,90371900,174.72000122070312,174.07000732421875,170.2100067138672,160.6199951171875,150.6199951171875,166.80800170898436,166.3802005004883,0.0050366579479408,168.77941217812133,166.08297168170992,71.20504502090333,7.039547629975316,3.7299957275390625,0.005036657947940837
564,176.69000244140625,179.00999450683594,176.33999633789062,178.9600067138672,176.93800354003906,100589400,175.60000610351562,174.72000122070312,174.07000732421875,163.97999572753906,155.08999633789062,169.19500274658202,166.49800048828126,0.0191343991660846,170.63042936643873,166.58795344767688,69.68281839158085,6.661488937158666,2.6699981689453125,0.019134399166084615
565,178.5500030517578,179.61000061035156,176.6999969482422,177.77000427246094,175.76144409179688,92633200,178.9600067138672,175.60000610351562,174.72000122070312,165.3800048828125,159.58999633789062,171.01300354003905,166.65740051269532,-0.006649544014093,171.92853389480638,167.02646524472723,75.71465144512017,6.214697167438239,2.910003662109375,-0.006649544014093012
566,177.83999633789062,178.02999877929688,174.39999389648438,174.61000061035156,172.63714599609375,103049300,177.77000427246094,178.9600067138672,175.60000610351562,168.82000732421875,160.6199951171875,172.41200408935546,166.82500061035157,-0.0177757978633232,172.41607329763278,167.32385878847722,77.0108627596999,5.087608982432659,3.6300048828125,-0.017775797863323284
567,174.02999877929688,174.8800048828125,171.94000244140625,174.30999755859375,172.3405303955078,78751300,174.61000061035156,177.77000427246094,178.9600067138672,170.2100067138672,163.97999572753906,173.44500427246095,167.02100067138673,-0.0017181321270783,172.76042316326203,167.5978250147563,85.90480075706488,4.14710885685871,2.94000244140625,-0.0017181321270783867
568,174.57000732421875,178.49000549316406,174.44000244140625,178.44000244140625,176.42388916015625,76468400,174.30999755859375,174.61000061035156,177.77000427246094,174.07000732421875,165.3800048828125,174.75100402832032,167.3416006469727,0.0236934481134636,173.79307394110643,168.0230084432524,85.7580224250287,3.2936984407163936,4.0500030517578125,0.023693448113463633
569,177.5,178.3000030517578,174.4199981689453,175.05999755859375,173.08206176757812,73401800,178.44000244140625,174.30999755859375,174.61000061035156,174.72000122070312,168.82000732421875,175.3750030517578,167.6104006958008,-0.0189419683735007,174.0234236897405,168.29896880071678,74.53217070470085,2.5530167786924998,3.8800048828125,-0.018941968373500706
570,172.36000061035156,173.6300048828125,170.1300048828125,171.8300018310547,169.88858032226562,89058800,175.05999755859375,178.44000244140625,174.30999755859375,175.60000610351562,170.2100067138672,175.53700256347656,167.85140075683594,-0.0184507927144118,173.62461971543397,168.43744068425946,66.61725169201426,2.21831918645524,3.5,-0.018450792714411857
571,171.16000366210938,173.36000061035156,169.85000610351562,172.13999938964844,170.19503784179688,77594700,171.8300018310547,175.05999755859375,178.44000244140625,178.9600067138672,174.07000732421875,175.34400177001953,168.10040069580077,0.0018040944846089,173.35468874710932,168.58263906486297,63.29856175577402,2.4336420485721044,3.5099945068359375,0.0018040944846089424
572,171.77999877929688,171.77999877929688,169.1999969482422,170.08999633789062,168.168212890625,76575500,172.13999938964844,171.8300018310547,175.05999755859375,177.77000427246094,174.72000122070312,174.8810012817383,168.31780059814454,-0.0119089291217987,172.76110830906953,168.64175111478565,57.516739364634695,2.950988995405058,2.5800018310546875,-0.01190892912179875
573,168.7100067138672,169.02999877929688,165.5,165.75,163.87725830078125,72246700,170.08999633789062,172.13999938964844,171.8300018310547,174.61000061035156,175.60000610351562,173.89600067138673,168.22620056152343,-0.025515882364234,171.48636134378413,168.52834911028427,45.23734676118938,4.103263997633338,3.529998779296875,-0.025515882364234077
574,168.02000427246094,169.8699951171875,166.63999938964844,167.66000366210938,165.7656707763672,79265200,165.75,170.08999633789062,172.13999938964844,174.30999755859375,178.9600067138672,172.76600036621093,168.0838006591797,0.0115234006763762,170.79065994711598,168.49429634761074,46.10686738371293,4.109683328067214,3.2299957275390625,0.01152340067637625
575,167.38999938964844,171.0399932861328,166.77000427246094,170.39999389648438,168.47471618652344,70618900,167.66000366210938,165.75,170.08999633789062,178.44000244140625,177.77000427246094,172.02899932861328,167.99960052490235,0.0163425395116714,170.71962975609205,168.56902958482146,44.19852535380316,3.7584231288574217,4.269989013671875,0.016342539511671417
576,170.6199951171875,171.27000427246094,165.0399932861328,165.2899932861328,163.42245483398438,75329400,170.39999389648438,167.66000366210938,165.75,175.05999755859375,174.61000061035156,171.0969985961914,167.7886004638672,-0.0299882675668158,169.73242312519037,168.44043992604935,36.93543238506762,4.179288627820783,6.230010986328125,-0.02998826756681583
577,163.9199981689453,166.60000610351562,163.57000732421875,165.07000732421875,163.20492553710938,69023900,165.2899932861328,170.39999389648438,167.66000366210938,171.8300018310547,174.30999755859375,170.1729995727539,167.6320007324219,-0.001330909134549,168.88471116137734,168.3082660985266,35.13971075910662,4.405320021400905,3.029998779296875,-0.0013309091345490298
578,165.02000427246094,167.82000732421875,163.91000366210938,167.39999389648438,165.50860595703125,67723800,165.07000732421875,165.2899932861328,170.39999389648438,172.13999938964844,178.44000244140625,169.06899871826172,167.5322006225586,0.0141151418724374,168.61476256776044,168.27264758079946,33.19764535447209,3.363524038229605,3.910003662109375,0.014115141872437453
579,168.75999450683594,168.8800048828125,166.10000610351562,167.22999572753906,165.3405303955078,67929800,167.39999389648438,165.07000732421875,165.2899932861328,170.08999633789062,175.05999755859375,168.28599853515624,167.4436004638672,-0.0010155207595194,168.36298677862928,168.23175927282847,34.212078131642585,2.6494992740629133,2.779998779296875,-0.0010155207595194948
580,168.91000366210938,171.52999877929688,165.91000366210938,166.4199981689453,164.5396728515625,87227800,167.22999572753906,167.39999389648438,165.07000732421875,165.75,171.8300018310547,167.7449981689453,167.275400390625,-0.0048436140602039,168.00971612232308,168.16070981777426,36.80307634811515,2.3845288766523787,5.6199951171875,-0.004843614060203949
581,166.4600067138672,167.8699951171875,161.5,161.7899932861328,159.9619903564453,84882400,166.4199981689453,167.22999572753906,167.39999389648438,167.66000366210938,172.13999938964844,166.70999755859376,166.98560028076173,-0.027821204985907,166.8788574248339,167.91087779692558,32.29635907551338,2.5079337768673757,6.3699951171875,-0.02782120498590701
582,161.1199951171875,163.1699981689453,158.4600067138672,162.8800048828125,161.03968811035156,96046400,161.7899932861328,166.4199981689453,167.22999572753906,170.39999389648438,170.08999633789062,165.98899841308594,166.80080047607422,0.0067372003332242,166.15179332628458,167.7135886630388,25.928204324396788,2.4642700278770366,4.709991455078125,0.006737200333224225
583,162.25,162.33999633789062,156.72000122070312,156.8000030517578,155.02838134765625,95623200,162.8800048828125,161.7899932861328,166.4199981689453,165.2899932861328,165.75,165.09399871826173,166.5640005493164,-0.0373281044252735,164.45146782182516,167.2856049135768,23.92917162839113,3.815522563662303,5.6199951171875,-0.03732810442527357
584,155.91000366210938,159.7899932861328,155.3800048828125,156.57000732421875,154.80099487304688,88063200,156.8000030517578,162.8800048828125,161.7899932861328,165.07000732421875,167.66000366210938,163.98499908447266,166.31780059814454,-0.0014668094583081,163.01847500407854,166.86538540026865,26.17113208203537,4.531361800959851,4.4099884033203125,-0.001466809458308127
585,159.25,164.52000427246094,158.92999267578125,163.63999938964844,161.7910919189453,130216800,156.57000732421875,156.8000030517578,162.8800048828125,167.39999389648438,170.39999389648438,163.30899963378906,166.13480072021486,0.0451554687021853,163.1314794378185,166.738899674362,39.040733681581315,3.9327156537441237,5.5900115966796875,0.04515546870218534
586,161.83999633789062,166.1999969482422,157.25,157.64999389648438,155.86875915527344,131747600,163.63999938964844,156.57000732421875,156.8000030517578,167.22999572753906,165.2899932861328,162.5449996948242,165.83680053710938,-0.0366047758219618,162.13484570303046,166.38247199679816,35.440062063881214,4.2355548335972735,8.949996948242188,-0.036604775821961866
587,156.7100067138672,158.22999572753906,153.27000427246094,157.9600067138672,156.17529296875,123055300,157.64999389648438,163.63999938964844,156.57000732421875,166.4199981689453,165.07000732421875,161.83399963378906,165.61840057373047,0.0019664626031408,161.37578406863713,166.0521792406048,39.93280451429984,4.359543923326224,4.959991455078125,0.0019664626031408172
588,158.14999389648438,160.7100067138672,156.32000732421875,159.47999572753906,157.6781005859375,88966500,157.9600067138672,157.64999389648438,163.63999938964844,161.7899932861328,167.39999389648438,161.04199981689453,165.4620004272461,0.0096226193281012,161.03109527934657,165.79444655381792,39.32113080855304,3.934731589509806,4.3899993896484375,0.009622619328101267
589,159.6699981689453,166.47999572753906,159.25999450683594,166.02000427246094,164.1442108154297,108256500,159.47999572753906,157.9600067138672,157.64999389648438,162.8800048828125,167.22999572753906,160.9210006713867,165.49600036621095,0.0410083315784322,161.93816964173098,165.80329195454902,44.79811095425443,3.7369304273654547,7.220001220703125,0.0410083315784322
590,163.85000610351562,164.0800018310547,154.9499969482422,156.77000427246094,154.99871826171875,130525300,166.02000427246094,159.47999572753906,157.9600067138672,156.8000030517578,166.4199981689453,159.95600128173828,165.43000030517578,-0.0557161773398072,160.9985032109546,165.44904537878088,40.787207165824526,3.3888936342158638,9.1300048828125,-0.05571617733980727
591,156.00999450683594,159.44000244140625,154.17999267578125,157.27999877929688,155.73143005371094,116124600,156.77000427246094,166.02000427246094,159.47999572753906,156.57000732421875,161.7899932861328,159.5050018310547,165.32080017089845,0.0032531383104996,160.32241149610775,165.12869061017366,41.62904712089959,3.4176804715736817,5.260009765625,0.0032531383104996703
592,154.92999267578125,155.8300018310547,151.49000549316406,152.05999755859375,150.56283569335938,131577900,157.27999877929688,156.77000427246094,166.02000427246094,163.63999938964844,162.8800048828125,158.42300109863282,165.065,-0.0331892247025515,158.82015441655975,164.61619284344505,34.479975546423205,3.9080407910410946,4.339996337890625,-0.03318922470255159
593,155.52000427246094,156.74000549316406,152.92999267578125,154.50999450683594,152.98870849609375,115366700,152.05999755859375,157.27999877929688,156.77000427246094,157.64999389648438,156.8000030517578,158.19400024414062,164.85279998779296,0.016112041217797,158.0364889784281,164.21987134004863,37.69826091165488,4.077146734253104,3.8100128173828125,0.01611204121779708
594,153.5,155.4499969482422,145.80999755859375,146.5,145.05755615234375,142689800,154.50999450683594,152.05999755859375,157.27999877929688,157.9600067138672,156.57000732421875,157.18699951171874,164.51880004882813,-0.051841271060828,155.9389455278048,163.5249744247526,33.08998720489856,5.513417103240167,9.639999389648438,-0.05184127106082803
595,142.77000427246094,146.1999969482422,138.8000030517578,142.55999755859375,141.1563720703125,182602000,146.5,154.50999450683594,152.05999755859375,159.47999572753906,163.63999938964844,155.0789993286133,164.03880004882814,-0.0268942146171075,153.5064095334028,162.70281846921696,33.48222512491313,6.6787494203727915,7.399993896484375,-0.026894214617107504
596,144.58999633789062,148.10000610351562,143.11000061035156,147.11000061035156,145.6615753173828,113990900,142.55999755859375,146.5,154.50999450683594,166.02000427246094,157.64999389648438,154.025,163.65640014648437,0.0319164080364668,152.34342609284803,162.0913354159281,37.214200793991495,7.0493264141385445,4.9900054931640625,0.03191640803646689
597,145.5500030517578,147.52000427246094,144.17999267578125,145.5399932861328,144.1070098876953,86643800,147.11000061035156,142.55999755859375,146.5,156.77000427246094,157.9600067138672,152.78299865722656,163.30380004882812,-0.0106723357875391,151.10643830980888,161.44226317554399,40.15044695221992,7.366006107483343,3.3400115966796875,-0.010672335787539122
598,148.86000061035156,149.77000427246094,146.67999267578125,149.24000549316406,147.77061462402344,78336300,145.5399932861328,147.11000061035156,142.55999755859375,157.27999877929688,159.47999572753906,151.75899963378907,163.10260009765625,0.0254226492903362,150.76708688860072,160.96374326643104,43.95513821871125,7.035937152932618,3.0900115966796875,0.02542264929033622
599,146.85000610351562,147.36000061035156,139.89999389648438,140.82000732421875,139.43350219726562,109742900,149.24000549316406,145.5399932861328,147.11000061035156,152.05999755859375,166.02000427246094,149.23899993896484,162.7702001953125,-0.0564191762196831,148.958526967804,160.17379283732467,31.590849949642077,5.757324025444669,7.4600067138671875,-0.056419176219683176
600,139.8800048828125,141.66000366210938,136.60000610351562,137.35000610351562,135.99765014648438,136095600,140.82000732421875,149.24000549316406,145.5399932861328,154.50999450683594,156.77000427246094,147.2970001220703,162.25820037841797,-0.0246413935536441,146.84788681066064,159.2787423771753,32.92971721209247,6.193540852871653,5.05999755859375,-0.024641393553644142
601,139.08999633789062,140.6999969482422,132.61000061035156,137.58999633789062,136.23529052734375,137426100,137.35000610351562,140.82000732421875,149.24000549316406,146.5,157.27999877929688,145.3279998779297,161.83960021972655,0.0017472895792529,145.16463399742972,158.4282033168112,32.85063934558062,5.783458935498385,8.089996337890625,0.0017472895792529641
602,137.7899932861328,143.25999450683594,137.64999389648438,143.11000061035156,141.70094299316406,117726300,137.58999633789062,137.35000610351562,140.82000732421875,142.55999755859375,152.05999755859375,144.43300018310546,161.60720031738282,0.0401192268288532,144.7910642906882,157.82748948518534,37.08787558421001,5.298061057998595,5.6100006103515625,0.04011922682885327
603,140.80999755859375,141.97000122070312,137.3300018310547,140.36000061035156,138.97802734375,104132700,143.11000061035156,137.58999633789062,137.35000610351562,147.11000061035156,154.50999450683594,143.01800079345702,161.4020004272461,-0.0192159876198133,143.9854163488088,157.1424899214664,28.47315349469757,4.050326968428991,4.6399993896484375,-0.019215987619813357
604,138.42999267578125,141.7899932861328,138.33999633789062,140.52000427246094,139.13644409179688,92482700,140.36000061035156,143.11000061035156,137.58999633789062,145.5399932861328,146.5,142.4200012207031,161.1106005859375,0.0011399519906925,143.35534142583646,156.49062773915244,33.91407953056954,3.9184176258487455,3.4499969482421875,0.0011399519906925004
605,137.38999938964844,144.33999633789062,137.13999938964844,143.77999877929688,142.36434936523438,90601500,140.52000427246094,140.36000061035156,143.11000061035156,149.24000549316406,142.55999755859375,142.54200134277343,160.79440063476562,0.0231995047517574,143.43255185373835,155.99217170151107,37.326326018894996,3.9421810700559075,7.1999969482421875,0.02319950475175747
606,145.38999938964844,149.67999267578125,145.25999450683594,149.63999938964844,148.16664123535156,90978500,143.77999877929688,140.52000427246094,140.36000061035156,140.82000732421875,147.11000061035156,142.7950012207031,160.57480072021485,0.0407567162338531,144.56117867844927,155.74306690496743,47.75510412069332,4.3300242991938696,4.4199981689453125,0.04075671623385313
607,149.07000732421875,150.66000366210938,146.83999633789062,148.83999633789062,147.37454223632812,103718400,149.63999938964844,143.77999877929688,140.52000427246094,137.35000610351562,145.5399932861328,143.1250015258789,160.27200073242187,-0.0053461845430423,145.3391455256204,155.47235825527815,44.57416601616058,4.6745169256996,3.82000732421875,-0.005346184543042365
608,149.89999389648438,151.74000549316406,147.67999267578125,148.7100067138672,147.2458038330078,74286600,148.83999633789062,149.63999938964844,143.77999877929688,137.58999633789062,149.24000549316406,143.0720016479492,159.93860076904298,-0.0008733514325567,145.9520293780289,155.20716799875225,52.49042843932235,4.599890046478239,4.0600128173828125,-0.0008733514325567349
609,147.8300018310547,151.27000427246094,146.86000061035156,151.2100067138672,149.72117614746094,72348100,148.7100067138672,148.83999633789062,149.63999938964844,143.11000061035156,140.82000732421875,144.11100158691406,159.58640075683593,0.0168112426005753,146.90802525727221,155.0504165758156,60.07454874974276,5.172484200548319,4.410003662109375,0.016811242600575316
610,146.89999389648438,147.97000122070312,144.4600067138672,145.3800048828125,143.94859313964844,88570300,151.2100067138672,148.7100067138672,148.83999633789062,140.36000061035156,137.35000610351562,144.91400146484375,159.08980072021484,-0.038555661478719,146.63020337100681,154.67118474471744,48.04343421757905,4.597614800007179,3.5099945068359375,-0.03855566147871903
611,147.02999877929688,148.57000732421875,144.89999389648438,146.13999938964844,144.70111083984375,71598400,145.3800048828125,151.2100067138672,148.7100067138672,140.52000427246094,137.58999633789062,145.76900177001954,158.53120056152343,0.0052276412251364,146.5410753743962,154.33662845628336,50.691251368544805,3.8121781647282718,3.670013427734375,0.005227641225136415
612,144.35000610351562,149.0,144.10000610351562,148.7100067138672,147.2458038330078,67808200,146.13999938964844,145.3800048828125,151.2100067138672,143.77999877929688,143.11000061035156,146.3290023803711,158.0110006713867,0.0175859267479974,146.9354265270273,154.11597662324746,49.37307911397203,3.7894229597856035,4.899993896484375,0.017585926747997416
613,148.5800018310547,149.8699951171875,147.4600067138672,147.9600067138672,146.50320434570312,53950200,148.7100067138672,146.13999938964844,145.3800048828125,149.63999938964844,140.36000061035156,147.08900299072266,157.45820068359376,-0.0050433727801726,147.12171383372544,153.8745660385659,60.317920923289286,3.1709220713186825,2.4099884033203125,-0.005043372780172639
614,147.0800018310547,147.9499969482422,142.52999877929688,142.63999938964844,141.23558044433594,69473000,147.9600067138672,148.7100067138672,146.13999938964844,148.83999633789062,140.52000427246094,147.3010025024414,156.73180053710936,-0.0359557115626985,146.30685666207506,153.4339947974319,57.25650717288733,2.722032981952576,5.4199981689453125,-0.0359557115626985
615,140.27999877929688,140.75999450683594,137.05999755859375,137.1300048828125,135.7798309326172,91437900,142.63999938964844,147.9600067138672,148.7100067138672,148.7100067138672,143.77999877929688,146.63600311279296,155.9190005493164,-0.0386286773023907,144.6383381567546,152.79462264391742,49.448715913687636,4.1273431792177435,3.6999969482421875,-0.038628677302390724
616,132.8699951171875,135.1999969482422,131.44000244140625,131.8800048828125,130.58152770996094,122207100,137.1300048828125,142.63999938964844,147.9600067138672,151.2100067138672,149.63999938964844,144.86000366210936,155.06440063476563,-0.0382848378404602,142.31864119785604,151.97444155524664,36.45356266061763,6.059780020896219,3.7599945068359375,-0.03828483784046022
617,133.1300048828125,133.88999938964844,131.47999572753906,132.75999450683594,131.45285034179688,84784300,131.8800048828125,137.1300048828125,142.63999938964844,145.3800048828125,148.83999633789062,143.25200347900392,154.23340057373048,0.0066726538629218,140.58070543585237,151.220933827858,40.399180543379615,6.953828993876129,2.410003662109375,0.006672653862921818
618,134.2899932861328,137.33999633789062,132.16000366210938,135.42999267578125,134.0965576171875,91533000,132.75999450683594,131.8800048828125,137.1300048828125,146.13999938964844,148.7100067138672,141.92400207519532,153.37320037841798,0.0201114664011818,139.6442122067485,150.60168123365892,43.953416625308286,7.062890622380889,5.17999267578125,0.020111466401181888
619,132.0800018310547,132.38999938964844,129.0399932861328,130.05999755859375,128.77943420410156,108123900,135.42999267578125,132.75999450683594,131.8800048828125,148.7100067138672,151.2100067138672,139.80900115966796,152.47320037841797,-0.0396514465598712,137.90162772526583,149.79612501110734,34.479630198606,7.139500821230491,3.350006103515625,-0.039651446559871295
620,130.07000732421875,133.0800018310547,129.80999755859375,131.55999755859375,130.26466369628906,134520300,130.05999755859375,135.42999267578125,132.75999450683594,147.9600067138672,145.3800048828125,138.4270004272461,151.66780029296876,0.0115331387679307,136.74860405859818,149.0809827580676,27.309223873428593,7.277537476297805,3.2700042724609375,0.011533138767930717
621,133.4199981689453,137.05999755859375,133.32000732421875,135.8699951171875,134.5322265625,81000500,131.55999755859375,130.05999755859375,135.42999267578125,142.63999938964844,146.13999938964844,137.4,150.94240020751954,0.0327606995939184,136.58885697834168,148.56290481136642,35.04035925580715,6.775475299902448,3.739990234375,0.032760699593918474
622,134.7899932861328,137.75999450683594,133.91000366210938,135.35000610351562,134.01736450195312,73409200,135.8699951171875,131.55999755859375,130.05999755859375,137.1300048828125,148.7100067138672,136.06399993896486,150.24760040283203,-0.0038271070314191,136.36361136473693,148.04475192086247,34.727928379235905,5.49343902945798,3.8499908447265625,-0.003827107031419197
623,136.82000732421875,138.58999633789062,135.6300048828125,138.27000427246094,136.90859985351562,72433800,135.35000610351562,135.8699951171875,131.55999755859375,131.8800048828125,147.9600067138672,135.09499969482422,149.69800048828125,0.0215736833193203,136.71022825705037,147.66142848367028,35.348720209753196,3.735158996062428,2.959991455078125,0.021573683319320303
624,139.89999389648438,141.91000366210938,139.77000427246094,141.66000366210938,140.2652130126953,89116800,138.27000427246094,135.35000610351562,135.8699951171875,132.75999450683594,142.63999938964844,134.99700012207032,149.17800048828124,0.0245172436891549,137.61018742160655,147.4260784906679,45.54170202182755,3.5219775389808197,2.1399993896484375,0.024517243689154977
625,142.6999969482422,143.49000549316406,140.97000122070312,141.66000366210938,140.2652130126953,70207900,141.66000366210938,138.27000427246094,135.35000610351562,135.42999267578125,137.1300048828125,135.45,148.60320068359374,0.0,138.34651764715252,147.19995790915578,44.53125203726932,4.0747562986016606,2.5200042724609375,0.0
626,142.1300048828125,143.4199981689453,137.32000732421875,137.44000244140625,136.08676147460938,67083400,141.66000366210938,141.66000366210938,138.27000427246094,130.05999755859375,131.8800048828125,136.00599975585936,148.04620086669922,-0.0297896450064251,138.1816967006532,146.81721455747933,36.77539053897117,3.9094847249540723,6.0999908447265625,-0.029789645006425114
627,137.4600067138672,140.6699981689453,136.6699981689453,139.22999572753906,137.85911560058594,66242400,137.44000244140625,141.66000366210938,141.66000366210938,131.55999755859375,132.75999450683594,136.6529998779297,147.52940063476564,0.0130238158784661,138.37229652372332,146.51967656414837,39.999979025701904,3.8474832423426215,4.0,0.013023815878466127
628,137.25,138.3699951171875,133.77000427246094,136.72000122070312,135.3738555908203,98964500,139.22999572753906,137.44000244140625,141.66000366210938,135.8699951171875,135.42999267578125,136.78200073242186,146.91580078125,-0.0180276850093982,138.07187919590146,146.13537557028775,42.752197189823825,3.823472477267427,4.5999908447265625,-0.01802768500939822
629,136.0399932861328,139.0399932861328,135.66000366210938,138.92999267578125,137.56210327148438,71051600,136.72000122070312,139.22999572753906,137.44000244140625,135.35000610351562,130.05999755859375,137.66900024414062,146.34980072021483,0.0161643609958033,138.22789982860687,145.85281153520907,52.39742982125974,3.039212936155844,3.3799896240234375,0.016164360995803317
630,137.77000427246094,141.61000061035156,136.92999267578125,141.55999755859375,140.1661834716797,73353800,138.92999267578125,136.72000122070312,139.22999572753906,138.27000427246094,131.55999755859375,138.66900024414062,145.8526007080078,0.0189304327464416,138.83373577951357,145.6844658890673,63.860260413525985,2.379338930849994,4.6800079345703125,0.018930432746441683
631,141.35000610351562,144.1199951171875,141.0800018310547,142.9199981689453,141.5128173828125,74064300,141.55999755859375,138.92999267578125,136.72000122070312,141.66000366210938,135.8699951171875,139.3740005493164,145.47520080566406,0.0096072381591321,139.57669257759207,145.576055390239,64.35030250365091,2.499279520264524,3.0399932861328125,0.009607238159132114
632,143.2899932861328,146.5500030517578,143.27999877929688,146.35000610351562,144.9090576171875,66253700,142.9199981689453,141.55999755859375,138.92999267578125,141.66000366210938,135.35000610351562,140.4740005493164,145.14460083007813,0.0239994960713314,140.80820412775998,145.6064063986028,65.09958730346278,2.9171848163768157,3.2700042724609375,0.02399949607133145
633,145.25999450683594,147.5500030517578,145.0,147.0399932861328,145.59225463867188,64547800,146.35000610351562,142.9199981689453,141.55999755859375,137.44000244140625,138.27000427246094,141.3509994506836,144.94940063476562,0.0047146371974124,141.94125670200958,145.66262549223143,76.96952746657774,3.4504926472353454,2.5500030517578125,0.004714637197412497
634,145.6699981689453,146.63999938964844,143.77999877929688,144.8699951171875,143.44361877441406,63141600,147.0399932861328,146.35000610351562,142.9199981689453,139.22999572753906,141.66000366210938,141.6719985961914,144.715400390625,-0.0147578772308741,142.4737545956783,145.63154194811204,70.6998642606954,3.627220208394214,2.8600006103515625,-0.014757877230874183
635,145.75999450683594,148.4499969482422,145.0500030517578,145.86000061035156,144.42385864257812,77588800,144.8699951171875,147.0399932861328,146.35000610351562,136.72000122070312,141.66000366210938,142.0919982910156,144.35980041503908,0.0068337511322702,143.08943568925523,145.64050111133713,67.32572915966489,3.861285875590146,3.399993896484375,0.006833751132270249
636,142.99000549316406,146.4499969482422,142.1199951171875,145.49000549316406,144.05752563476562,71185600,145.86000061035156,144.8699951171875,147.0399932861328,138.92999267578125,137.44000244140625,142.8969985961914,144.11660064697264,-0.0025366455206311,143.52590292632954,145.6345993223892,67.67783712347125,3.6149518233307103,4.3300018310546875,-0.0025366455206311533
637,144.0800018310547,148.9499969482422,143.25,148.47000122070312,147.0081787109375,78140700,145.49000549316406,145.86000061035156,144.8699951171875,141.55999755859375,139.22999572753906,143.8209991455078,143.9268005371094,0.0204824772494705,144.4248298889429,145.74579155369562,67.74531285588608,3.7518079823488457,5.6999969482421875,0.0204824772494705
638,149.77999877929688,150.86000061035156,148.1999969482422,150.1699981689453,148.69143676757812,76259900,148.47000122070312,145.49000549316406,145.86000061035156,142.9199981689453,136.72000122070312,145.16599884033204,143.7406005859375,0.0114501039554455,145.46940593985244,145.91928985233287,65.73013520823898,3.3079020459179356,2.660003662109375,0.011450103955445545
639,150.74000549316406,151.57000732421875,146.6999969482422,147.07000732421875,145.6219482421875,81420900,150.1699981689453,148.47000122070312,145.49000549316406,146.35000610351562,138.92999267578125,145.9800003051758,143.36160064697265,-0.0206432102452247,145.76042437337358,145.96441602770093,58.97182459912101,2.5075759672375075,4.8700103759765625,-0.020643210245224752
640,147.9199981689453,151.22999572753906,146.91000366210938,151.0,149.5132598876953,82982400,147.07000732421875,150.1699981689453,148.47000122070312,147.0399932861328,141.55999755859375,146.92400054931642,143.24620056152344,0.0267219179986677,146.71307448730565,146.16188990896757,72.70599140886974,2.434566882083997,4.3199920654296875,0.026721917998667744
641,151.1199951171875,153.72000122070312,150.3699951171875,153.0399932861328,151.53317260742188,64823400,151.0,147.07000732421875,150.1699981689453,144.8699951171875,142.9199981689453,147.93600006103514,143.16140045166014,0.0135098893121379,147.86342335981965,146.43161945317013,72.93261088357187,2.676563823421439,3.350006103515625,0.013509889312137924
642,154.5,155.57000732421875,151.94000244140625,155.35000610351562,153.8204345703125,65086600,153.0399932861328,151.0,147.07000732421875,145.86000061035156,146.35000610351562,148.83600006103515,143.2272006225586,0.0150941774615991,149.22462022230982,146.78136010612485,81.14346641634953,3.477356177587846,3.6300048828125,0.015094177461599134
643,155.38999938964844,156.27999877929688,153.41000366210938,154.08999633789062,152.57284545898438,66675400,155.35000610351562,153.0399932861328,151.0,145.49000549316406,147.0399932861328,149.54100036621094,143.2188006591797,-0.0081107802775715,150.10923406150633,147.0679732916843,76.17404719477408,3.774720535807253,2.8699951171875,-0.008110780277571505
644,154.00999450683594,155.0399932861328,152.27999877929688,152.9499969482422,151.44406127929688,53623900,154.08999633789062,155.35000610351562,153.0399932861328,148.47000122070312,144.8699951171875,150.3490005493164,143.34780059814454,-0.0073982699509488,150.6257364045492,147.29864088605913,70.73171680072967,3.519958345901091,2.7599945068359375,-0.0073982699509488326
645,152.25999450683594,153.08999633789062,150.8000030517578,151.60000610351562,150.10736083984375,55138700,152.9499969482422,154.08999633789062,155.35000610351562,150.1699981689453,145.86000061035156,150.92300109863282,143.52860076904298,-0.0088263541788981,150.80287634981582,147.467321874979,65.80483513992144,3.1557722941083823,2.2899932861328125,-0.0088263541788981
646,152.5800018310547,157.3300018310547,152.16000366210938,156.7899932861328,155.24623107910156,78620700,151.60000610351562,152.9499969482422,154.08999633789062,147.07000732421875,145.49000549316406,152.0529998779297,143.7222006225586,0.0342347425703488,151.8914430655098,147.83291683227915,67.86448169386394,3.014138399413421,5.1699981689453125,0.034234742570348864
647,156.97999572753906,157.63999938964844,154.41000366210938,157.35000610351562,155.8007354736328,81378700,156.7899932861328,151.60000610351562,152.9499969482422,151.0,148.47000122070312,152.94100036621094,143.95840087890625,0.0035717382573059,152.88390907241995,148.20613601938646,67.72089983377404,3.1464304205398865,3.2299957275390625,0.0035717382573059453
648,161.24000549316406,163.6300048828125,159.5,162.50999450683594,160.9099578857422,101786900,157.35000610351562,156.7899932861328,151.60000610351562,153.0399932861328,150.1699981689453,154.175,144.2238006591797,0.0327930613483784,154.63410642413194,148.76707164634527,77.4937892201886,4.186749790122623,4.1300048828125,0.03279306134837845
649,161.00999450683594,163.58999633789062,160.88999938964844,161.50999450683594,159.91978454589844,67829400,162.50999450683594,157.35000610351562,156.7899932861328,155.35000610351562,147.07000732421875,155.6189987182617,144.63760040283202,-0.0061534676869239,155.88426789371448,149.26679411146256,74.38455993396252,3.9472883062624358,2.6999969482421875,-0.00615346768692393
650,160.10000610351562,162.41000366210938,159.6300048828125,160.00999450683594,158.43455505371094,59907000,161.50999450683594,162.50999450683594,157.35000610351562,154.08999633789062,151.0,156.5199981689453,145.09080017089843,-0.0092873509443188,156.63440000519108,149.68809608775172,71.85430737346493,3.801424579599486,2.779998779296875,-0.009287350944318873
651,160.83999633789062,166.58999633789062,160.75,166.1300048828125,164.4943084716797,82507500,160.00999450683594,161.50999450683594,162.50999450683594,152.9499969482422,153.0399932861328,157.8289993286133,145.66160034179688,0.038247675683253,158.36087361930404,150.33287682481293,74.28494331248469,4.632786708828565,5.839996337890625,0.038247675683253046
652,166.00999450683594,167.19000244140625,164.42999267578125,165.80999755859375,164.17745971679688,55474100,166.1300048828125,160.00999450683594,161.50999450683594,151.60000610351562,155.35000610351562,158.8749984741211,146.11560028076173,-0.0019262464022948,159.715259790084,150.9398227359416,72.3556336476842,5.161547974292609,2.760009765625,-0.0019262464022948844
653,163.2100067138672,165.85000610351562,163.0,165.35000610351562,163.94940185546875,56697000,165.80999755859375,166.1300048828125,160.00999450683594,156.7899932861328,154.08999633789062,160.0009994506836,146.615400390625,-0.002774208201261,160.7397591197988,151.50492796604254,78.26221528955372,5.2294560348418635,2.850006103515625,-0.0027742082012610636
654,166.3699951171875,167.80999755859375,164.1999969482422,164.8699951171875,163.47344970703125,60276900,165.35000610351562,165.80999755859375,166.1300048828125,157.35000610351562,152.9499969482422,161.19299926757813,147.10240020751954,-0.002902999507769,161.49071111932403,152.0290482464796,74.00482534531642,4.783150294515535,3.6100006103515625,-0.0029029995077690662
655,164.02000427246094,165.82000732421875,163.25,164.9199981689453,163.5230255126953,63135500,164.8699951171875,165.35000610351562,165.80999755859375,162.50999450683594,151.60000610351562,162.5249984741211,147.5252001953125,0.0003032877615012,162.1142178556188,152.53457569441943,72.08177342136909,3.496498641689589,2.57000732421875,0.0003032877615012364
656,167.67999267578125,169.33999633789062,166.89999389648438,169.24000549316406,167.80645751953125,70170500,164.9199981689453,164.8699951171875,165.35000610351562,161.50999450683594,156.7899932861328,163.7699996948242,147.91720031738282,0.0261945632560176,163.40981560789973,153.18969058848785,74.02281269281296,3.4436782519413263,2.44000244140625,0.026194563256017656
657,170.05999755859375,170.99000549316406,168.19000244140625,168.49000549316406,167.0627899169922,57149200,169.24000549316406,164.9199981689453,164.8699951171875,160.00999450683594,157.35000610351562,164.88399963378907,148.3102005004883,-0.0044315763156265,164.3334864961296,153.78970293769083,75.35212062176322,2.8941023845402385,2.8000030517578125,-0.0044315763156265175
658,169.82000732421875,172.1699981689453,169.39999389648438,172.10000610351562,170.64222717285156,68039400,168.49000549316406,169.24000549316406,164.9199981689453,166.1300048828125,162.50999450683594,165.84300079345704,148.77800048828124,0.0214256068173612,165.7455809701998,154.50775404223296,81.01717317558179,3.537426470310723,2.7700042724609375,0.021425606817361276
659,171.52000427246094,173.38999938964844,171.35000610351562,173.19000244140625,171.72296142578125,54091700,172.10000610351562,168.49000549316406,169.24000549316406,165.80999755859375,161.50999450683594,167.01100158691406,149.21760040283203,0.0063335055155955,167.0991121467828,155.24039123435742,85.26622859359001,3.8612275753183756,2.0399932861328125,0.006333505515595528
660,172.77999877929688,173.7100067138672,171.66000366210938,173.02999877929688,171.56434631347656,56377100,173.19000244140625,172.10000610351562,168.49000549316406,165.35000610351562,160.00999450683594,168.31300201416016,149.77060028076173,-0.0009238620004263,168.17745517087624,155.9380229027864,81.74352024232692,3.4065929776227195,2.0500030517578125,-0.0009238620004263787
661,172.77000427246094,176.14999389648438,172.57000732421875,174.5500030517578,173.07144165039062,79542000,173.02999877929688,173.19000244140625,172.10000610351562,164.8699951171875,166.1300048828125,169.15500183105468,150.3388003540039,0.0087846285799246,169.33610024012742,156.66790447725586,82.40388380103339,3.822287709208615,3.579986572265625,0.00878462857992468
662,173.75,174.89999389648438,173.1199951171875,174.14999389648438,172.67486572265625,62290100,174.5500030517578,173.02999877929688,173.19000244140625,164.9199981689453,165.80999755859375,169.98900146484374,150.84760009765623,-0.0022916594000563,170.2113536321923,157.35347661134327,76.72170701923878,3.919953064444319,1.779998779296875,-0.0022916594000563784
663,173.02999877929688,173.74000549316406,171.30999755859375,171.52000427246094,170.067138671875,70346300,174.14999389648438,174.5500030517578,173.02999877929688,169.24000549316406,165.35000610351562,170.6060012817383,151.31880004882814,-0.0151018645776509,170.44929011224113,157.9090267157008,71.3797418850215,3.579433414833516,2.4300079345703125,-0.015101864577650947
664,169.69000244140625,169.86000061035156,167.13999938964844,167.57000732421875,166.15057373046875,69026800,171.52000427246094,174.14999389648438,174.5500030517578,168.49000549316406,164.8699951171875,170.8760025024414,151.81740020751954,-0.0230293659622791,169.9257841507825,158.2878887003486,64.61717656097048,3.178007379537558,2.720001220703125,-0.023029365962279114
665,167.0800018310547,168.7100067138672,166.64999389648438,167.22999572753906,165.8134765625,54147100,167.57000732421875,171.52000427246094,174.14999389648438,172.10000610351562,164.9199981689453,171.10700225830078,152.41940002441407,-0.0020290719210975,169.43564080110187,158.63855956416,52.73901661518354,2.7524402718212917,2.0600128173828125,-0.0020290719210975805
666,167.32000732421875,168.11000061035156,166.25,167.52999877929688,166.11093139648438,53841500,167.22999572753906,167.57000732421875,171.52000427246094,173.19000244140625,169.24000549316406,170.93600158691407,153.13239990234376,0.0017939547893464,169.08916043350095,158.9872434549497,54.2871356265603,2.9287883676269537,1.8600006103515625,0.001793954789346408
667,168.77999877929688,170.13999938964844,168.35000610351562,170.02999877929688,168.58973693847656,51218200,167.52999877929688,167.22999572753906,167.57000732421875,173.02999877929688,168.49000549316406,171.09000091552736,153.87779998779297,0.0149227005206005,169.26022195091838,159.42029268335546,60.58820117816989,2.824515651414272,1.7899932861328125,0.014922700520600518
668,170.57000732421875,171.0500030517578,163.55999755859375,163.6199951171875,162.23403930664062,78961000,170.02999877929688,167.52999877929688,167.22999572753906,174.5500030517578,172.10000610351562,170.24199981689452,154.44160003662108,-0.0376992513564016,168.2347261629673,159.5849868964469,47.770248495353236,3.642203476840921,7.4900054931640625,-0.03769925135640162
669,161.14999389648438,162.89999389648438,159.82000732421875,161.3800048828125,160.01303100585938,73314000,163.6199951171875,170.02999877929688,167.52999877929688,174.14999389648438,173.19000244140625,169.06100006103514,155.06800018310548,-0.0136901986384407,166.98841320293914,159.65537975865732,44.14296598988436,4.413205511801905,3.079986572265625,-0.013690198638440787
670,162.1300048828125,162.55999755859375,157.72000122070312,158.91000366210938,157.56394958496094,77906200,161.3800048828125,163.6199951171875,170.02999877929688,171.52000427246094,173.02999877929688,167.6490005493164,155.61500030517578,-0.0153054972485391,165.5196114682428,159.62614932349857,31.794152180145076,5.192299820772024,4.839996337890625,-0.015305497248539135
671,160.30999755859375,160.5800018310547,157.13999938964844,157.22000122070312,155.8882598876953,87991100,158.91000366210938,161.3800048828125,163.6199951171875,167.57000732421875,174.5500030517578,165.91600036621094,156.04200042724608,-0.0106349657193369,164.01059142323558,159.53179057436932,30.774480818757837,5.515101409062582,3.44000244140625,-0.010634965719336975
672,156.63999938964844,158.4199981689453,154.6699981689453,157.9600067138672,156.6219940185547,74229900,157.22000122070312,158.91000366210938,161.3800048828125,167.22999572753906,174.14999389648438,164.29700164794923,156.49420043945312,0.0047068152106501,162.9104851124413,159.47015199160452,23.26023085539768,5.1965235068203635,3.75,0.004706815210650195
673,159.75,160.36000061035156,154.97000122070312,155.80999755859375,154.49021911621094,76957800,157.9600067138672,157.22000122070312,158.91000366210938,167.52999877929688,171.52000427246094,162.7260009765625,156.84500030517577,-0.0136110981507364,161.61948737537813,159.32661652364334,18.40002618960162,5.1447033109197875,5.3899993896484375,-0.013611098150736467
674,156.47000122070312,157.08999633789062,153.69000244140625,154.52999877929688,153.22103881835938,73714800,155.80999755859375,157.9600067138672,157.22000122070312,170.02999877929688,167.57000732421875,161.4220001220703,157.10240020751954,-0.0082151261109898,160.3304894488179,159.1385138670023,17.67997304389644,5.42543005620341,3.399993896484375,-0.008215126110989845
675,154.82000732421875,156.6699981689453,153.61000061035156,155.9600067138672,154.63893127441406,87449600,154.52999877929688,155.80999755859375,157.9600067138672,163.6199951171875,167.22999572753906,160.2950012207031,157.38840026855468,0.0092539179826998,159.5358562242814,159.01386652766368,17.42029924952294,5.252691537087225,3.05999755859375,0.00925391798269981
676,154.63999938964844,156.36000061035156,152.67999267578125,154.4600067138672,153.1516571044922,84923800,155.9600067138672,154.52999877929688,155.80999755859375,161.3800048828125,167.52999877929688,158.98800201416014,157.7288003540039,-0.0096178503169211,158.61297449511517,158.83528378986776,16.7735845461479,4.864113684446871,3.6800079345703125,-0.009617850316921195
677,155.47000122070312,157.82000732421875,154.75,157.3699951171875,156.03700256347656,68028800,154.4600067138672,155.9600067138672,154.52999877929688,158.91000366210938,170.02999877929688,157.7220016479492,158.09160034179686,0.0188397531842077,158.38697824458285,158.77782148897833,26.345703436872995,2.936382920494005,3.07000732421875,0.01883975318420772
678,159.58999633789062,164.25999450683594,159.3000030517578,163.42999267578125,162.045654296875,104956000,157.3699951171875,154.4600067138672,155.9600067138672,157.22000122070312,163.6199951171875,157.7030014038086,158.62580017089843,0.0385079605173852,159.30388995934618,158.96025957473532,43.53527151287798,2.8942918231846115,4.959991455078125,0.038507960517385253
679,159.89999389648438,160.5399932861328,153.3699951171875,153.83999633789062,152.53689575195312,122656600,163.42999267578125,157.3699951171875,154.4600067138672,157.9600067138672,161.3800048828125,156.9490005493164,158.9240002441406,-0.0586795372188239,158.31045475544516,158.7594649379963,33.77756481287372,2.8108837496958596,7.1699981689453125,-0.05867953721882391
680,154.7899932861328,157.10000610351562,153.61000061035156,155.30999755859375,153.99444580078125,87965400,153.83999633789062,163.42999267578125,157.3699951171875,155.80999755859375,158.91000366210938,156.58899993896483,159.19900024414062,0.009555390377639,157.76491708329036,158.62419170743152,35.60320391407332,2.7619316969875514,3.4900054931640625,0.009555390377639084
681,154.64999389648438,155.24000549316406,151.3800048828125,152.3699951171875,151.07933044433594,90481100,155.30999755859375,153.83999633789062,163.42999267578125,154.52999877929688,157.22000122070312,156.10399932861327,159.38800018310548,-0.0189298981882803,156.78402218036257,158.3789290960494,29.407647328431153,3.0496627033463635,3.8600006103515625,-0.018929898188280392
682,151.2100067138672,151.35000610351562,148.3699951171875,150.6999969482422,149.42347717285156,162278800,152.3699951171875,155.30999755859375,153.83999633789062,155.9600067138672,157.9600067138672,155.37799835205078,159.475,-0.0109601510957647,155.6778357745225,158.07779450201775,33.06240380741599,3.402477652320862,2.980010986328125,-0.010960151095764759
683,149.30999755859375,154.55999755859375,149.10000610351562,154.47999572753906,153.1714630126953,81474200,150.6999969482422,152.3699951171875,155.30999755859375,154.4600067138672,155.80999755859375,155.2449981689453,159.62380004882812,0.0250829386585529,155.46004667507094,157.936704353999,41.305433750604216,3.4097015588367285,5.459991455078125,0.025082938658552933
684,153.39999389648438,158.0800018310547,153.0800018310547,156.89999389648438,155.57093811035156,107689800,154.47999572753906,150.6999969482422,152.3699951171875,157.3699951171875,154.52999877929688,155.48199768066405,159.86440002441407,0.0156654468919945,155.72185526078246,157.8960490419396,47.4640303835835,3.436740728727112,5.0,0.01566544689199456
685,157.33999633789062,158.74000549316406,153.60000610351562,153.72000122070312,152.41790771484375,101696800,156.89999389648438,154.47999572753906,150.6999969482422,163.42999267578125,155.9600067138672,155.25799713134765,160.0216000366211,-0.0202676405320911,155.35788179894985,157.73228246071463,45.744162918763266,3.4749109973666736,5.1399993896484375,-0.02026764053209118
686,152.3800048828125,154.47000122070312,150.91000366210938,152.74000549316406,151.44619750976562,86652500,153.72000122070312,156.89999389648438,154.47999572753906,153.83999633789062,154.4600067138672,155.08599700927735,160.1666000366211,-0.00637519984229,154.88190428880696,157.53650689335973,43.68955141505397,3.5603169446963903,3.55999755859375,-0.006375199842290069
687,151.19000244140625,151.47000122070312,148.55999755859375,150.42999267578125,149.15576171875,96029900,152.74000549316406,153.72000122070312,156.89999389648438,155.30999755859375,157.3699951171875,154.39199676513672,160.20579986572267,-0.0151238230607907,154.07246581371137,157.25782006129782,43.521187010621624,3.737617725060261,2.910003662109375,-0.015123823060790742
688,149.66000366210938,153.77000427246094,149.63999938964844,150.77000427246094,149.4928741455078,93339400,150.42999267578125,152.74000549316406,153.72000122070312,152.3699951171875,163.42999267578125,153.1259979248047,160.21779998779297,0.0022602646628622,153.47201826075673,157.00339591271597,45.36718292610016,2.1378599171218458,4.1300048828125,0.0022602646628622214
689,152.74000549316406,154.72000122070312,149.9499969482422,151.75999450683594,150.47450256347656,84442700,150.77000427246094,150.42999267578125,152.74000549316406,150.6999969482422,153.83999633789062,152.91799774169922,160.3115997314453,0.0065662280713738,153.1607412145893,156.79777232817165,44.76829363791115,2.161726061106984,4.7700042724609375,0.0065662280713738586
690,147.63999938964844,150.63999938964844,144.83999633789062,149.83999633789062,148.5707550048828,146691400,151.75999450683594,150.77000427246094,150.42999267578125,154.47999572753906,155.30999755859375,152.3709976196289,160.28839965820313,-0.0126515434794565,152.5569694188259,156.52491836776846,44.30471845151815,2.1811789434921636,5.8000030517578125,-0.012651543479456517
691,146.10000610351562,146.72000122070312,140.67999267578125,142.47999572753906,141.2731170654297,128138200,149.83999633789062,151.75999450683594,150.77000427246094,156.89999389648438,152.3699951171875,151.38199768066406,160.07719970703124,-0.0491190656048515,150.72479238404645,155.9741370877595,33.45922994126671,3.8132602394422643,6.040008544921875,-0.049119065604851575
692,141.27999877929688,143.10000610351562,138.0,138.1999969482422,137.0293731689453,124925300,142.47999572753906,149.83999633789062,151.75999450683594,153.72000122070312,150.6999969482422,150.13199768066406,159.73419952392578,-0.0300392960951614,148.44755685026385,155.27711198424902,20.81887783825681,5.662190400601374,5.100006103515625,-0.030039296095161427
693,138.2100067138672,143.07000732421875,137.69000244140625,142.4499969482422,141.24334716796875,114311700,138.1999969482422,142.47999572753906,149.83999633789062,152.74000549316406,154.47999572753906,148.9289978027344,159.50139953613282,0.0307525332405882,147.35709141353263,154.77408786518993,34.969649547209826,5.9083703559562775,5.3800048828125,0.030752533240588242
694,145.02999877929688,146.22000122070312,144.25999450683594,146.10000610351562,144.86245727539062,87830100,142.4499969482422,138.1999969482422,142.47999572753906,150.42999267578125,156.89999389648438,147.8489990234375,159.3643997192383,0.0256230904420422,147.12853044807497,154.43392779610465,38.50762444269444,5.2385537024719175,1.9600067138671875,0.02562309044204225
695,144.07000732421875,147.3800048828125,143.00999450683594,146.39999389648438,145.15989685058594,79471000,146.10000610351562,142.4499969482422,138.1999969482422,150.77000427246094,153.72000122070312,147.11699829101562,159.26039947509764,0.0020533044519943,146.99606925687667,154.118871564747,42.025110354127904,4.82187955951393,4.3700103759765625,0.0020533044519943644
696,145.80999755859375,147.5399932861328,145.22000122070312,145.42999267578125,144.19810485839844,68402200,146.39999389648438,146.10000610351562,142.4499969482422,151.75999450683594,152.74000549316406,146.38599700927733,159.03319946289062,-0.006625691674475,146.71132806031386,153.77813121616012,42.826021119695305,4.411334537170761,2.3199920654296875,-0.0066256916744750205
697,142.5399932861328,143.10000610351562,139.4499969482422,140.08999633789062,138.90335083007812,85925600,145.42999267578125,146.39999389648438,146.10000610351562,149.83999633789062,150.42999267578125,145.35199737548828,158.68799926757814,-0.0367186729479902,145.50744956532782,153.24134161309073,31.20919050296628,4.56719002677638,3.6500091552734375,-0.03671867294799025
698,140.4199981689453,141.88999938964844,138.57000732421875,140.4199981689453,139.23056030273438,74899000,140.08999633789062,145.42999267578125,146.39999389648438,142.47999572753906,150.77000427246094,144.3169967651367,158.2461993408203,0.0023556416566585,144.58245840234918,152.7385438309674,27.237573043028533,4.371505937693388,3.3199920654296875,0.0023556416566585803
699,139.89999389648438,141.35000610351562,138.22000122070312,138.97999572753906,137.80276489257812,77033700,140.4199981689453,140.08999633789062,145.42999267578125,138.1999969482422,151.75999450683594,143.03899688720702,157.79559936523438,-0.0102549669575819,143.56382882511096,152.19899292495057,28.61288070029238,3.7821672987573556,3.1300048828125,-0.01025496695758199
700,139.1300048828125,140.36000061035156,138.16000366210938,138.33999633789062,137.16818237304688,70433700,138.97999572753906,140.4199981689453,140.08999633789062,142.4499969482422,149.83999633789062,141.88899688720704,157.36219940185546,-0.004604974883602,142.6140411001618,151.65550286271292,28.898000034882344,3.185821329934565,2.1999969482421875,-0.004604974883602009
701,134.99000549316406,143.58999633789062,134.3699951171875,142.99000549316406,141.77882385253906,113224000,138.33999633789062,138.97999572753906,140.4199981689453,146.10000610351562,142.47999572753906,141.93999786376952,156.8993994140625,0.0336129050048255,142.68239826252585,151.3156794364561,39.797057305823984,3.2003827417185278,9.220001220703125,0.0336129050048255
702,144.30999755859375,144.52000427246094,138.19000244140625,138.3800048828125,137.2078399658203,88598000,142.99000549316406,138.33999633789062,138.97999572753906,146.39999389648438,138.1999969482422,141.95799865722657,156.35079956054688,-0.0322400198143355,141.90014492075977,150.80839808141124,34.79008017514829,3.1774334529629953,6.3300018310546875,-0.03224001981433555
703,141.07000732421875,142.89999389648438,140.27000427246094,142.41000366210938,141.20370483398438,85250900,138.3800048828125,142.99000549316406,138.33999633789062,145.42999267578125,142.4499969482422,141.9539993286133,155.89199951171875,0.0291226957442998,141.99284651009606,150.4790492806543,39.31917988112997,3.1767704843451448,2.6299896240234375,0.02912269574429982
704,145.49000549316406,146.6999969482422,140.61000061035156,143.75,142.53237915039062,99136600,142.41000366210938,138.3800048828125,142.99000549316406,140.08999633789062,146.10000610351562,141.71899871826173,155.469599609375,0.009409425626236,142.31232896280585,150.21516499513842,42.949761526232116,2.911869001885788,6.089996337890625,0.009409425626236034
705,141.69000244140625,144.9499969482422,141.5,143.86000061035156,142.64141845703125,61758300,143.75,142.41000366210938,138.3800048828125,140.4199981689453,146.39999389648438,141.46499938964843,155.04839965820312,0.0007652216372282,142.59372380781414,149.96594286240168,51.919873106662074,2.5459738676175037,3.4499969482421875,0.0007652216372282528
706,143.02000427246094,145.88999938964844,142.64999389648438,143.38999938964844,142.17539978027344,64522000,143.86000061035156,143.75,142.41000366210938,138.97999572753906,145.42999267578125,141.26100006103516,154.53139953613282,-0.0032670736737735,142.73850118632947,149.7080627262153,58.07656653077972,2.2584690584429614,3.2400054931640625,-0.003267073673773546
707,142.8699951171875,147.85000610351562,142.64999389648438,147.27000427246094,146.02255249023438,86548600,143.38999938964844,143.86000061035156,143.75,138.33999633789062,140.08999633789062,141.9790008544922,154.10699951171875,0.0270591038379808,143.56241083835337,149.61245259077396,57.58817040641407,2.8961233263096866,5.20001220703125,0.027059103837980825
708,147.19000244140625,150.22999572753906,146.0,149.4499969482422,148.18409729003906,75981900,147.27000427246094,143.38999938964844,143.86000061035156,142.99000549316406,140.4199981689453,142.8820007324219,153.65399932861328,0.014802693097965,144.63288104015132,149.6060817812629,55.529863960485315,3.66240628783593,4.2299957275390625,0.014802693097965003
709,150.08999633789062,152.49000549316406,149.36000061035156,152.33999633789062,151.04957580566406,74732300,149.4499969482422,147.27000427246094,143.38999938964844,138.3800048828125,138.97999572753906,144.21800079345704,153.23699920654298,0.0193375674048981,146.03417473064937,149.7132941168169,59.03284908651472,4.435939766882471,3.1300048828125,0.019337567404898115
710,150.9600067138672,151.99000549316406,148.0399932861328,149.35000610351562,148.08493041992188,88194300,152.33999633789062,149.4499969482422,147.27000427246094,142.41000366210938,138.33999633789062,145.31900177001953,152.76339935302735,-0.0196270861641822,146.63705316207958,149.69904752806,55.61606606488441,4.173495273183536,3.95001220703125,-0.019627086164182295
711,148.07000732421875,149.0500030517578,144.1300048828125,144.8000030517578,143.57345581054688,109180200,149.35000610351562,152.33999633789062,149.4499969482422,143.75,142.99000549316406,145.5000015258789,152.16839935302735,-0.0304653690379106,146.30304405111198,149.50692813683247,56.90414340309014,4.099865743781606,4.9199981689453125,-0.03046536903791064
712,148.1999969482422,157.5,147.82000732421875,155.74000549316406,154.42080688476562,164762400,144.8000030517578,149.35000610351562,152.33999633789062,143.86000061035156,138.3800048828125,147.23600158691406,151.80019958496095,0.0755525014560656,148.01885522239417,149.75136254296314,67.12880915254354,4.413444849886235,9.67999267578125,0.07555250145606562
713,153.16000366210938,154.24000549316406,151.9199981689453,153.33999633789062,152.04112243652344,97943200,155.74000549316406,144.8000030517578,149.35000610351562,143.38999938964844,142.41000366210938,148.3290008544922,151.43659942626954,-0.0154103574587248,148.9863354252117,149.89209328001914,65.71803646676254,4.438824681118264,2.32000732421875,-0.015410357458724877
714,155.0800018310547,155.4499969482422,149.1300048828125,150.64999389648438,149.37388610839844,80379300,153.33999633789062,155.74000549316406,144.8000030517578,147.27000427246094,143.75,149.0190002441406,151.09819915771484,-0.0175427318745901,149.28881878362492,149.92181487282173,62.895448067380336,4.176485088440844,6.3199920654296875,-0.0175427318745901
715,148.9499969482422,152.1699981689453,145.0,145.02999877929688,143.801513671875,93604600,150.64999389648438,153.33999633789062,155.74000549316406,149.4499969482422,143.86000061035156,149.13600006103516,150.65419921875,-0.0373049807160904,148.51448787374707,149.72997894758547,52.09444909031606,4.029712081516407,7.1699981689453125,-0.03730498071609045
716,142.05999755859375,142.8000030517578,138.75,138.8800048828125,137.70361328125,97918500,145.02999877929688,150.64999389648438,153.33999633789062,152.33999633789062,143.38999938964844,148.68500061035155,150.08119934082032,-0.042404977923521,146.76276369357714,149.30448976857477,50.497611561693624,4.90217778672861,4.0500030517578125,-0.04240497792352105
717,142.08999633789062,142.6699981689453,134.3800048828125,138.3800048828125,137.43545532226562,140814800,138.8800048828125,145.02999877929688,150.64999389648438,149.35000610351562,147.27000427246094,147.7960006713867,149.4481994628906,-0.0036002302881678,145.23862572798356,148.87607859658408,45.68614909384794,5.893213016002459,8.289993286132812,-0.003600230288167805
718,137.11000061035156,139.14999389648438,135.6699981689453,138.9199981689453,137.9717559814453,83374600,138.3800048828125,138.8800048828125,145.02999877929688,144.8000030517578,149.4499969482422,146.74300079345704,148.95419952392578,0.0039022493646398,144.08978435361297,148.48564407001,44.73970480168388,6.476704118764014,3.4799957275390625,0.003902249364639898
719,140.41000366210938,141.42999267578125,137.49000549316406,139.5,138.5478057861328,89908500,138.9199981689453,138.3800048828125,138.8800048828125,155.74000549316406,152.33999633789062,145.45900115966796,148.51659942626952,0.0041750780211595,143.2552781075015,148.1332658711861,45.299696436226434,6.516452826432238,3.9399871826171875,0.004175078021159573
720,138.5,138.5500030517578,134.58999633789062,134.8699951171875,133.94940185546875,74917800,139.5,138.9199981689453,138.3800048828125,153.33999633789062,149.35000610351562,144.01100006103516,148.0357992553711,-0.0331899991599462,141.7306812001717,147.61313760632342,41.571027498732704,7.13518258452272,3.9600067138671875,-0.03318999915994625
721,141.24000549316406,146.8699951171875,139.5,146.8699951171875,145.86749267578125,118854000,134.8699951171875,139.5,138.9199981689453,150.64999389648438,144.8000030517578,144.21799926757814,147.82879913330078,0.0889745713238387,142.66510191235636,147.58399476361222,49.6590442939375,7.190428166257053,7.3699951171875,0.08897457132383879
722,145.82000732421875,150.00999450683594,144.3699951171875,149.6999969482422,148.67819213867188,93979700,146.8699951171875,134.8699951171875,139.5,145.02999877929688,155.74000549316406,143.61399841308594,147.66359893798827,0.0192687541713107,143.94417373706287,147.66697524144087,50.210757047960605,6.315481997203583,5.6399993896484375,0.019268754171310798
723,148.97000122070312,150.27999877929688,147.42999267578125,148.27999877929688,147.2678680419922,73374100,149.6999969482422,146.8699951171875,134.8699951171875,138.8800048828125,153.33999633789062,143.10799865722657,147.51299896240235,-0.0094856259044298,144.7325055629236,147.69101538018032,46.490320007217846,5.613317319532841,2.850006103515625,-0.009485625904429806
724,152.22000122070312,153.58999633789062,148.55999755859375,150.0399932861328,149.01585388183594,89868300,148.27999877929688,149.6999969482422,146.8699951171875,138.3800048828125,150.64999389648438,143.0469985961914,147.42319885253906,0.0118693992536076,145.6975033307798,147.7831321608059,50.609421635027346,5.524869322131233,5.029998779296875,0.011869399253607638
725,149.1300048828125,149.8699951171875,147.2899932861328,148.7899932861328,147.7743682861328,64218300,150.0399932861328,148.27999877929688,149.6999969482422,138.9199981689453,145.02999877929688,143.422998046875,147.2797985839844,-0.0083311120763395,146.25977423175306,147.82261691081874,53.742253251831,5.7961057007940235,2.5800018310546875,-0.00833111207633952
726,146.42999267578125,151.47999572753906,146.14999389648438,150.72000122070312,149.69122314453125,80389400,148.7899932861328,150.0399932861328,148.27999877929688,139.5,138.8800048828125,144.60699768066405,147.20499847412108,0.0129713557474175,147.07072459338033,147.93623982493185,44.33408134690665,5.971622604312218,5.3300018310546875,0.01297135574741759
727,152.30999755859375,152.6999969482422,149.97000122070312,151.2899932861328,150.25732421875,74829600,150.72000122070312,148.7899932861328,150.0399932861328,134.8699951171875,138.3800048828125,145.8979965209961,147.0833984375,0.0037817944586866,147.83786435569897,148.06775956850836,47.58652727882203,5.87047887177693,2.7299957275390625,0.003781794458686649
728,150.16000366210938,150.3699951171875,147.72000122070312,148.00999450683594,146.9997100830078,58724100,151.2899932861328,150.72000122070312,148.7899932861328,146.8699951171875,138.9199981689453,146.80699615478517,146.7749984741211,-0.0216802096956502,147.86916074681477,148.0654942719722,46.934509434691044,5.350679819782894,2.649993896484375,-0.02168020969565021
729,148.1300048828125,150.4199981689453,146.92999267578125,150.17999267578125,149.1549072265625,51804100,148.00999450683594,151.2899932861328,150.72000122070312,149.6999969482422,139.5,147.87499542236327,146.7017984008789,0.0146611597154344,148.28931200662686,148.14841577800394,56.500878314868174,4.763829682252737,3.4900054931640625,0.014661159715434469
730,149.4499969482422,151.8300018310547,149.33999633789062,151.07000732421875,150.03884887695312,58301400,150.17999267578125,148.00999450683594,151.2899932861328,148.27999877929688,134.8699951171875,149.4949966430664,146.6169985961914,0.00592631969532,148.79489297346174,148.26298799550256,67.74381408357107,1.4560482187595438,2.4900054931640625,0.0059263196953200925
731,148.30999755859375,148.8800048828125,147.1199951171875,148.11000061035156,147.0990447998047,35195900,151.07000732421875,150.17999267578125,148.00999450683594,150.0399932861328,146.8699951171875,149.6189971923828,146.5317987060547,-0.0195936093887555,148.67036708925988,148.2569884902025,63.21650684531175,1.24519107751185,1.760009765625,-0.01959360938875554
732,145.13999938964844,146.63999938964844,143.3800048828125,144.22000122070312,143.23558044433594,69246000,148.11000061035156,151.07000732421875,150.17999267578125,148.7899932861328,149.6999969482422,149.0709976196289,146.4021987915039,-0.0262642588185673,147.8612096586132,148.09867526394763,56.598606268334954,2.1106625763284264,3.2599945068359375,-0.02626425881856731
733,144.2899932861328,144.80999755859375,140.35000610351562,141.1699981689453,140.2064208984375,83763800,144.22000122070312,148.11000061035156,151.07000732421875,150.72000122070312,148.27999877929688,148.35999755859376,146.13599884033204,-0.0211482667171131,146.64462575140087,147.82696243669264,51.95871144723622,3.28022646383518,4.459991455078125,-0.021148266717113118
734,141.39999389648438,148.72000122070312,140.5500030517578,148.02999877929688,147.0195770263672,111380900,141.1699981689453,144.22000122070312,148.11000061035156,151.2899932861328,150.0399932861328,148.15899810791015,145.95859893798828,0.0485938988406151,146.89651175647285,147.83492464620653,64.66785444358501,3.226995104572955,8.169998168945312,0.04859389884061516
735,148.2100067138672,149.1300048828125,146.61000061035156,148.30999755859375,147.2976837158203,71250400,148.02999877929688,141.1699981689453,144.22000122070312,148.00999450683594,148.7899932861328,148.11099853515626,145.8503988647461,0.0018915002472865,147.15350917504026,147.85355495649623,52.17260380944663,3.2201291032393518,2.5200042724609375,0.0018915002472865705
736,145.9600067138672,148.0,145.64999389648438,147.80999755859375,146.8011016845703,65447400,148.30999755859375,148.02999877929688,141.1699981689453,150.17999267578125,150.72000122070312,147.81999816894532,145.7517987060547,-0.0033713168918532,147.2728706993227,147.85184682324515,46.93281628792099,3.08688943431402,2.350006103515625,-0.0033713168918532155
737,147.77000427246094,150.9199981689453,145.77000427246094,146.6300048828125,145.62913513183594,68826400,147.80999755859375,148.30999755859375,148.02999877929688,151.07000732421875,151.2899932861328,147.35399932861327,145.67579895019531,-0.0079831722838198,147.15598600541176,147.80393145303213,47.30128638998201,2.8472920104108983,5.149993896484375,-0.00798317228381984
738,147.07000732421875,147.3000030517578,141.9199981689453,142.91000366210938,141.93455505371094,64727200,146.6300048828125,147.80999755859375,148.30999755859375,148.11000061035156,148.00999450683594,146.84400024414063,145.5185989379883,-0.0253699863385816,146.38398921572042,147.6120127161332,39.040906014249344,3.1566758761107536,5.3800048828125,-0.025369986338581674
739,142.19000244140625,143.3699951171875,140.0,140.94000244140625,139.9779815673828,69721100,142.91000366210938,146.6300048828125,147.80999755859375,144.22000122070312,150.17999267578125,145.9200012207031,145.3021990966797,-0.0137849077756719,145.39417343857238,147.3503652543792,38.19550790634366,3.41356812146564,3.3699951171875,-0.013784907775671984
740,142.36000061035156,143.52000427246094,141.10000610351562,142.64999389648438,141.67628479003906,62128300,140.94000244140625,142.91000366210938,146.6300048828125,141.1699981689453,151.07000732421875,145.0779998779297,145.15839904785156,0.0121327616394006,144.89523170364728,147.16603696583428,37.78382134050061,3.017591907849304,2.4199981689453125,0.012132761639400691
741,142.33999633789062,145.57000732421875,140.89999389648438,142.16000366210938,141.1896514892578,76097000,142.64999389648438,140.94000244140625,142.91000366210938,148.02999877929688,148.11000061035156,144.48300018310547,145.15199920654297,-0.0034349124103753,144.39791751427674,146.96972193431566,36.1456897274303,2.9388995560808313,4.670013427734375,-0.0034349124103753015
742,142.6999969482422,144.5,141.05999755859375,144.49000549316406,143.5037384033203,70462700,142.16000366210938,142.64999389648438,140.94000244140625,148.30999755859375,144.22000122070312,144.51000061035157,145.2777993774414,0.0163899955756381,144.41466078316535,146.8724781523097,44.50001716613769,2.937454790120529,3.44000244140625,0.01638999557563814
743,149.5,149.97000122070312,144.24000549316406,145.47000122070312,144.47706604003906,93886200,144.49000549316406,142.16000366210938,142.64999389648438,147.80999755859375,141.1699981689453,144.94000091552735,145.33819946289063,0.006782446468835,144.60654086271765,146.81747905695258,42.35639106085488,2.6992745534634515,5.7299957275390625,0.006782446468835079
744,145.35000610351562,146.66000366210938,141.16000366210938,143.2100067138672,142.2324981689453,82291200,145.47000122070312,144.49000549316406,142.16000366210938,146.6300048828125,148.02999877929688,144.45800170898437,145.28039947509765,-0.0155358114241515,144.35262556292665,146.67600955330218,37.78743609962697,2.509898378274369,5.5,-0.015535811424151502
745,141.11000061035156,141.8000030517578,136.02999877929688,136.5,135.56826782226562,98931900,143.2100067138672,145.47000122070312,144.49000549316406,142.91000366210938,148.30999755859375,143.277001953125,145.08239959716798,-0.0468543146378991,142.92487546057635,146.27695035513347,33.84357374399448,3.1839986000272633,5.7700042724609375,-0.04685431463789913
746,136.69000244140625,137.64999389648438,133.72999572753906,134.50999450683594,133.5918426513672,160156900,136.5,143.2100067138672,145.47000122070312,140.94000244140625,147.80999755859375,141.9470016479492,144.86399963378906,-0.0145787948217147,141.39489710535082,145.81550110618062,35.733159835332344,3.7985960279380917,3.9199981689453125,-0.014578794821714758
747,135.11000061035156,135.1999969482422,131.32000732421875,132.3699951171875,131.46646118164062,79592600,134.50999450683594,136.5,143.2100067138672,142.64999389648438,146.6300048828125,140.52100067138673,144.709599609375,-0.0159095939115488,139.75400583477565,145.2882263615142,36.71496315912411,4.463652378342649,3.8799896240234375,-0.01590959391154889
748,131.38999938964844,133.25,129.88999938964844,132.3000030517578,131.39694213867188,77432800,132.3699951171875,134.50999450683594,136.5,142.16000366210938,142.91000366210938,139.46000061035156,144.54719970703124,-0.0005287608069164,138.39873260149966,144.77888427093552,20.12910583862292,5.054568761353557,3.3600006103515625,-0.0005287608069164396
749,132.97999572753906,136.80999755859375,132.75,135.4499969482422,134.5254364013672,85928000,132.3000030517578,132.3699951171875,134.50999450683594,144.49000549316406,140.94000244140625,138.91100006103517,144.4765997314453,0.0238094771264067,137.86259884636195,144.41304555239853,27.979425694053603,5.172724364802296,4.05999755859375,0.023809477126406797
750,134.35000610351562,134.55999755859375,130.3000030517578,132.22999572753906,131.32742309570312,77852100,135.4499969482422,132.3000030517578,132.3699951171875,145.47000122070312,142.64999389648438,137.86900024414064,144.35439971923827,-0.0237726193669354,136.83848918839413,143.93527889260014,25.595210494539188,5.381158528778046,4.2599945068359375,-0.02377261936693542
751,130.9199981689453,132.4199981689453,129.63999938964844,131.86000061035156,130.95994567871094,63814900,132.22999572753906,135.4499969482422,132.3000030517578,143.2100067138672,142.16000366210938,136.83899993896483,144.13179962158202,-0.0027981178941416,135.93330944693184,143.4617385678061,26.261622514558653,5.453828054024787,2.779998779296875,-0.0027981178941416385
752,131.3800048828125,131.41000366210938,128.72000122070312,130.02999877929688,129.14244079589844,69007800,131.86000061035156,132.22999572753906,135.4499969482422,136.5,144.49000549316406,135.39299926757812,143.9647994995117,-0.0138783696540573,134.85998023463458,142.93500367413907,27.96027071061536,5.105700467465376,2.69000244140625,-0.01387836965405731
753,129.6699981689453,131.02999877929688,125.87000274658205,126.04000091552734,125.17967224121094,85438400,130.02999877929688,131.86000061035156,132.22999572753906,134.50999450683594,145.47000122070312,133.44999923706055,143.63739944458007,-0.030685210345513,133.2563476311605,142.2724545463504,26.15234138889805,4.506707519484057,5.1599960327148295,-0.03068521034551308
754,127.98999786376952,130.47999572753906,127.7300033569336,129.61000061035156,128.72531127929688,75703700,126.04000091552734,130.02999877929688,131.86000061035156,132.3699951171875,143.2100067138672,132.089998626709,143.3545994567871,0.0283243388518923,132.59337544555888,141.77588772533082,30.30211041655143,3.0511480698950284,2.7499923706054688,0.02832433885189234
755,128.41000366210938,129.9499969482422,127.43000030517578,129.92999267578125,129.04312133789062,77034200,129.61000061035156,126.04000091552734,130.02999877929688,132.3000030517578,136.5,131.4329978942871,143.0759992980957,0.0024688840669917,132.10912403287202,141.31134282142693,31.430277294971177,2.6809317383536757,2.5199966430664062,0.00246888406699175
756,130.27999877929688,130.89999389648438,124.16999816894533,125.06999969482422,124.21630096435548,112117500,129.92999267578125,129.61000061035156,126.04000091552734,135.4499969482422,134.50999450683594,130.48899841308594,142.70959930419923,-0.0374047044940911,130.82928324413604,140.67442740469744,22.61700082770183,3.105461901572532,6.729995727539048,-0.03740470449409117
757,126.88999938964844,128.66000366210938,125.08000183105467,126.36000061035156,125.49749755859376,89113600,125.06999969482422,129.92999267578125,129.61000061035156,132.22999572753906,132.3699951171875,129.88799896240235,142.29139923095704,0.0103142313798272,130.01668640162976,140.11307733433094,23.28765078036585,3.2777619982745647,3.5800018310547017,0.010314231379827232
758,127.12999725341795,127.7699966430664,124.76000213623048,125.0199966430664,124.16664123535156,80962700,126.36000061035156,125.06999969482422,129.92999267578125,131.86000061035156,132.3000030517578,129.1599983215332,141.80279922485352,-0.0106046530611949,129.10819735461823,139.52119181702645,23.902412006330323,3.48446308599467,3.0099945068359233,-0.010604653061194957
759,126.01000213623048,130.2899932861328,124.88999938964844,129.6199951171875,128.7352294921875,87754700,125.0199966430664,126.36000061035156,125.06999969482422,130.02999877929688,135.4499969482422,128.57699813842774,141.34839920043945,0.0367941017248156,129.20125149326716,139.13290959350334,39.4929594663055,2.7187000400914947,5.399993896484375,0.036794101724815675
760,130.47000122070312,133.41000366210938,129.88999938964844,130.14999389648438,129.2615966796875,70790800,129.6199951171875,125.0199966430664,126.36000061035156,126.04000091552734,132.22999572753906,128.36899795532227,140.96439895629882,0.0040888659100604,129.37375011203392,138.78063838969868,43.030682490033975,2.4769885990639486,3.5200042724609375,0.004088865910060413
761,130.25999450683594,131.25999450683594,128.1199951171875,130.72999572753906,129.83766174316406,63896200,130.14999389648438,129.6199951171875,125.0199966430664,129.61000061035156,131.86000061035156,128.25599746704103,140.68299880981445,0.0044564107434073,129.62034022394394,138.46492691275125,47.24091351564489,2.3208899758140915,3.1399993896484375,0.004456410743407302
762,131.25,133.50999450683594,130.4600067138672,133.49000549316406,132.57882690429688,69458900,130.72999572753906,130.14999389648438,129.6199951171875,129.92999267578125,130.02999877929688,128.60199813842777,140.23799880981446,0.0211122914084482,130.3239157274385,138.2698319551204,51.83585755508067,2.8191678684427544,3.04998779296875,0.02111229140844828
763,133.8800048828125,134.25999450683594,131.44000244140625,133.41000366210938,132.4993896484375,71379600,133.49000549316406,130.72999572753906,130.14999389648438,125.06999969482422,126.04000091552734,129.33899841308593,139.83939895629882,-0.0005993095195339,130.88502262465138,138.0792504534337,46.52352838998432,3.0304154561393766,2.8199920654296875,-0.0005993095195339082
764,132.02999877929688,134.9199981689453,131.66000366210938,134.75999450683594,133.8401641845703,57809700,133.41000366210938,133.49000549316406,130.72999572753906,126.36000061035156,129.61000061035156,129.85399780273437,139.52159896850586,0.010119112567793,131.58956296686677,137.94908355356714,54.605023793613526,3.4850836635170244,3.2599945068359375,0.010119112567793076
765,134.8300018310547,137.2899932861328,134.1300048828125,135.94000244140625,135.01210021972656,63646600,134.75999450683594,133.41000366210938,133.49000549316406,125.0199966430664,129.92999267578125,130.4549987792969,139.33979904174805,0.0087563667458478,132.38055196223758,137.87029605897257,57.213582049447545,3.9823768555743744,3.1599884033203125,0.008756366745847899
766,136.82000732421875,138.61000061035156,135.02999877929688,135.2100067138672,134.28709411621094,69672800,135.94000244140625,134.75999450683594,133.41000366210938,129.6199951171875,125.06999969482422,131.46899948120117,139.26639907836915,-0.0053699846581487,132.89499828071567,137.7659709866155,59.52908265348055,3.742605151224562,3.5800018310546875,-0.005369984658148752
767,134.0800018310547,136.25,133.77000427246094,135.27000427246094,134.3466796875,58280400,135.2100067138672,135.94000244140625,134.75999450683594,130.14999389648438,126.36000061035156,132.3599998474121,139.20419906616212,0.0004437360817584,133.32681755194207,137.66808993900162,69.84947609832963,3.439489485644056,2.4799957275390625,0.00044373608175840573
768,135.27999877929688,138.02000427246094,134.22000122070312,137.8699951171875,136.9289093017578,80223600,135.27000427246094,135.2100067138672,135.94000244140625,130.72999572753906,125.0199966430664,133.6449996948242,139.18319900512697,0.0192207493354525,134.15284983653214,137.67600778912654,68.53680569205302,2.7170847541548295,3.8000030517578125,0.01922074933545259
769,138.1199951171875,143.32000732421875,137.89999389648438,141.11000061035156,140.14682006835938,81760300,137.8699951171875,135.27000427246094,135.2100067138672,133.49000549316406,129.6199951171875,134.79400024414062,139.215399017334,0.023500439601888,135.41778634086293,137.81067417427263,72.18255811207581,3.210512251389022,5.420013427734375,0.02350043960188808
770,140.30999755859375,143.16000366210938,140.3000030517578,142.52999877929688,141.55711364746094,66435100,141.11000061035156,137.8699951171875,135.27000427246094,133.41000366210938,130.14999389648438,136.03200073242186,139.36859909057617,0.01006305834316,136.71091587512365,137.99574572741085,90.1194792518005,3.585757730799336,2.8600006103515625,0.010063058343160014
771,140.88999938964844,142.42999267578125,138.80999755859375,141.86000061035156,140.89170837402344,65799300,142.52999877929688,141.11000061035156,137.8699951171875,134.75999450683594,130.72999572753906,137.14500122070314,139.26839920043946,-0.0047007519447381,137.64711309971054,138.147285134585,86.66036056649519,3.483063006609118,3.6199951171875,-0.00470075194473818
772,143.1699981689453,144.25,141.89999389648438,143.9600067138672,142.9773712158203,54105100,141.86000061035156,142.52999877929688,141.11000061035156,135.94000244140625,133.49000549316406,138.19200134277344,139.15359939575194,0.0148033701852556,138.7949119386481,138.3752350004392,93.24202911223466,3.819667884333065,2.350006103515625,0.014803370185255682
773,143.16000366210938,147.22999572753906,143.0800018310547,145.92999267578125,144.9339141845703,70555800,143.9600067138672,141.86000061035156,142.52999877929688,135.2100067138672,133.41000366210938,139.44400024414062,139.10659927368164,0.0136842586137799,140.0921993453996,138.6715000073154,92.31968567034978,4.1182892926421975,4.149993896484375,0.013684258613779976
774,144.9600067138672,145.5500030517578,142.85000610351562,143.0,142.02392578125,64015300,145.92999267578125,143.9600067138672,141.86000061035156,135.27000427246094,134.75999450683594,140.26800079345702,138.965799407959,-0.0200780704641775,140.62089037350876,138.8412451050677,79.64932219095823,3.8952708612830675,2.6999969482421875,-0.020078070464177533
775,142.6999969482422,144.33999633789062,142.27999877929688,144.2899932861328,143.3050994873047,65874500,143.0,145.92999267578125,143.9600067138672,137.8699951171875,135.94000244140625,141.10299987792968,138.875799407959,0.0090209320708587,141.28799999398586,139.05492150432516,80.29493541256731,3.756931888152104,2.05999755859375,0.009020932070858745
776,143.97000122070312,146.61000061035156,141.32000732421875,145.42999267578125,144.43731689453125,77663600,144.2899932861328,143.0,145.92999267578125,141.11000061035156,135.2100067138672,142.1249984741211,138.76999923706057,0.0079007515606974,142.04108957249412,139.30492429536267,78.7572444460778,3.3430113145805214,5.2899932861328125,0.007900751560697472
777,148.89999389648438,151.17999267578125,148.1699981689453,150.82000732421875,149.79055786132812,118339000,145.42999267578125,144.2899932861328,143.0,142.52999877929688,135.27000427246094,143.67999877929688,138.76059951782227,0.037062606889171,143.63725643644403,139.75649617884724,83.39090746270753,3.415869756693258,3.0099945068359375,0.03706260688917107
778,148.02999877929688,157.3800048828125,147.8300018310547,154.5,153.44540405273438,154357300,150.82000732421875,145.42999267578125,144.2899932861328,141.86000061035156,137.8699951171875,145.34299926757814,138.89039962768555,0.0243998972090642,145.61230072072692,140.33467279928462,84.75355693923505,4.225242575209543,9.550003051757812,0.024399897209064214
779,152.57000732421875,153.10000610351562,150.77999877929688,151.72999572753906,150.69432067871094,69858300,154.5,150.82000732421875,145.42999267578125,143.9600067138672,141.11000061035156,146.40499877929688,138.9213996887207,-0.0179288302424656,146.72460890378366,140.78154820823576,76.32545258705125,4.375069394914106,2.32000732421875,-0.01792883024246561
780,150.63999938964844,155.22999572753906,150.63999938964844,154.64999389648438,153.59437561035156,83322600,151.72999572753906,154.5,150.82000732421875,145.92999267578125,142.52999877929688,147.61699829101562,138.99299942016603,0.0192446994738517,148.16558799336562,141.3254088234612,80.20509761506571,4.836734219735001,4.589996337890625,0.019244699473851767
781,153.8800048828125,154.5800018310547,151.1699981689453,151.9199981689453,150.8830108642578,64120100,154.64999389648438,151.72999572753906,154.5,143.0,141.86000061035156,148.622998046875,139.0691993713379,-0.0176527373765459,148.84820802528918,141.74088291544098,73.8880997999937,4.543596370199297,3.410003662109375,-0.017652737376545935
782,153.77999877929688,154.3300018310547,150.4199981689453,150.8699951171875,149.8401641845703,56007100,151.9199981689453,154.64999389648438,151.72999572753906,144.2899932861328,143.9600067138672,149.31399688720705,139.20219924926758,-0.0069115525566959,149.2158056783616,142.09888731550947,69.5195266749391,4.273030741581108,3.910003662109375,-0.006911552556695955
783,149.4600067138672,151.33999633789062,149.22000122070312,151.00999450683594,150.20822143554688,57450700,150.8699951171875,151.9199981689453,154.64999389648438,145.42999267578125,145.92999267578125,149.8219970703125,139.3989991760254,0.000927947200765,149.54202182899328,142.44834249948306,66.39072830951716,4.125441485182179,2.1199951171875,0.0009279472007650558
784,150.9499969482422,154.25999450683594,150.9199981689453,153.85000610351562,153.0331573486328,62199000,151.00999450683594,150.8699951171875,151.9199981689453,150.82000732421875,143.0,150.90699768066406,139.51539932250978,0.0188067790211801,150.32529169708823,142.8954665623863,67.90007759688996,3.5132504185113866,3.339996337890625,0.01880677902118011
785,152.1199951171875,153.77000427246094,150.86000061035156,153.1999969482422,152.38661193847656,61707600,153.85000610351562,151.00999450683594,150.8699951171875,154.5,144.2899932861328,151.797998046875,139.61319931030275,-0.0042249537178183,150.8479653791162,143.29956579320418,67.94302871452453,2.6795654391983565,2.910003662109375,-0.004224953717818392
786,153.11000061035156,155.5,152.8800048828125,155.3300018310547,154.5052947998047,65573800,153.1999969482422,153.85000610351562,151.00999450683594,151.72999572753906,145.42999267578125,152.78799896240236,139.76359939575195,0.0139034264049764,151.66288109765046,143.77134759861008,67.97343244067261,1.723793577621492,2.6199951171875,0.013903426404976438
787,153.50999450683594,156.3300018310547,153.35000610351562,153.7100067138672,152.89389038085938,68167900,155.3300018310547,153.1999969482422,153.85000610351562,154.64999389648438,150.82000732421875,153.07699890136718,139.90519943237305,-0.0104293767983695,152.0350857551444,144.1610989364633,62.43607823930824,1.5946116295834176,2.9799957275390625,-0.010429376798369527
788,152.35000610351562,153.0,150.85000610351562,152.5500030517578,151.7400665283203,59144100,153.7100067138672,155.3300018310547,153.1999969482422,151.9199981689453,154.5,152.88199920654296,140.09799942016602,-0.0075467023059125,152.12870708180137,144.49007556843566,66.18094705757952,1.518684369658494,2.149993896484375,-0.007546702305912589
789,150.1999969482422,151.3000030517578,148.41000366210938,148.47999572753906,147.69166564941406,58867200,152.5500030517578,153.7100067138672,155.3300018310547,150.8699951171875,151.72999572753906,152.55699920654297,140.24879928588868,-0.0266798246004482,151.46530501739002,144.6465430256554,56.488072735520944,2.048085624982299,2.8899993896484375,-0.026679824600448265
790,148.8699951171875,149.9499969482422,147.16000366210938,148.91000366210938,148.11936950683594,51011300,148.47999572753906,152.5500030517578,153.7100067138672,151.00999450683594,154.64999389648438,151.98300018310547,140.37399948120117,0.0028960664530148,151.00070477097535,144.81373756041833,55.50982542773345,2.195376289823144,2.7899932861328125,0.0028960664530148783
791,150.08999633789062,150.33999633789062,147.24000549316406,149.39999389648438,148.60678100585938,48394200,148.91000366210938,148.47999572753906,152.5500030517578,153.85000610351562,151.9199981689453,151.7309997558594,140.51879928588866,0.0032905125399556,150.7096664301588,144.993590750068,47.33880773370577,2.3430749870599485,3.0999908447265625,0.0032905125399556034
792,147.11000061035156,147.19000244140625,145.72000122070312,146.7100067138672,145.93106079101562,55469600,149.39999389648438,148.91000366210938,148.47999572753906,153.1999969482422,150.8699951171875,151.31500091552735,140.56319931030274,-0.018005269695533,149.98245557265122,145.06090118002092,34.83848205742267,2.8313423464109655,1.470001220703125,-0.018005269695533066
793,147.7100067138672,149.1699981689453,147.4499969482422,147.9199981689453,147.1346435546875,44998500,146.7100067138672,149.39999389648438,148.91000366210938,155.3300018310547,151.00999450683594,151.0060012817383,140.61219924926758,0.0082475045989058,149.60746331743195,145.17302263056698,42.10526981428925,3.0299743736789475,1.720001220703125,0.008247504598905886
794,147.0500030517578,149.0800018310547,146.8300018310547,147.41000366210938,146.62734985351562,50547000,147.9199981689453,146.7100067138672,149.39999389648438,153.7100067138672,153.85000610351562,150.36200103759765,140.6961991882324,-0.0034477725334572,149.2079251982824,145.26074737690197,33.33335675074923,3.0426993617859894,2.25,-0.003447772533457294
795,146.8300018310547,147.22999572753906,145.00999450683594,145.30999755859375,144.53851318359375,55479000,147.41000366210938,147.9199981689453,146.7100067138672,152.5500030517578,153.1999969482422,149.5730010986328,140.8723991394043,-0.0142460216494479,148.49921108197537,145.26267875657618,34.32907307791095,3.2414928656422655,2.220001220703125,-0.014246021649447993
796,144.3800048828125,146.7100067138672,143.89999389648438,145.91000366210938,145.1353302001953,52238100,145.30999755859375,147.41000366210938,147.9199981689453,148.47999572753906,155.3300018310547,148.6310012817383,141.10039932250976,0.0041291453691869,148.0284460965452,145.28806404698926,37.98452535145461,2.7073221747014276,2.8100128173828125,0.0041291453691869595
797,148.0399932861328,151.11000061035156,147.3300018310547,151.02999877929688,150.22813415527344,70732300,145.91000366210938,145.30999755859375,147.41000366210938,148.91000366210938,153.7100067138672,148.36300048828124,141.47359939575196,0.0350900897038157,148.57418294795457,145.51323795806016,50.039040328570074,2.2412047548741287,3.779998779296875,0.035090089703815774
798,153.7899932861328,156.3000030517578,153.4600067138672,153.8300018310547,153.01327514648438,87558000,151.02999877929688,145.91000366210938,145.30999755859375,149.39999389648438,152.5500030517578,148.49100036621093,141.90419937133788,0.0185393833966025,149.5297863812455,145.8393855609227,49.96089861018569,2.5254320270062482,2.839996337890625,0.01853938339660255
799,153.6999969482422,154.02999877929688,151.1300048828125,151.60000610351562,150.7951202392578,56182000,153.8300018310547,151.02999877929688,145.91000366210938,146.7100067138672,148.47999572753906,148.8030014038086,142.22719955444336,-0.0144964941883585,149.90618996711277,146.06529224886754,47.05450749652941,2.7099120815004563,2.899993896484375,-0.014496494188358522
800,152.80999755859375,153.47000122070312,151.8300018310547,152.8699951171875,152.05836486816406,47204800,151.60000610351562,153.8300018310547,151.02999877929688,147.9199981689453,148.91000366210938,149.1990005493164,142.63999954223632,0.0083772359006681,150.44506363076272,146.33214334174284,45.32317626820686,3.000989587788035,1.6399993896484375,0.00837723590066819
801,153.55999755859375,154.5399932861328,150.22999572753906,150.58999633789062,149.79046630859375,53833600,152.8699951171875,151.60000610351562,153.8300018310547,147.41000366210938,149.39999389648438,149.31800079345703,143.0145994567871,-0.0149146258397474,150.4714150320587,146.49911796904274,44.213625499406,3.033265693957939,4.30999755859375,-0.014914625839747453
802,150.2100067138672,150.94000244140625,147.61000061035156,148.5,147.7115478515625,68572400,150.58999633789062,152.8699951171875,151.60000610351562,145.30999755859375,146.7100067138672,149.49700012207032,143.38399948120116,-0.0138787196275717,150.11297593532075,146.57758393104106,42.739319519618434,2.912680924542787,3.3300018310546875,-0.0138787196275717
803,147.80999755859375,153.13999938964844,147.6999969482422,150.47000122070312,149.67111206054688,84457100,148.5,150.58999633789062,152.8699951171875,145.91000366210938,147.9199981689453,149.7520004272461,143.87259948730468,0.0132660014862162,150.17788962357207,146.73022774632193,53.858100748385816,2.870596839511884,5.44000244140625,0.013266001486216261
804,151.27999877929688,153.39999389648438,150.10000610351562,152.58999633789062,151.77984619140625,73695900,150.47000122070312,148.5,150.58999633789062,151.02999877929688,147.41000366210938,150.2699996948242,144.33219940185546,0.0140891546486929,150.6164544807209,146.96002259305013,56.69577761662612,2.868390479073338,3.29998779296875,0.01408915464869298
805,151.19000244140625,153.25,149.9199981689453,152.99000549316406,152.17771911621094,77167900,152.58999633789062,150.47000122070312,148.5,153.8300018310547,145.30999755859375,151.03800048828126,144.79339965820313,0.0026214638237991,151.04800921025603,147.19649251070166,56.55351529139641,2.3792513675063685,3.3300018310546875,0.0026214638237991306
806,152.16000366210938,156.4600067138672,151.63999938964844,155.85000610351562,155.0225372314453,76161100,152.99000549316406,152.58999633789062,150.47000122070312,151.60000610351562,145.91000366210938,152.03200073242186,145.40899978637697,0.0186940356079623,151.92109955448504,147.53584598492967,66.58201244511179,2.0528087903143057,4.82000732421875,0.018694035607962345
807,156.0800018310547,156.74000549316406,154.27999877929688,155.0,154.1770477294922,98944600,155.85000610351562,152.99000549316406,152.58999633789062,152.8699951171875,151.02999877929688,152.4290008544922,145.98179977416993,-0.0054540010922492,152.48089963548776,147.8285579070893,63.0147107084735,2.214977705816136,2.4600067138671875,-0.00545400109224925
808,155.07000732421875,157.82000732421875,154.14999389648438,157.39999389648438,156.56430053710938,73641400,155.0,155.85000610351562,152.99000549316406,150.58999633789062,153.8300018310547,152.78600006103517,146.62939971923828,0.0154838315902217,153.3752804102144,148.20390833804598,67.17083446545973,2.7003830980857235,3.670013427734375,0.015483831590221708
809,157.32000732421875,159.39999389648438,156.5399932861328,159.27999877929688,158.434326171875,73938300,157.39999389648438,155.0,155.85000610351562,148.5,151.60000610351562,153.5539993286133,147.22259979248048,0.0119441229714971,154.4488655682294,148.63826482593817,74.19467194919304,3.3415869287801,2.8600006103515625,0.011944122971497162
810,159.3000030517578,162.13999938964844,157.80999755859375,157.8300018310547,156.9920196533203,75701800,159.27999877929688,157.39999389648438,155.0,150.47000122070312,152.8699951171875,154.05,147.77619995117186,-0.009103446505241,155.0636176160158,148.9987251006486,70.05384219262535,3.587818863921826,4.3300018310546875,-0.009103446505241086
811,158.8300018310547,161.5500030517578,157.67999267578125,158.92999267578125,158.086181640625,67622100,157.8300018310547,159.27999877929688,157.39999389648438,152.58999633789062,150.58999633789062,154.88399963378907,148.34019989013672,0.0069694660835397,155.76659489960952,149.38818657418324,65.36964888135779,3.6627122173645037,3.8700103759765625,0.006969466083539766
812,158.86000061035156,160.33999633789062,157.85000610351562,160.25,159.399169921875,59196500,158.92999267578125,157.8300018310547,159.27999877929688,152.99000549316406,148.5,156.05899963378906,148.87539978027343,0.008305589788276,156.58175946331687,149.81414004186232,63.253513398068776,3.248442459104764,2.489990234375,0.008305589788276002
813,159.94000244140625,160.77000427246094,157.8699951171875,158.27999877929688,157.4396209716797,52390300,160.25,158.92999267578125,157.8300018310547,155.85000610351562,150.47000122070312,156.83999938964843,149.3727996826172,-0.0122932993491614,156.89053024804048,150.14613450215387,63.93988952021408,2.6366589432540146,2.9000091552734375,-0.012293299349161457
814,157.97000122070312,158.49000549316406,155.97999572753906,157.64999389648438,156.81295776367188,45992200,158.27999877929688,160.25,158.92999267578125,155.0,152.58999633789062,157.34599914550782,149.83059967041015,-0.0039803189769477,157.02861454775754,150.44040349800997,60.24870771445397,2.1756465470502677,2.510009765625,-0.003980318976947728
815,159.3699951171875,161.0500030517578,159.35000610351562,160.77000427246094,159.91641235351562,51305700,157.64999389648438,158.27999877929688,160.25,157.39999389648438,152.99000549316406,158.1239990234375,150.32719970703124,0.0197907421298424,157.70886722497636,150.8454858813218,71.06788071627832,1.804230626696212,1.6999969482421875,0.019790742129842442
816,161.52999877929688,162.47000122070312,161.27000427246094,162.36000061035156,161.4979705810547,49501700,160.77000427246094,157.64999389648438,158.27999877929688,159.27999877929688,155.85000610351562,158.7749984741211,150.87019958496094,0.0098898817916059,158.5545278404991,151.29703547853865,79.28991869509727,2.0502546233565417,1.1999969482421875,0.009889881791605992
817,162.44000244140625,165.0,161.91000366210938,164.89999389648438,164.02447509765625,68749800,162.36000061035156,160.77000427246094,157.64999389648438,157.8300018310547,155.0,159.76499786376954,151.4627993774414,0.015644205941022,159.70824894158733,151.830484828262,79.7771071666526,2.387371025362407,3.089996337890625,0.015644205941022005
818,164.27000427246094,166.2899932861328,164.22000122070312,166.1699981689453,165.28775024414062,56976200,164.89999389648438,162.36000061035156,160.77000427246094,158.92999267578125,157.39999389648438,160.64199829101562,152.02879943847657,0.0077016635504436,160.8831124374706,152.3928186847594,79.04189506426242,2.9633942881766706,2.0699920654296875,0.00770166355044366
819,166.60000610351562,166.83999633789062,165.11000061035156,165.6300048828125,164.75062561035156,46278300,166.1699981689453,164.89999389648438,162.36000061035156,160.25,159.27999877929688,161.2769989013672,152.51919952392578,-0.0032496436906968,161.74618379116913,152.9119240258595,76.87074212067287,3.300307404927902,1.7299957275390625,-0.003249643690696802
820,164.74000549316406,165.0500030517578,161.8000030517578,163.75999450683594,162.89053344726562,51511700,165.6300048828125,166.1699981689453,164.89999389648438,158.27999877929688,157.8300018310547,161.8699981689453,152.94379943847656,-0.0112902875134227,162.11233119401763,153.33733855452522,67.55433527460048,3.1410411890848104,3.25,-0.011290287513422759
821,162.42999267578125,164.9600067138672,162.0,164.66000366210938,163.78578186035156,45390100,163.75999450683594,165.6300048828125,166.1699981689453,157.64999389648438,158.92999267578125,162.44299926757813,153.39979949951172,0.0054959036728343,162.5755443700343,153.78136463717559,71.39060307986733,3.0668922657136677,2.9600067138671875,0.005495903672834368
822,161.4199981689453,162.02999877929688,160.0800018310547,162.02999877929688,161.1697235107422,47716900,164.66000366210938,163.75999450683594,165.6300048828125,160.77000427246094,160.25,162.62099914550782,153.76119934082033,-0.0159723358697926,162.47635426262747,154.10484048588623,60.14905564199888,2.9757713766674616,1.9499969482421875,-0.01597233586979263
823,162.35000610351562,162.36000061035156,160.50999450683594,160.8000030517578,159.94625854492188,47644200,162.02999877929688,164.66000366210938,163.75999450683594,162.36000061035156,158.27999877929688,162.8729995727539,154.05859954833986,-0.0075911605061137,162.1715631333784,154.3673958806263,53.4296095998083,2.656933027559443,1.850006103515625,-0.007591160506113748
824,161.22000122070312,162.05999755859375,159.77999877929688,160.10000610351562,159.25,50133100,160.8000030517578,162.02999877929688,164.66000366210938,164.89999389648438,157.64999389648438,163.11800079345704,154.40059967041014,-0.0043532147696344,161.79491640067607,154.59220412466118,55.301266385722755,2.1945155507172456,2.279998779296875,-0.004353214769634461
825,161.6300048828125,165.8000030517578,161.4199981689453,165.55999755859375,164.68096923828125,68445600,160.10000610351562,160.8000030517578,162.02999877929688,166.1699981689453,160.77000427246094,163.5970001220703,154.8259997558594,0.0341036305242103,162.47947661120654,155.0223136710899,62.86379483487126,2.1473224539531905,4.3800048828125,0.03410363052421039
826,164.58999633789062,166.32000732421875,163.82000732421875,165.2100067138672,164.3328399658203,49386500,165.55999755859375,160.10000610351562,160.8000030517578,165.6300048828125,162.36000061035156,163.8820007324219,155.22160003662108,-0.0021139819394035,162.97593662987208,155.42183104531645,60.00001230547353,2.154022399693763,2.5,-0.0021139819394035975
827,165.08999633789062,165.38999938964844,164.02999877929688,165.22999572753906,164.3527374267578,41516200,165.2100067138672,165.55999755859375,160.10000610351562,163.75999450683594,164.89999389648438,163.91500091552734,155.5097998046875,0.0001209915432451,163.3857655567206,155.80646495442323,65.20787687721578,2.17378836722578,1.3600006103515625,0.0001209915432451858
828,166.10000610351562,167.41000366210938,165.64999389648438,166.47000122070312,165.58616638183594,49923000,165.22999572753906,165.2100067138672,165.55999755859375,164.66000366210938,166.1699981689453,163.94500122070312,155.74919982910157,0.0075047238711354,163.94653567744467,156.22464284721855,68.79797642106467,2.210133644847807,1.760009765625,0.0075047238711354325
829,165.8000030517578,168.16000366210938,165.5399932861328,167.6300048828125,166.739990234375,47720200,166.47000122070312,165.22999572753906,165.2100067138672,162.02999877929688,165.6300048828125,164.14500122070314,156.06720001220702,0.0069682444500704,164.6162573511479,156.6719119466536,65.9535011138924,2.4563349210930423,2.6200103759765625,0.006968244450070493
830,166.08999633789062,167.8699951171875,165.55999755859375,166.64999389648438,165.7652130126953,52456400,167.6300048828125,166.47000122070312,165.22999572753906,160.8000030517578,163.75999450683594,164.43400115966796,156.30720001220703,-0.0058462742813449,164.98602763211815,157.06320927801954,60.26805507772925,2.573233583774976,2.30999755859375,-0.0058462742813449875
831,165.0500030517578,166.4499969482422,164.49000549316406,165.02000427246094,164.14385986328125,58337300,166.64999389648438,167.6300048828125,166.47000122070312,160.10000610351562,164.66000366210938,164.47000122070312,156.56920013427734,-0.0097809161939478,164.99220520308955,157.37524045427213,50.30032633042846,2.579257907123984,1.959991455078125,-0.00978091619394783
832,165.0,165.60000610351562,163.88999938964844,165.3300018310547,164.45220947265625,41949600,165.02000427246094,166.64999389648438,167.6300048828125,165.55999755859375,162.02999877929688,164.8000015258789,156.85840026855467,0.0018785453312795,165.05362277181047,157.68719188081263,47.791806458755524,2.4397205961322617,1.7100067138671875,0.001878545331279513
833,165.19000244140625,166.30999755859375,163.72999572753906,163.77000427246094,162.90048217773438,48714100,165.3300018310547,165.02000427246094,166.64999389648438,165.2100067138672,160.8000030517578,165.0970016479492,157.1136004638672,-0.0094356592349637,164.82023759011054,157.92573354323022,45.359278359542564,2.04800567242881,2.5800018310546875,-0.0094356592349637
834,163.05999755859375,165.27999877929688,162.8000030517578,163.75999450683594,162.89053344726562,45498800,163.77000427246094,165.3300018310547,165.02000427246094,165.22999572753906,160.10000610351562,165.46300048828124,157.3118002319336,-6.112087295517821e-05,164.62746612042423,158.1545280908226,50.0,1.21229888236988,2.4799957275390625,-6.112087295517821e-05
835,165.19000244140625,168.55999755859375,165.19000244140625,168.41000366210938,167.51585388183594,64902300,163.75999450683594,163.77000427246094,165.3300018310547,166.47000122070312,165.55999755859375,165.7480010986328,157.61600036621093,0.0283952693652498,165.31520021891242,158.55670360342208,58.54993445606887,1.5308016424827724,3.3699951171875,0.02839526936524983
836,168.49000549316406,169.85000610351562,167.8800048828125,169.67999267578125,168.77911376953125,55209200,168.41000366210938,163.75999450683594,163.77000427246094,167.6300048828125,165.2100067138672,166.19499969482422,157.90300018310546,0.0075410544864065,166.10879884743403,158.99291101802442,68.59504745288464,1.9511599220408067,1.970001220703125,0.007541054486406518
837,169.27999877929688,170.4499969482422,168.63999938964844,169.58999633789062,168.68959045410156,52472900,169.67999267578125,168.41000366210938,163.75999450683594,166.64999389648438,165.22999572753906,166.63099975585936,158.22059997558594,-0.000530388624324,166.74174384569884,159.4084829913525,72.61966933231136,2.184720536151299,1.80999755859375,-0.0005303886243240852
838,170.08999633789062,170.35000610351562,167.5399932861328,168.5399932861328,167.64515686035156,48425700,169.58999633789062,169.67999267578125,168.41000366210938,165.02000427246094,166.47000122070312,166.83799896240234,158.54039978027345,-0.006191420923589,167.0686982894141,159.7665814342851,71.33466687135164,2.2643832480130377,2.8100128173828125,-0.006191420923589042
839,169.5,170.9199981689453,167.16000366210938,167.4499969482422,166.56094360351562,65136000,168.5399932861328,169.58999633789062,169.67999267578125,165.3300018310547,167.6300048828125,166.81999816894532,158.9197998046875,-0.006467285993302,167.13802531829194,160.06789184659715,56.132384204913514,2.2580943616735096,3.7599945068359375,-0.006467285993302041
840,164.88999938964844,167.0399932861328,164.30999755859375,165.7899932861328,164.9097442626953,81235400,167.4499969482422,168.5399932861328,169.58999633789062,163.77000427246094,166.64999389648438,166.73399810791017,159.25739959716796,-0.0099134290376993,166.8929285851721,160.2922879814809,51.73440947943075,2.281543332848232,2.7299957275390625,-0.009913429037699317
841,170.97999572753906,174.3000030517578,170.75999450683594,173.57000732421875,172.64845275878906,113316400,165.7899932861328,167.4499969482422,168.5399932861328,163.75999450683594,165.02000427246094,167.58899841308593,159.74079986572266,0.0469269217271672,168.1069429013624,160.8129828576667,67.03431914894944,3.0428778727448713,3.540008544921875,0.04692692172716728
842,172.47999572753906,173.85000610351562,172.11000061035156,173.5,172.57882690429688,55962800,173.57000732421875,165.7899932861328,167.4499969482422,168.41000366210938,165.3300018310547,168.40599822998047,160.27659973144532,-0.0004033376808469,169.0874987374783,161.31051294167978,65.07934429835184,3.4398633521110797,1.7400054931640625,-0.0004033376808469935
843,173.0500030517578,173.5399932861328,171.60000610351562,171.77000427246094,170.85801696777344,45326900,173.5,173.57000732421875,165.7899932861328,169.67999267578125,163.77000427246094,169.20599822998048,160.75359985351562,-0.0099711569310608,169.57522701656603,161.72068907229865,58.668333119275964,3.1608373646244363,1.9399871826171875,-0.009971156931060876
844,173.02000427246094,174.02999877929688,171.89999389648438,173.55999755859375,172.6385040283203,53724500,171.77000427246094,173.5,173.57000732421875,169.58999633789062,163.75999450683594,170.18599853515624,161.27659973144532,0.0104208723386507,170.29973075148015,162.18497567960435,63.99352567604649,2.7811345252944157,2.1300048828125,0.010420872338650744
845,173.85000610351562,174.58999633789062,172.1699981689453,173.75,172.82749938964844,49514700,173.55999755859375,171.77000427246094,173.5,168.5399932861328,168.41000366210938,170.71999816894532,161.84539978027342,0.0010947363682816,170.92705243302922,162.63850604511006,68.7741720389601,2.911829814042269,2.4199981689453125,0.0010947363682816125
846,173.6199951171875,174.05999755859375,171.0,172.57000732421875,171.8911895751953,45497800,173.75,173.55999755859375,171.77000427246094,167.4499969482422,169.67999267578125,171.00899963378907,162.37859985351562,-0.0067913247526978,171.22577150415458,163.0279766835065,65.00829680482866,2.9404171997160318,3.05999755859375,-0.006791324752697836
847,173.16000366210938,173.2100067138672,171.47000122070312,172.07000732421875,171.39317321777344,37266700,172.57000732421875,173.75,173.55999755859375,165.7899932861328,169.58999633789062,171.2570007324219,162.79940002441407,-0.0028973748552992,171.37926892598443,163.38256612039717,67.99652740327448,2.9118837219538967,1.7400054931640625,-0.002897374855299284
848,171.99000549316406,173.13999938964844,171.8000030517578,172.07000732421875,171.39317321777344,42110300,172.07000732421875,172.57000732421875,173.75,173.57000732421875,168.5399932861328,171.61000213623046,163.16420013427734,0.0,171.50485772566338,163.72325008917448,68.02605578559584,2.7556880898289267,1.339996337890625,0.0
849,171.7100067138672,172.92999267578125,170.4199981689453,172.69000244140625,172.01072692871094,57951600,172.07000732421875,172.07000732421875,172.57000732421875,173.5,167.4499969482422,172.13400268554688,163.58600006103515,0.0036031562201266,171.72033858307117,164.0748874363208,61.25131769587339,2.344244568537849,2.5099945068359375,0.0036031562201266354
850,173.0,175.24000549316406,172.5800018310547,175.0500030517578,174.36143493652344,65496700,172.69000244140625,172.07000732421875,172.07000732421875,171.77000427246094,165.7899932861328,173.06000366210938,164.02960021972658,0.0136661102379236,172.32573212283236,164.50528412712225,63.351591777705785,1.0078121608496386,2.660003662109375,0.013666110237923634
851,176.38999938964844,176.38999938964844,174.94000244140625,175.16000366210938,174.4710235595703,55772400,175.0500030517578,172.69000244140625,172.07000732421875,173.55999755859375,173.57000732421875,173.21900329589843,164.52100036621093,0.0006283953638037,172.8410542208827,164.92311626574923,63.83508686819684,1.2036174915271547,1.4499969482421875,0.0006283953638037687
852,173.97999572753906,174.7100067138672,173.4499969482422,174.1999969482422,173.51478576660156,43570900,175.16000366210938,175.0500030517578,172.69000244140625,173.75,173.5,173.28900299072265,165.03500030517577,-0.0054807415722545,173.08813471676623,165.28691550819994,64.1217596026016,1.2415333449076649,1.260009765625,-0.005480741572254533
853,173.1300048828125,173.3800048828125,171.27999877929688,171.55999755859375,170.8851776123047,50747300,174.1999969482422,175.16000366210938,175.0500030517578,172.57000732421875,171.77000427246094,173.26800231933595,165.45680023193358,-0.0151549910212273,172.81029159709848,165.53291872586243,59.51829180810546,1.2714968350955638,2.100006103515625,-0.015154991021227304
854,171.08999633789062,172.4199981689453,170.52000427246094,171.83999633789062,171.1640625,45143500,171.55999755859375,174.1999969482422,175.16000366210938,172.07000732421875,173.55999755859375,173.09600219726562,165.8418002319336,0.0016320749783249,172.6338742772425,165.78025510280472,64.96784028183072,1.3419901166342467,1.899993896484375,0.00163207497832496
855,172.41000366210938,173.89999389648438,171.69000244140625,172.99000549316406,172.30953979492188,56058300,171.83999633789062,171.55999755859375,174.1999969482422,172.07000732421875,173.75,173.02000274658204,166.24180023193358,0.0066923253013353,172.69862540741005,166.06299041223056,47.8645001735996,1.3222119626912032,2.209991455078125,0.0066923253013353445
856,173.32000732421875,175.77000427246094,173.11000061035156,175.42999267578125,174.7399444580078,54835000,172.99000549316406,171.83999633789062,171.55999755859375,172.69000244140625,172.57000732421875,173.30600128173828,166.6333999633789,0.0141047870116033,173.19523763802297,166.4303238343306,56.05014072541992,1.5100332677030581,2.660003662109375,0.014104787011603337
857,176.9600067138672,178.99000549316406,176.57000732421875,177.3000030517578,176.6025848388672,55964400,175.42999267578125,172.99000549316406,171.83999633789062,175.0500030517578,172.07000732421875,173.8290008544922,167.07940002441407,0.0106595819075965,173.9415586223384,166.8565857644258,67.18458681769299,1.8918212204414238,2.4199981689453125,0.010659581907596527
858,177.3300018310547,179.35000610351562,176.75999450683594,177.25,176.55279541015625,99625300,177.3000030517578,175.42999267578125,172.99000549316406,175.16000366210938,172.07000732421875,174.3470001220703,167.47640014648437,-0.0002820251037627,174.54309341827684,167.2641706364091,62.857145895227994,2.0585008642460263,2.5900115966796875,-0.0002820251037627397
859,177.6999969482422,180.1199951171875,176.92999267578125,180.08999633789062,179.38160705566406,68901800,177.25,177.3000030517578,175.42999267578125,174.1999969482422,172.69000244140625,175.08699951171874,167.89260009765624,0.0160225463350669,175.551621221843,167.76714419332993,68.64704805261948,2.6435919488308293,3.19000244140625,0.016022546335066945
860,181.02999877929688,181.77999877929688,179.25999450683594,180.9499969482422,180.2382202148437,61945900,180.08999633789062,177.25,177.3000030517578,171.55999755859375,175.0500030517578,175.6769989013672,168.355,0.0047753935689909,176.53314408118828,168.28411881116963,75.11986102433264,3.228167401209402,2.5200042724609375,0.004775393568990927
861,182.6300048828125,184.9499969482422,178.0399932861328,179.5800018310547,178.8736114501953,121946500,180.9499969482422,180.08999633789062,177.25,171.83999633789062,175.16000366210938,176.1189987182617,168.76800018310547,-0.0075711253953729,177.08711821752763,168.727094615871,71.39599202543653,3.444836592519661,6.910003662109375,-0.0075711253953729685
862,179.97000122070312,180.1199951171875,177.42999267578125,179.2100067138672,178.5050811767578,64848400,179.5800018310547,180.9499969482422,180.08999633789062,172.99000549316406,174.1999969482422,176.61999969482423,169.1472003173828,-0.0020603358581964,177.47309794413482,169.1381892079493,69.92187533261523,3.498632037316735,2.69000244140625,-0.002060335858196427
863,178.44000244140625,181.2100067138672,177.32000732421875,177.82000732421875,177.12054443359375,61944600,179.2100067138672,179.5800018310547,180.9499969482422,175.42999267578125,171.55999755859375,177.24600067138672,169.53800048828126,-0.0077562599049938,177.53617237687735,169.4786526634893,63.72392780283263,3.0199606262742877,3.8899993896484375,-0.007756259904993845
864,177.89999389648438,180.83999633789065,177.4600067138672,180.57000732421875,179.85972595214844,50214900,177.82000732421875,179.2100067138672,179.5800018310547,177.3000030517578,171.83999633789062,178.11900177001954,169.99640075683592,0.0154650764072117,178.0877787309394,169.9136077482238,64.46541861300179,2.5007618361515442,3.379989624023466,0.01546507640721173
865,181.5,182.22999572753903,180.6300048828125,180.9600067138672,180.24819946289065,48870700,180.57000732421875,177.82000732421875,179.2100067138672,177.25,172.99000549316406,178.91600189208984,170.40020080566407,0.0021598237460787,178.61000200056262,170.34679986452355,64.97934625233592,1.876666731424839,1.599990844726534,0.002159823746078704
866,181.2700042724609,183.88999938964844,180.97000122070312,183.7899932861328,183.0670623779297,54274900,180.9600067138672,180.57000732421875,177.82000732421875,180.08999633789062,175.42999267578125,179.752001953125,170.82880065917968,0.0156387404247855,179.55181859793902,170.87398392027293,72.58597541341797,2.0086333944592987,2.9199981689453125,0.015638740424785524
867,182.8000030517578,184.1499938964844,182.44000244140625,183.3099975585937,182.5889434814453,54929100,183.7899932861328,180.9600067138672,180.57000732421875,180.9499969482422,177.3000030517578,180.3530014038086,171.19700073242188,-0.0026116532187463,180.23512386351257,171.36167072961885,80.80758859630149,2.090893050536548,1.7099914550781534,-0.002611653218746457
868,183.3699951171875,184.38999938964844,182.0200042724609,183.9499969482422,183.22642517089844,57462900,183.3099975585937,183.7899932861328,180.9600067138672,179.5800018310547,177.25,181.0230010986328,171.55260070800782,0.0034913501618694,180.9105553334634,171.85533058132958,81.16318755924254,2.059322085407535,2.3699951171875284,0.003491350161869411
869,183.9600067138672,186.5200042724609,183.77999877929688,186.009994506836,185.27833557128903,65433200,183.9499969482422,183.3099975585937,183.7899932861328,179.2100067138672,180.08999633789062,181.61500091552733,171.96020050048827,0.0111986822113043,181.8377260922584,172.41041544115336,82.00592648162028,2.5530425117425812,2.740005493164034,0.0111986822113046
870,186.72999572753903,186.9900054931641,184.2700042724609,184.9199981689453,184.192611694336,101235600,186.009994506836,183.9499969482422,183.3099975585937,177.82000732421875,180.9499969482422,182.01200103759768,172.38340057373046,-0.0058598804907259,182.39813919711057,172.9009873128315,74.98688256662943,2.7399699957853914,2.720001220703182,-0.005859880490726166
871,184.41000366210932,186.1000061035156,184.41000366210932,185.009994506836,184.28225708007807,49799100,184.9199981689453,186.009994506836,183.9499969482422,180.57000732421875,179.5800018310547,182.55500030517575,172.790400390625,0.000486677151102,182.873021980697,173.37585034004735,72.39979359359907,2.742500538950622,1.6900024414062784,0.0004866771511020662
872,184.8999938964844,185.41000366210932,182.58999633789065,183.9600067138672,183.2364044189453,49515700,185.009994506836,184.9199981689453,186.009994506836,180.9600067138672,179.2100067138672,183.03000030517575,173.2290005493164,-0.0056753030870988,183.0706555685461,173.79091529588342,68.42401628279337,2.49934644208052,2.8200073242186647,-0.00567530308709896
873,183.7400054931641,187.0500030517578,183.6699981689453,187.0,186.2644195556641,51245300,183.9600067138672,185.009994506836,184.9199981689453,183.7899932861328,177.82000732421875,183.9479995727539,173.75300048828126,0.0165252944943692,183.78508182881043,174.3089186176135,68.76704290211268,2.01136321656072,3.3800048828125,0.016525294494369236
874,185.5500030517578,187.5599975585937,185.009994506836,186.67999267578125,185.9456787109375,53079300,187.0,183.9600067138672,185.009994506836,183.3099975585937,180.57000732421875,184.55899810791016,174.28460021972657,-0.0017112691134693,184.3114292555324,174.79405877675734,66.03249012701431,1.786679119502355,2.550003051757699,-0.0017112691134693048
875,186.8300018310547,188.0500030517578,185.22999572753903,185.2700042724609,184.541244506836,48088700,186.67999267578125,187.0,183.9600067138672,183.9499969482422,180.9600067138672,184.98999786376956,174.6788003540039,-0.0075529701019924,184.48571562224666,175.20488016874572,65.88503815987404,1.2660166446471945,2.8200073242187784,-0.007552970101992407
876,185.88999938964844,188.38999938964844,185.6699981689453,188.0599975585937,187.3202514648437,50730800,185.2700042724609,186.67999267578125,187.0,186.009994506836,183.7899932861328,185.41699829101563,175.13580017089845,0.0150590663452989,185.13558506521883,175.709002419328,71.76590412528856,1.5124217809672893,2.720001220703125,0.015059066345298744
877,187.92999267578125,189.8999938964844,187.6000061035156,189.25,188.50558471679688,51216800,188.0599975585937,185.2700042724609,186.67999267578125,184.9199981689453,183.3099975585937,186.01099853515623,175.61620025634767,0.00632778079791,185.8836605079063,176.24002193229552,78.390522999675,1.741993235927463,2.299987792968807,0.0063277807979102985
878,189.0800018310547,190.07000732421875,188.94000244140625,189.58999633789065,188.84423828125,46347300,189.25,188.0599975585937,185.2700042724609,185.009994506836,183.9499969482422,186.5749984741211,176.07860015869142,0.0017965460390523,186.55753974972163,176.76355034035808,75.45152218129033,1.9058798587919914,1.1300048828125,0.001796546039052327
879,191.6300048828125,194.47999572753903,191.259994506836,193.97000122070312,193.2070159912109,85069600,189.58999633789065,189.25,188.0599975585937,183.9600067138672,186.009994506836,187.37099914550785,176.60540008544922,0.0231025105090796,187.9052600171728,177.43831311997945,79.96321294252125,2.9948486842829434,3.2200012207030397,0.023102510509079632
880,193.77999877929688,193.8800048828125,191.759994506836,192.4600067138672,191.70297241210932,31458200,193.97000122070312,189.58999633789065,189.25,187.0,184.9199981689453,188.125,177.12160034179686,-0.0077846806069657,188.73339578020813,178.02739914326915,71.2605030697247,3.2476912677181584,2.1200103759765057,-0.007784680606965799
881,191.57000732421875,192.97999572753903,190.6199951171875,191.3300018310547,190.5774078369141,46920300,192.4600067138672,193.97000122070312,189.58999633789065,186.67999267578125,185.009994506836,188.7570007324219,177.64780029296875,-0.005871375056598,189.20550597127112,178.5490698369078,69.05897924032254,3.1885561934747306,2.360000610351534,-0.005871375056598072
882,189.83999633789065,192.0200042724609,189.1999969482422,191.8099975585937,191.05551147460932,45094300,191.3300018310547,192.4600067138672,193.97000122070312,185.2700042724609,183.9600067138672,189.54199981689453,178.17740020751953,0.002508732153585,189.67904989623887,179.06910621815038,68.82187740474349,2.8215326365262667,2.8200073242187216,0.002508732153584825
883,191.41000366210932,192.6699981689453,190.2400054931641,190.67999267578125,189.9299468994141,46778000,191.8099975585937,191.3300018310547,192.4600067138672,188.0599975585937,187.0,189.90999908447264,178.71559997558597,-0.0058912720775531,189.8610394925193,179.5244350988418,61.704275756993795,2.6900732711881514,2.4299926757812216,-0.0058912720775529115
884,189.259994506836,189.9900054931641,187.0399932861328,188.6100006103516,187.8681030273437,59922200,190.67999267578125,191.8099975585937,191.3300018310547,189.25,186.67999267578125,190.10299987792968,179.21260009765626,-0.0108558430089166,189.63357787757968,179.88073178556766,58.81511971573261,2.4947279835914005,2.9500122070312784,-0.010855843008916621
885,189.16000366210932,189.3000030517578,186.6000061035156,188.0800018310547,187.34017944335932,46638100,188.6100006103516,190.67999267578125,191.8099975585937,189.58999633789065,185.2700042724609,190.38399963378907,179.60600006103516,-0.0028100248002852,189.3511095054842,180.20227178735146,57.18299581150175,1.9988350873077576,2.699996948242216,-0.002810024800285249
886,189.67999267578125,191.6999969482422,188.47000122070312,189.7700042724609,189.02354431152344,60750200,188.0800018310547,188.6100006103516,190.67999267578125,193.97000122070312,188.0599975585937,190.55500030517575,180.00780029296874,0.0089855509621075,189.42727219038906,180.57747698284595,63.198553013423016,1.8451638806574395,3.2299957275390625,0.008985550962107514
887,190.5,191.19000244140625,189.77999877929688,190.5399932861328,189.7905120849609,41342300,189.7700042724609,188.0800018310547,188.6100006103516,192.4600067138672,189.25,190.68399963378903,180.4268002319336,0.0040574853577302,189.62958511688794,180.96816389670033,58.96655971071652,1.7879988461539125,1.410003662109375,0.004057485357730206
888,190.22999572753903,191.17999267578125,189.6300048828125,190.69000244140625,189.9399261474609,41573900,190.5399932861328,189.7700042724609,188.0800018310547,191.3300018310547,189.58999633789065,190.79400024414065,180.86980041503907,0.0007872843526774,189.82238826680037,181.34941246708095,60.245310470333074,1.7465728455754712,1.54998779296875,0.0007872843526774975
889,191.8999938964844,194.32000732421875,191.8099975585937,193.9900054931641,193.2269287109375,50520200,190.69000244140625,190.5399932861328,189.7700042724609,191.8099975585937,193.97000122070312,190.7960006713867,181.4006005859375,0.0173055902748326,190.58013685341194,181.8451219975156,70.31687952662202,1.7506214031874614,2.510009765625057,0.017305590274832694
890,193.3500061035156,194.3300018310547,192.4199981689453,193.72999572753903,192.96795654296875,48353800,193.9900054931641,190.69000244140625,190.5399932861328,190.67999267578125,192.4600067138672,190.9229995727539,181.9594006347656,-0.0013403255748359,191.1528384668896,182.3111954771244,64.97621709547909,1.922388599468887,1.910003662109375,-0.0013403255748359877
891,193.1000061035156,198.22999572753903,192.6499938964844,195.1000061035156,194.33258056640625,80507300,193.72999572753903,193.9900054931641,190.69000244140625,188.6100006103516,191.3300018310547,191.3,182.3900006103516,0.0070717514385503,191.8705053099125,182.81271746247305,65.30612570804391,2.336203968564669,5.580001831054631,0.007071751438550322
892,195.08999633789065,196.47000122070312,192.5,193.1300048828125,192.37033081054688,59581200,195.1000061035156,193.72999572753903,193.9900054931641,188.0800018310547,191.8099975585937,191.43200073242187,182.7826007080078,-0.0100973918968401,192.0995052322579,183.21731696915302,58.53424542641428,2.4045147182466278,3.970001220703125,-0.010097391896840113
893,194.1000061035156,194.97000122070312,191.22999572753903,191.94000244140625,191.1850128173828,71917800,193.1300048828125,195.1000061035156,193.72999572753903,189.7700042724609,190.67999267578125,191.5580017089844,183.18600067138672,-0.0061616652582198,192.07050472483033,183.55938306610415,44.21653372840947,2.3937187811834346,3.740005493164091,-0.006161665258219817
894,193.41000366210932,194.91000366210932,192.25,192.75,191.99180603027344,45377800,191.94000244140625,193.1300048828125,195.1000061035156,190.5399932861328,188.6100006103516,191.9720016479492,183.5698007202149,0.004220055998181,192.19404932031568,183.919799416453,50.860513111222396,2.1752444660600903,2.660003662109318,0.004220055998181094
895,193.3300018310547,194.44000244140625,192.9199981689453,193.6199951171875,192.8583831787109,37283200,192.75,191.94000244140625,193.1300048828125,190.69000244140625,188.0800018310547,192.52600097656247,183.9672006225586,0.0045135933446822,192.4533121924742,184.30019924785435,56.90172298189092,1.7347514622826874,1.5200042724609375,0.004513593344682265
896,193.6699981689453,195.63999938964844,193.32000732421875,194.5,193.7349395751953,47471900,193.6199951171875,192.75,191.94000244140625,193.9900054931641,189.7700042724609,192.9990005493164,184.4058004760742,0.0045450103553605,192.82543724838797,184.700191434213,57.916418939915275,1.5329032757876264,2.3199920654296875,0.00454501035536059
897,196.0200042724609,197.1999969482422,192.5500030517578,193.22000122070312,192.4599609375,47460200,194.5,193.6199951171875,192.75,193.72999572753903,190.5399932861328,193.26700134277343,184.8288003540039,-0.0065809705876446,192.89717615244527,185.03430162191847,57.40958685573065,1.2663162848597944,4.649993896484375,-0.006580970587644619
898,194.6699981689453,196.6300048828125,194.13999938964844,195.8300018310547,195.0597076416016,48291400,193.22000122070312,194.5,193.6199951171875,195.1000061035156,190.69000244140625,193.78100128173827,185.30400024414064,0.0135079215084483,193.4304171849197,185.45766241443363,70.4185287025384,1.1410570728948648,2.4900054931640625,0.013507921508448373
899,196.0599975585937,196.4900054931641,195.259994506836,196.4499969482422,195.67726135253903,38824100,195.8300018310547,193.22000122070312,194.5,193.1300048828125,193.9900054931641,194.0270004272461,185.77920013427732,0.0031659863728255,193.97943168734196,185.8887343569359,73.55088890720735,1.4217673080417361,1.2300109863280966,0.003165986372825502
900,196.2400054931641,196.72999572753903,195.27999877929688,195.6100006103516,194.840560913086,35175100,196.4499969482422,195.8300018310547,193.22000122070312,191.94000244140625,193.72999572753903,194.21500091552736,186.19040008544923,-0.0042758785998449,194.2758987642528,186.26996048452085,67.25765869759316,1.5002605868488736,1.449996948242159,-0.004275878599844907
901,195.0399932861328,195.17999267578125,191.8500061035156,192.5800018310547,191.822494506836,50389300,195.6100006103516,196.4499969482422,195.8300018310547,192.75,195.1000061035156,193.96300048828124,186.5388000488281,-0.0154899993346073,193.96755386730769,186.5174130863457,55.31805546937027,1.5460337112254128,3.3299865722656534,-0.015489999334607374
902,191.57000732421875,192.3699951171875,190.69000244140625,191.1699981689453,190.41802978515625,61235200,192.5800018310547,195.6100006103516,196.4499969482422,193.6199951171875,193.1300048828125,193.76699981689453,186.8782000732422,-0.0073216515147109,193.45890737669632,186.6998674033104,51.17415682945929,1.771214265583398,1.67999267578125,-0.007321651514710981
903,185.5200042724609,187.3800048828125,181.9199981689453,181.9900054931641,181.274154663086,115799700,191.1699981689453,192.5800018310547,195.6100006103516,194.5,191.94000244140625,192.77200012207032,187.0868002319336,-0.0480200489810563,191.37365248878137,186.51516693624583,27.203653760084592,4.132449256737544,5.4600067138671875,-0.048020048981056385
904,182.1300048828125,183.1300048828125,177.35000610351562,178.85000610351562,178.146484375,97576100,181.9900054931641,191.1699981689453,192.5800018310547,193.22000122070312,192.75,191.3820007324219,187.22700042724608,-0.0172536913834338,189.0966258732785,186.21457239378583,24.520563049375284,6.038714746907616,5.779998779296875,-0.0172536913834338
905,179.69000244140625,180.2700042724609,177.5800018310547,179.8000030517578,179.09274291992188,67823000,178.85000610351562,181.9900054931641,191.1699981689453,195.8300018310547,193.6199951171875,190.00000152587893,187.363200378418,0.005311696482092,187.4063308148202,185.96302065488277,23.41902047849429,6.977977385162037,2.6900024414062216,0.005311696482092065
906,180.8699951171875,180.92999267578125,177.00999450683594,178.19000244140625,177.4890899658203,60378500,179.8000030517578,178.85000610351562,181.9900054931641,196.4499969482422,194.5,188.3690017700196,187.41840057373048,-0.0089543970134867,185.73063474692674,185.658196411217,23.71567307299955,7.680089738787959,3.9199981689453125,-0.00895439701348677
907,179.47999572753906,180.75,177.60000610351562,177.97000122070312,177.26995849609375,54686900,178.19000244140625,179.8000030517578,178.85000610351562,195.6100006103516,193.22000122070312,186.8440017700196,187.43180053710935,-0.0012346440186814,184.31961046943152,185.3566985606086,24.55371486446073,8.111752600850782,3.149993896484375,-0.0012346440186814522
908,177.32000732421875,178.6199951171875,176.5500030517578,177.7899932861328,177.32980346679688,51988100,177.97000122070312,178.19000244140625,179.8000030517578,192.5800018310547,195.8300018310547,185.04000091552737,187.44260040283203,-0.001011450993626,183.13240734519536,185.05996502043308,22.11034463140227,7.894354199299503,2.0699920654296875,-0.0010114509936260951
909,177.97000122070312,179.69000244140625,177.30999755859375,179.4600067138672,178.9954833984375,43675600,177.7899932861328,177.97000122070312,178.19000244140625,191.1699981689453,196.4499969482422,183.34100189208988,187.4300006103516,0.0093931801046118,182.46469813949932,184.84035881233245,24.366431781581724,6.935975482331766,2.3800048828125,0.009393180104611876
910,178.8800048828125,179.47999572753906,177.0500030517578,177.4499969482422,176.9906768798828,43622600,179.4600067138672,177.7899932861328,177.97000122070312,181.9900054931641,195.6100006103516,181.5250015258789,187.3600006103516,-0.0112003214667755,181.55293428654346,184.55054070001518,20.347836517155386,5.619082956245552,2.42999267578125,-0.01120032146677552
911,177.1300048828125,178.5399932861328,176.5,176.57000732421875,176.1129608154297,46964900,177.4499969482422,179.4600067138672,177.7899932861328,178.85000610351562,192.5800018310547,179.92400207519532,187.29980072021485,-0.0049590850332903,180.6469475661208,184.23757860684668,20.63493772154841,4.227867636983731,2.0399932861328125,-0.004959085033290345
912,177.13999938964844,177.50999450683594,173.47999572753906,174.0,173.54962158203125,66062900,176.57000732421875,177.4499969482422,179.4600067138672,179.8000030517578,191.1699981689453,178.20700225830078,187.1956005859375,-0.0145551748179955,179.4384116450079,183.83610493598994,11.444733402503601,2.1085611612560746,4.029998779296875,-0.014555174817995509
913,172.3000030517578,175.10000610351562,171.9600067138672,174.49000549316406,174.03834533691406,61114200,174.0,176.57000732421875,177.4499969482422,178.19000244140625,181.9900054931641,177.45700225830078,187.1290005493164,0.0028161235239314,178.53870143558174,183.4695912323497,11.03624311378671,1.9406248424976809,3.1399993896484375,0.0028161235239314575
914,175.07000732421875,176.1300048828125,173.74000549316406,175.83999633789062,175.3848419189453,46311900,174.49000549316406,174.0,176.57000732421875,177.97000122070312,178.85000610351562,177.15600128173827,187.03440032958983,0.0077367803440149,178.04802778145608,183.170391432567,15.545500042813927,1.9339785006508183,2.3899993896484375,0.007736780344014926
915,177.05999755859375,177.67999267578125,176.25,177.22999572753906,176.771240234375,42084200,175.83999633789062,174.49000549316406,174.0,177.7899932861328,179.8000030517578,176.8990005493164,186.9598001098633,0.0079049102513482,177.89929468074388,182.93743473825216,21.626625299675652,1.7002186664043095,1.42999267578125,0.007904910251348207
916,178.52000427246094,181.5500030517578,178.3300018310547,181.1199951171875,180.65118408203125,52722800,177.22999572753906,175.83999633789062,174.49000549316406,179.4600067138672,178.19000244140625,177.19199981689454,186.9064001464844,0.0219488770717382,178.48487657827908,182.86616259624964,32.98340962724238,2.1423848386244146,3.220001220703125,0.021948877071738204
917,180.6699981689453,181.1000061035156,176.00999450683594,176.3800048828125,175.92344665527344,54945800,181.1199951171875,177.22999572753906,175.83999633789062,177.4499969482422,177.97000122070312,177.03300018310546,186.7678002929688,-0.0261704414871928,178.1021726336488,182.6118034702325,38.82025106139451,2.1372244701977086,5.090011596679659,-0.02617044148719283
918,177.3800048828125,179.14999389648438,175.82000732421875,178.61000061035156,178.14767456054688,51449600,176.3800048828125,181.1199951171875,177.22999572753906,176.57000732421875,177.7899932861328,177.11500091552733,186.6610003662109,0.0126431322474487,178.1945049930493,182.45487002474698,49.50371088832249,2.1846994838454856,3.329986572265625,0.01264313224744873
919,180.08999633789062,180.58999633789065,178.5500030517578,180.19000244140625,179.7235870361328,43820700,178.61000061035156,176.3800048828125,181.1199951171875,174.0,179.4600067138672,177.18800048828126,186.54460052490236,0.0088460994661858,178.55732271093237,182.3660516881454,50.78597176172193,2.2817999553500594,2.039993286132841,0.008846099466185864
920,179.6999969482422,184.8999938964844,179.5,184.1199951171875,183.64341735839844,53003900,180.19000244140625,178.61000061035156,176.3800048828125,174.49000549316406,177.4499969482422,177.8550003051758,186.5286004638672,0.0218102703953244,179.56871769388783,182.43483378340196,60.928845574108315,3.16920107631238,5.399993896484403,0.02181027039532446
921,184.94000244140625,187.8500061035156,184.7400054931641,187.6499938964844,187.16427612304688,60813900,184.1199951171875,180.19000244140625,178.61000061035156,175.83999633789062,176.57000732421875,178.96299896240234,186.58140045166016,0.0191722728270231,181.03804063981448,182.63934986626793,65.90011810021076,4.376815196862763,3.1100006103515057,0.019172272827023162
922,187.83999633789065,189.1199951171875,187.47999572753903,187.8699951171875,187.3837127685547,60794500,187.6499938964844,184.1199951171875,180.19000244140625,177.22999572753906,174.0,180.3499984741211,186.65960021972657,0.0011724019603456,182.280214181155,182.84447320944125,66.53543839238023,4.805947088450376,1.639999389648466,0.001172401960345626
923,189.4900054931641,189.9199981689453,188.27999877929688,189.4600067138672,188.9696044921875,45732600,187.8699951171875,187.6499938964844,184.1199951171875,181.1199951171875,174.49000549316406,181.8469985961914,186.7088003540039,0.0084633610369122,183.58563100528448,183.10390589588934,66.44737172324969,5.1002917725845665,1.6399993896484375,0.008463361036912254
924,188.27999877929688,189.97999572753903,187.6100006103516,189.6999969482422,189.2089691162109,45280000,189.4600067138672,187.8699951171875,187.6499938964844,176.3800048828125,175.83999633789062,183.23299865722657,186.76920043945316,0.0012667065653462,184.69733390400404,183.36257613323653,71.39366218726916,5.169271717279848,2.369995117187443,0.0012667065653462206
925,188.3999938964844,188.8500061035156,181.47000122070312,182.91000366210932,182.43655395507807,81755800,189.6999969482422,189.4600067138672,187.8699951171875,178.61000061035156,177.22999572753906,183.8009994506836,186.7220004272461,-0.0357933231173716,184.37236476911409,183.3448281931923,59.17776544743524,4.72974468846983,7.380004882812472,-0.03579332311737171
926,175.17999267578125,178.2100067138672,173.5399932861328,177.55999755859375,177.10040283203125,112488800,182.91000366210932,189.6999969482422,189.4600067138672,180.19000244140625,181.1199951171875,183.44499969482425,186.5120004272461,-0.0292493903909087,183.13375254901948,183.11797208987474,54.769560250584476,5.075314171798231,4.670013427734375,-0.02924939039090868
927,178.35000610351562,180.2400054931641,177.7899932861328,178.17999267578125,177.71878051757812,65551300,177.55999755859375,182.91000366210932,189.6999969482422,184.1199951171875,176.3800048828125,183.6249984741211,186.2906002807617,0.0034917499758519,182.23306893570341,182.92432583834167,54.92655606173765,4.822533648214373,2.4500122070312784,0.0034917499758519988
928,180.07000732421875,180.3000030517578,177.33999633789062,179.36000061035156,178.89573669433594,58953100,178.17999267578125,177.55999755859375,182.91000366210932,187.6499938964844,178.61000061035156,183.6999984741211,186.08600036621087,0.0066225613597228,181.7106928765485,182.7845483784205,54.721037860068485,4.74101759233868,2.9600067138671875,0.006622561359722834
929,179.49000549316406,180.1300048828125,174.82000732421875,176.3000030517578,175.84365844726562,90370200,179.36000061035156,178.17999267578125,177.55999755859375,187.8699951171875,180.19000244140625,183.31099853515624,185.732600402832,-0.0170606464550666,180.72693109022293,182.5302524832573,48.80617058668211,5.1985241588782,5.30999755859375,-0.017060646455066664
930,176.50999450683594,177.3000030517578,173.97999572753906,174.2100067138672,173.75906372070312,84267900,176.3000030517578,179.36000061035156,178.17999267578125,189.4600067138672,184.1199951171875,182.31999969482425,185.36760040283204,-0.0118547719892951,179.54203574906734,182.2039683354381,40.6998756705759,5.921473826675299,3.32000732421875,-0.011854771989295187
931,174.0,176.10000610351562,173.5800018310547,175.74000549316406,175.28512573242188,60895800,174.2100067138672,176.3000030517578,179.36000061035156,189.6999969482422,187.6499938964844,181.12900085449215,185.0558004760742,0.0087824965290876,178.8507575207213,181.9504795965254,49.05716023667767,5.928062955575877,2.5200042724609375,0.008782496529087691
932,176.47999572753906,176.5,173.82000732421875,175.00999450683594,174.55697631835938,109205100,175.74000549316406,174.2100067138672,176.3000030517578,182.91000366210932,187.8699951171875,179.84300079345704,184.71980041503903,-0.0041539260470577,178.15243697274212,181.67830371065526,44.45128570810372,5.69347235496335,2.67999267578125,-0.004153926047057777
933,176.47999572753906,179.3800048828125,176.1699981689453,177.97000122070312,177.50933837890625,67257600,175.00999450683594,175.74000549316406,174.2100067138672,177.55999755859375,189.4600067138672,178.69400024414062,184.4656005859375,0.0169133581325355,178.11926683600774,181.53288008359831,46.71791729756167,4.589359057327079,3.2100067138671875,0.016913358132535583
934,177.52000427246094,179.6300048828125,177.1300048828125,179.07000732421875,178.6064910888672,51826900,177.97000122070312,175.00999450683594,175.74000549316406,178.17999267578125,189.6999969482422,177.6310012817383,184.27480072021484,0.0061808512444267,178.29212874295519,181.43629683813245,41.85223554158079,2.5225582020931223,2.5,0.006180851244426799
935,179.25999450683594,179.6999969482422,175.39999389648438,175.49000549316406,175.03575134277344,58436200,179.07000732421875,177.97000122070312,175.00999450683594,179.36000061035156,182.91000366210932,176.88900146484374,184.02300079345704,-0.0199921912359831,177.7826517884477,181.20310894225133,30.412404835419963,1.7788903688205735,4.3000030517578125,-0.01999219123598317
936,174.5500030517578,176.3000030517578,173.86000061035156,173.92999267578125,173.47979736328125,63047900,175.49000549316406,179.07000732421875,177.97000122070312,176.3000030517578,177.55999755859375,176.5260009765625,183.70620056152345,-0.0088894681665707,177.0821683134174,180.91788869650742,28.474386656726637,1.9851633632620758,2.44000244140625,-0.008889468166570769
937,174.6699981689453,177.0800018310547,174.0500030517578,174.7899932861328,174.33755493164062,56725400,173.92999267578125,175.49000549316406,179.07000732421875,174.2100067138672,178.17999267578125,176.18700103759767,183.39120056152345,0.0049445216268977,176.66540921754748,180.67757907257115,26.82464121383694,1.9606316097825938,3.029998779296875,0.0049445216268977354
938,174.1999969482422,176.97000122070312,174.14999389648438,176.0800018310547,175.6242218017578,46172700,174.7899932861328,173.92999267578125,175.49000549316406,175.74000549316406,179.36000061035156,175.85900115966797,183.0990005493164,0.0073803340836,176.55897151091241,180.49728192584502,29.174346602707388,1.61466784082654,2.82000732421875,0.00738033408360006
939,174.82000732421875,175.1999969482422,171.66000366210938,171.9600067138672,171.514892578125,64588900,176.0800018310547,174.7899932861328,173.92999267578125,175.00999450683594,176.3000030517578,175.4250015258789,182.6584005737305,-0.0233984272736466,175.72279609326785,180.16248681949295,31.768263899933444,2.016280633136856,3.5399932861328125,-0.023398427273646605
940,172.6199951171875,173.0399932861328,169.0500030517578,170.42999267578125,169.98883056640625,66921800,171.9600067138672,176.0800018310547,174.7899932861328,177.97000122070312,174.2100067138672,175.0470001220703,182.1924005126953,-0.008897499292564,174.76046819917937,179.78082038248465,36.39833917641128,2.5524179980427335,3.989990234375,-0.008897499292564004
941,169.33999633789062,172.02999877929688,167.6199951171875,170.69000244140625,170.24818420410156,56294400,170.42999267578125,171.9600067138672,176.0800018310547,179.07000732421875,175.74000549316406,174.54199981689453,181.70420043945316,0.001525610378448,174.02038351594788,179.42431771812863,35.51262905006169,2.8787817252223094,4.410003662109375,0.0015256103784480057
942,172.02000427246094,173.07000732421875,170.33999633789062,171.2100067138672,170.76683044433594,51814200,170.69000244140625,170.42999267578125,171.9600067138672,175.49000549316406,175.00999450683594,174.16200103759766,181.26580047607425,0.0030464834789574,173.50940591556957,179.10218787482427,33.82299849290308,3.0555164371529084,2.730010986328125,0.003046483478957418
943,171.22000122070312,174.3000030517578,170.92999267578125,173.75,173.30026245117188,52164500,171.2100067138672,170.69000244140625,170.42999267578125,173.92999267578125,177.97000122070312,173.74000091552733,180.9020004272461,0.0148355422377719,173.55315029455693,178.89229815424292,44.83178570699607,2.7469915808952226,3.3700103759765625,0.014835542237771948
944,172.25999450683594,173.6300048828125,170.82000732421875,172.39999389648438,171.95375061035156,49594600,173.75,171.2100067138672,170.69000244140625,174.7899932861328,179.07000732421875,173.0729995727539,180.49500030517575,-0.0077698193008093,173.34348549490736,178.63769798727202,46.21812034960571,2.0235119990134747,2.80999755859375,-0.007769819300809333
945,171.08999633789062,174.2100067138672,170.97000122070312,173.66000366210938,173.2104949951172,53020300,172.39999389648438,173.75,171.2100067138672,176.0800018310547,175.49000549316406,172.88999938964844,180.09580047607423,0.0073086415906811,173.40103425258044,178.44249428824605,45.60440658924652,1.8564952884047203,3.2400054931640625,0.00730864159068112
946,173.7899932861328,175.4499969482422,172.67999267578125,174.91000366210938,174.45726013183594,48527900,173.66000366210938,172.39999389648438,173.75,171.9600067138672,173.92999267578125,172.98800048828124,179.70400054931642,0.0071979728989994,173.67539232704024,178.30396524408383,49.79323705641255,1.941418778884448,2.7700042724609375,0.007197972898999483
947,173.8000030517578,177.99000549316406,173.17999267578125,177.49000549316406,177.0305938720703,57224100,174.91000366210938,173.66000366210938,172.39999389648438,170.42999267578125,174.7899932861328,173.25800170898438,179.38940063476562,0.0147504532447368,174.36895835724457,178.2720452538517,48.9916083297377,2.362057161405304,4.8100128173828125,0.014750453244736894
948,176.80999755859375,179.0500030517578,175.8000030517578,178.99000549316406,178.52670288085938,42390800,177.49000549316406,174.91000366210938,173.66000366210938,170.69000244140625,176.0800018310547,173.54900207519532,179.05260070800782,0.0084511800866318,175.20914874559355,178.30020055735417,49.834707356673334,2.872459203177072,3.25,0.008451180086631815
949,178.10000610351562,179.72000122070312,177.9499969482422,178.38999938964844,177.92825317382812,43698000,178.99000549316406,177.49000549316406,174.91000366210938,171.2100067138672,171.9600067138672,174.19200134277344,178.69140075683595,-0.0033521765746777,175.7874852263308,178.30372208018923,56.8331418200331,3.1804099146075697,1.7700042724609375,-0.00335217657467779
950,178.1999969482422,179.85000610351562,177.60000610351562,179.8000030517578,179.3345947265625,47551100,178.38999938964844,178.99000549316406,177.49000549316406,173.75,170.42999267578125,175.1290023803711,178.37520080566406,0.0079040510506958,176.51703392186297,178.36239976534878,63.92974746659116,3.3258637898423316,2.25,0.007904051050695804
951,180.07000732421875,182.33999633789065,179.0399932861328,180.7100067138672,180.24224853515625,56743100,179.8000030517578,178.38999938964844,178.99000549316406,172.39999389648438,170.69000244140625,176.1310028076172,178.1378009033203,0.0050611993696541,177.27939261131826,178.45446278293775,64.01514604182861,3.3492149973723375,3.300003051757841,0.005061199369654101
952,181.4199981689453,181.92999267578125,178.13999938964844,178.85000610351562,178.38705444335938,51427100,180.7100067138672,179.8000030517578,178.38999938964844,173.66000366210938,171.2100067138672,176.89500274658204,177.8914010620117,-0.0102927372101571,177.5649587008087,178.46997428570552,56.38542672807688,2.9494818224493438,3.7899932861328125,-0.01029273721015711
953,176.75,179.0800018310547,176.50999450683594,178.72000122070312,178.2574005126953,52517000,178.85000610351562,180.7100067138672,179.8000030517578,174.91000366210938,173.75,177.39200286865236,177.8260009765625,-0.0007268933652552,177.77496643169857,178.47977926354855,69.09596712388286,2.774176016401318,2.57000732421875,-0.0007268933652552212
954,176.64999389648438,178.4199981689453,174.8000030517578,177.14999389648438,176.6914520263672,57549400,178.72000122070312,178.85000610351562,180.7100067138672,177.49000549316406,172.39999389648438,177.86700286865235,177.79200073242188,-0.0087847320585005,177.6613350616596,178.42763081778133,68.94019672943338,2.164014733318835,3.6199951171875,-0.0087847320585005
955,175.5800018310547,177.5800018310547,175.11000061035156,175.83999633789062,175.3848419189453,54764400,177.14999389648438,178.72000122070312,178.85000610351562,178.99000549316406,173.66000366210938,178.08500213623046,177.71280059814453,-0.0073948495835638,177.33018256642887,178.32615495582485,63.70405319370096,1.7663935084245497,2.470001220703125,-0.007394849583563845
956,176.0399932861328,177.83999633789062,175.19000244140625,175.4600067138672,175.00584411621094,59302900,175.83999633789062,177.14999389648438,178.72000122070312,178.38999938964844,174.91000366210938,178.14000244140624,177.65820068359375,-0.0021609965419543,176.99015059323582,178.213756985552,61.394086961075,1.6620285316611643,2.649993896484375,-0.002160996541954341
957,175.30999755859375,175.4199981689453,172.63999938964844,172.8800048828125,172.43251037597656,64189300,175.4600067138672,175.83999633789062,177.14999389648438,179.8000030517578,177.49000549316406,177.6790023803711,177.55640075683593,-0.0147042159599483,176.24285137315886,178.00459023642497,47.6725693338885,2.3565727770417353,2.779998779296875,-0.014704215959948308
958,170.91000366210938,174.00999450683594,169.92999267578125,173.0,172.5522003173828,55980100,172.8800048828125,175.4600067138672,175.83999633789062,180.7100067138672,178.99000549316406,177.0800018310547,177.46060089111327,0.0006940948276166,175.65324203258453,177.80833179578087,51.71822837467009,2.7196248682166604,4.0800018310546875,0.0006940948276166203
959,173.0500030517578,173.6699981689453,171.4499969482422,173.44000244140625,172.99105834960938,43816600,173.0,172.8800048828125,175.4600067138672,178.85000610351562,178.38999938964844,176.58500213623046,177.34020080566407,0.0025433667133309,175.25083483418848,177.63702476227598,49.33893922165572,2.8992430006002006,2.220001220703125,0.0025433667133309967
960,171.8800048828125,173.05999755859375,170.64999389648438,171.10000610351562,170.65713500976562,57157000,173.44000244140625,173.0,172.8800048828125,178.72000122070312,179.8000030517578,175.71500244140626,177.21320098876953,-0.0134916761124997,174.49613870133888,177.3806710893834,39.25551269671605,3.123929962418785,2.410003662109375,-0.013491676112499795
961,170.3699951171875,171.3800048828125,165.6699981689453,166.88999938964844,166.45802307128906,70625300,171.10000610351562,173.44000244140625,173.0,177.14999389648438,180.7100067138672,174.33300170898437,177.01960083007813,-0.0246055322249382,173.1132042810315,176.96927219919775,22.623973618710295,3.676680214970075,5.7100067138671875,-0.02460553222493822
962,166.91000366210938,168.9600067138672,166.8300018310547,168.22000122070312,167.78457641601562,58499100,166.88999938964844,171.10000610351562,173.44000244140625,175.83999633789062,178.85000610351562,173.27000122070314,176.90400085449218,0.0079693321104845,172.22353099733542,176.62616353337444,21.938524391378436,3.76131688695781,2.1300048828125,0.007969332110484562
963,169.02000427246094,171.1699981689453,168.8699951171875,170.2899932861328,169.8491973876953,51131000,168.22000122070312,166.88999938964844,171.10000610351562,175.4600067138672,178.72000122070312,172.4270004272461,176.82000061035157,0.0123052672120353,171.87197868620765,176.37768626877673,30.396890929958772,3.3233013443702717,2.3000030517578125,0.012305267212035398
964,169.35000610351562,170.89999389648438,167.89999389648438,170.77000427246094,170.32797241210938,44846000,170.2899932861328,168.22000122070312,166.88999938964844,172.8800048828125,177.14999389648438,171.78900146484375,176.71860076904298,0.0028187856318813,171.67161970189008,176.15777717088199,27.116082739248867,2.901484842392151,3.0,0.0028187856318813154
965,171.0,174.22999572753906,170.1199951171875,173.97000122070312,173.51968383789062,56934900,170.77000427246094,170.2899932861328,168.22000122070312,173.0,175.83999633789062,171.602001953125,176.65340087890624,0.0187386359909942,172.08950725076517,176.07198203558085,34.695721649806,2.661746313052967,4.1100006103515625,0.018738635990994235
966,175.52000427246094,177.77999877929688,175.4600067138672,177.57000732421875,177.11038208007812,77334800,173.97000122070312,170.77000427246094,170.2899932861328,173.44000244140625,175.4600067138672,171.81300201416016,176.58240112304688,0.020693257908003,173.0859618095749,176.13072812533136,47.306400982316255,3.0559908019310473,2.3199920654296875,0.020693257908003027
967,174.24000549316406,176.82000732421875,173.35000610351562,176.64999389648438,176.1927490234375,79763700,177.57000732421875,173.97000122070312,170.77000427246094,171.10000610351562,172.8800048828125,172.19000091552735,176.5878009033203,-0.0051811307641304,173.73396764355846,176.151091488906,45.78410228042588,3.413835113915465,3.470001220703125,-0.005181130764130404
968,176.3800048828125,179.42999267578125,176.2100067138672,179.22999572753906,178.7660675048828,63841300,176.64999389648438,177.57000732421875,173.97000122070312,166.88999938964844,173.0,172.81300048828126,176.60020080566406,0.0146051622994483,174.73324547700946,176.2718328315975,54.06885913147924,4.081293033461147,3.2199859619140625,0.014605162299448304
969,179.17999267578125,182.44000244140625,178.97000122070312,181.82000732421875,181.349365234375,70530000,179.22999572753906,176.64999389648438,177.57000732421875,168.22000122070312,173.44000244140625,173.6510009765625,176.63280090332032,0.0144507708442784,176.0217476310475,176.4894083018964,61.140098738592876,4.984678390769149,3.470001220703125,0.014450770844278482
970,182.3500061035156,183.4499969482422,181.58999633789065,182.88999938964844,182.4165954589844,49340300,181.82000732421875,179.22999572753906,176.64999389648438,170.2899932861328,171.10000610351562,174.8300003051758,176.60820098876954,0.0058848972738281,177.27052067806585,176.7404118739651,63.494342115764915,5.6624915069898485,1.860000610351534,0.005884897273828127
971,182.9600067138672,184.1199951171875,181.8099975585937,182.41000366210932,181.93783569335932,53763500,182.88999938964844,181.82000732421875,179.22999572753906,170.77000427246094,166.88999938964844,176.3820007324219,176.50340118408204,-0.0026245050529879,178.2049721297101,176.9627488068335,68.73769187474707,5.363457360192313,2.309997558593807,-0.0026245050529880576
972,183.97000122070312,186.57000732421875,183.52999877929688,186.3999938964844,186.16244506835932,66133400,182.41000366210932,182.88999938964844,181.82000732421875,173.97000122070312,168.22000122070312,178.2,176.47400115966798,0.0218737468026479,179.6949760873054,177.3328368495649,72.86686949212735,5.370607366109239,3.040008544921875,0.021873746802647975
973,185.82000732421875,186.02999877929688,184.2100067138672,184.8000030517578,184.5644989013672,43627500,186.3999938964844,182.41000366210932,182.88999938964844,177.57000732421875,170.2899932861328,179.6510009765625,176.38080108642578,-0.0085836421519152,180.62316280811493,177.62566689670973,68.6474033263751,4.938832600007702,1.8199920654296875,-0.008583642151915205
974,187.6999969482422,188.1100006103516,186.3000030517578,187.44000244140625,187.2011260986328,60108400,184.8000030517578,186.3999938964844,182.41000366210932,176.64999389648438,170.77000427246094,181.31800079345703,176.33560119628908,0.0142857107470342,181.86258819598606,178.01054280042334,76.56045375536722,4.391104195781553,1.8099975585937784,0.01428571074703422
975,187.8500061035156,189.5,187.77999877929688,188.009994506836,187.7703857421875,53790500,187.44000244140625,184.8000030517578,186.3999938964844,179.22999572753906,173.97000122070312,182.7220001220703,176.43760101318358,0.0030409307405332,182.9802984343224,178.40267816145914,88.93805110569954,4.008514625354568,1.720001220703125,0.003040930740533465
976,189.57000732421875,190.9600067138672,188.6499938964844,189.7100067138672,189.4682464599609,54412900,188.009994506836,187.44000244140625,184.8000030517578,181.82000732421875,177.57000732421875,183.93600006103517,176.68060119628908,0.0090421374219518,184.203881757876,178.84610281057317,89.08694288640257,4.111838644355583,2.310012817382784,0.00904213742195159
977,190.25,190.3800048828125,188.57000732421875,189.69000244140625,189.44825744628903,50922700,189.7100067138672,188.009994506836,187.44000244140625,182.88999938964844,176.64999389648438,185.24000091552733,176.91080139160155,-0.0001054465855937,185.20135824579057,179.2713537764882,88.12892228279458,3.577451430110839,1.80999755859375,-0.0001054465855937492
978,189.88999938964844,191.91000366210932,189.8800048828125,191.4499969482422,191.2060089111328,46505100,189.69000244140625,189.7100067138672,188.009994506836,182.41000366210932,179.22999572753906,186.46200103759764,177.1526013183594,0.0092782670893769,186.33747437350902,179.74894762636092,88.6975893170205,3.3779427334877266,2.029998779296818,0.009278267089376957
979,191.41000366210932,191.5200042724609,189.7400054931641,190.63999938964844,190.3970489501953,38134500,191.4499969482422,189.69000244140625,189.7100067138672,186.3999938964844,181.82000732421875,187.34400024414063,177.43940124511718,-0.0042308569940209,187.11975164917072,180.17604769550945,84.2581112091568,3.1767001150348935,1.7799987792968182,-0.004230856994020926
980,191.4900054931641,192.92999267578125,190.8300018310547,191.3099975585937,191.06619262695312,39617700,190.63999938964844,191.4499969482422,189.69000244140625,184.8000030517578,182.88999938964844,188.18600006103517,177.78140106201172,0.0035144679557823,187.88161454179308,180.6126731803363,82.1027900775058,2.9744128600389956,2.0999908447265625,0.0035144679557821412
981,190.8699951171875,190.8999938964844,189.25,189.97000122070312,189.7279052734375,24048300,191.3099975585937,190.63999938964844,191.4499969482422,187.44000244140625,182.41000366210932,188.9419998168945,178.0660009765625,-0.0070043194552871,188.26132121068582,180.979627221135,80.52250568883498,2.204272522634745,1.6499938964844034,-0.007004319455287011
982,189.9199981689453,190.6699981689453,188.8999938964844,189.7899932861328,189.54812622070312,40552600,189.97000122070312,191.3099975585937,190.63999938964844,188.009994506836,186.3999938964844,189.28099975585937,178.36160095214845,-0.0009475597905649,188.5392615880398,181.32513177270354,77.18848313988747,2.0231286394171857,1.770004272460909,-0.0009475597905649336
983,189.77999877929688,191.0800018310547,189.3999938964844,190.3999938964844,190.1573486328125,38415400,189.7899932861328,189.97000122070312,191.3099975585937,189.7100067138672,184.8000030517578,189.840998840332,178.61020080566405,0.0032140820482138,188.87757655321155,181.68100871873415,74.59862495690956,1.2855725962970612,1.680007934570284,0.003214082048213829
984,190.8999938964844,192.08999633789065,188.97000122070312,189.3699951171875,189.128662109375,43014200,190.3999938964844,189.7899932861328,189.97000122070312,189.69000244140625,187.44000244140625,190.03399810791012,178.81620056152343,-0.0054096576277039,188.96710720120717,181.98253759710488,68.62070023896683,0.9977110319712017,3.1199951171875284,-0.0054096576277039565
985,189.83999633789065,190.32000732421875,188.19000244140625,189.9499969482422,189.7079162597656,48794400,189.3699951171875,190.3999938964844,189.7899932861328,191.4499969482422,188.009994506836,190.2279983520508,179.105400390625,0.0030627968844576,189.14581442794082,182.294986983424,71.54285674425995,0.7065526952315475,2.1300048828125,0.0030627968844576525
986,190.3300018310547,191.5599975585937,189.22999572753903,191.2400054931641,190.9962921142578,45679300,189.9499969482422,189.3699951171875,190.3999938964844,190.63999938964844,189.7100067138672,190.3809982299805,179.45160064697265,0.0067913059523418,189.5265764397996,182.64577202302166,66.35138715766965,0.7464511512052806,2.330001831054659,0.006791305952341897
987,189.97999572753903,190.0500030517578,187.4499969482422,189.42999267578125,189.18858337402344,43389500,191.2400054931641,189.9499969482422,189.3699951171875,191.3099975585937,189.69000244140625,190.354997253418,179.7444006347656,-0.0094646139165036,189.50901575543264,182.91181989175732,65.42299102264214,0.7770942861919607,2.600006103515625,-0.009464613916503661
988,190.2100067138672,194.3999938964844,190.17999267578125,193.4199981689453,193.1735076904297,66628400,189.42999267578125,191.2400054931641,189.9499969482422,189.97000122070312,191.4499969482422,190.55199737548827,180.09120056152344,0.0210632193814901,190.2201034669804,183.32390531439214,68.27623578701532,1.2129850950009442,4.220001220703153,0.02106321938149014
989,194.4499969482422,194.759994506836,192.1100006103516,192.32000732421875,192.07492065429688,41089700,193.4199981689453,189.42999267578125,191.2400054931641,189.7899932861328,190.63999938964844,190.71999816894527,180.4984005737305,-0.0056870585003612,190.60190416829644,183.676693628503,62.75904436243386,1.336573883917844,2.6499938964844034,-0.0056870585003612195
990,193.6300048828125,195.0,193.58999633789065,194.2700042724609,194.02243041992188,47477700,192.32000732421875,193.4199981689453,189.42999267578125,190.3999938964844,191.3099975585937,191.01599884033203,180.9752008056641,0.0101393348272642,191.26883145996268,184.09211757532486,63.30219854569793,1.746620476651936,1.4100036621093466,0.010139334827264257
991,194.1999969482422,195.9900054931641,193.6699981689453,195.7100067138672,195.4605865478516,53377300,194.2700042724609,192.32000732421875,193.4199981689453,189.3699951171875,189.97000122070312,191.58999938964843,181.4756008911133,0.0074123766394049,192.0763178697635,184.547721070954,66.21767272386461,2.2385754496882235,2.3200073242187784,0.007412376639404972
992,193.1100006103516,193.4900054931641,191.4199981689453,193.17999267578125,192.93380737304688,60943700,195.7100067138672,194.2700042724609,192.32000732421875,189.9499969482422,189.7899932861328,191.9289993286133,181.9150006103516,-0.012927361664163,192.27698601631215,184.88624152604527,54.47489092707447,2.1918999238760932,2.0700073242187784,-0.012927361664163084
993,193.0800018310547,194.72000122070312,191.72000122070312,194.7100067138672,194.4618682861328,52696900,193.17999267578125,195.7100067138672,194.2700042724609,191.2400054931641,190.3999938964844,192.3600006103516,182.3342007446289,0.007920147510585,192.7193534158676,185.27148721968533,60.14961948249619,2.279823358248689,3.0,0.007920147510585007
994,195.08999633789065,198.0,194.8500061035156,197.9600067138672,197.7077178955078,70404200,194.7100067138672,193.17999267578125,195.7100067138672,189.42999267578125,189.3699951171875,193.21900177001956,182.84540100097652,0.0166914893325229,193.67219947004935,185.76907621945716,64.69287288708733,2.620844997122849,3.1499938964844034,0.016691489332522957
995,198.0200042724609,199.6199951171875,196.16000366210932,198.1100006103516,197.85752868652344,66831600,197.9600067138672,194.7100067138672,193.17999267578125,193.4199981689453,189.9499969482422,194.03500213623047,183.33440093994145,0.0007576979763452,194.47907240464974,186.25303403870794,68.98316483938802,2.7567365498045224,3.459991455078182,0.000757697976345284
996,197.52999877929688,198.3999938964844,197.0,197.57000732421875,197.31822204589844,128256700,198.1100006103516,197.9600067138672,194.7100067138672,192.32000732421875,191.2400054931641,194.66800231933595,183.7876010131836,-0.0027257245190509,195.0410605718441,186.69683691264953,67.84404141704923,2.770353582958252,1.3999938964844034,-0.002725724519050954
997,196.08999633789065,196.6300048828125,194.38999938964844,195.88999938964844,195.64035034179688,55751900,197.57000732421875,198.1100006103516,197.9600067138672,194.2700042724609,189.42999267578125,195.31400299072263,184.1556008911133,-0.0085033551262331,195.19541308417215,187.05735308821812,62.00261407208767,2.0805206055494665,2.2400054931640625,-0.008503355126233125
998,196.16000366210932,196.9499969482422,195.88999938964844,196.94000244140625,196.68902587890625,40714100,195.88999938964844,197.57000732421875,198.1100006103516,195.7100067138672,193.4199981689453,195.66600341796877,184.5146008300781,0.0053601667008493,195.51261114912379,187.44490796481375,66.5355884388069,2.0214041008922177,1.05999755859375,0.005360166700849378
999,196.8999938964844,197.67999267578125,194.8300018310547,194.8300018310547,194.5817108154297,52242800,196.94000244140625,195.88999938964844,197.57000732421875,193.17999267578125,192.32000732421875,195.91700286865236,184.84340087890624,-0.0107139259885981,195.3885003640203,187.73451948898008,59.99180200850787,1.688124284637036,2.8499908447265625,-0.010713925988598105
1000,196.1000061035156,197.0800018310547,193.5,194.67999267578125,194.431884765625,46482500,194.8300018310547,196.94000244140625,195.88999938964844,194.7100067138672,194.2700042724609,195.9580017089844,185.1410006713867,-0.0007699489496669,195.25968078434047,188.0068909865017,57.388274482018105,1.6481859791148246,3.5800018310546875,-0.0007699489496669765
1001,195.17999267578125,195.41000366210932,192.97000122070312,193.6000061035156,193.3532867431641,37122800,194.67999267578125,194.8300018310547,196.94000244140625,197.9600067138672,195.7100067138672,195.7470016479492,185.3988006591797,-0.0055474964706017,194.95792175146323,188.22622883422773,59.24614199932594,1.8105273846772312,2.440002441406193,-0.005547496470601709
1002,193.6100006103516,193.88999938964844,192.8300018310547,193.0500030517578,192.80398559570312,28919300,193.6000061035156,194.67999267578125,194.8300018310547,198.1100006103516,193.17999267578125,195.73400268554687,185.68280059814447,-0.0028409247645565,194.61102744242586,188.41539645060146,49.03193403992673,1.8313523033366412,1.05999755859375,-0.0028409247645565516
1003,192.4900054931641,193.5,191.08999633789065,193.1499938964844,192.90383911132807,48087700,193.0500030517578,193.6000061035156,194.67999267578125,197.57000732421875,194.7100067138672,195.5780014038086,185.97140045166012,0.0005179530854488,194.3453849795274,188.6010669386753,52.29151254825773,1.9880149508526905,2.4100036621093466,0.0005179530854488856
1004,194.13999938964844,194.66000366210932,193.1699981689453,193.5800018310547,193.3332977294922,34049900,193.1499938964844,193.0500030517578,193.6000061035156,195.88999938964844,197.9600067138672,195.1400009155273,186.3000006103516,0.002226290179438,194.2062244070778,188.79631928739607,47.920430004672454,1.8847174772527426,1.4900054931640057,0.002226290179438095
1005,193.8999938964844,194.3999938964844,191.72999572753903,192.52999877929688,192.28463745117188,42628800,193.5800018310547,193.1499938964844,193.0500030517578,196.94000244140625,198.1100006103516,194.58200073242188,186.63380065917968,-0.0054241297749041,193.90145611111762,188.94273809100005,40.1851773360272,1.7271367005658629,2.6699981689453693,-0.005424129774904141
1006,187.1499938964844,188.44000244140625,183.88999938964844,185.63999938964844,185.4034118652344,82488700,192.52999877929688,193.5800018310547,193.1499938964844,194.8300018310547,197.57000732421875,193.38899993896484,186.83740051269533,-0.0357866277116983,192.39937307085052,188.81321892624118,31.663451883264457,3.0486008873220656,4.5500030517578125,-0.03578662771169838
1007,184.22000122070312,185.8800048828125,183.42999267578125,184.25,184.01519775390625,58414500,185.63999938964844,192.52999877929688,193.5800018310547,194.67999267578125,195.88999938964844,192.225,187.06480041503903,-0.0074876071655812,190.9176688761504,188.6342691644278,24.387836308000473,4.0464397161045005,2.45001220703125,-0.007487607165581278
1008,182.1499938964844,183.08999633789065,180.8800048828125,181.91000366210932,181.6781768798828,71983600,184.25,185.63999938964844,192.52999877929688,193.6000061035156,196.94000244140625,190.7220001220703,187.24300048828124,-0.0127001158094471,189.27991156450656,188.37057247806237,8.86722816314952,4.818262532424381,2.2099914550781534,-0.01270011580944741
1009,181.9900054931641,182.759994506836,180.1699981689453,181.17999267578125,180.9490966796875,62303300,181.91000366210932,184.25,185.63999938964844,193.0500030517578,194.8300018310547,189.35699920654295,187.39780029296875,-0.0040130337619258,187.80719903928377,188.0885889564043,7.864613832855198,5.420976106778798,2.589996337890682,-0.004013033761925633
1010,182.08999633789065,185.6000061035156,181.5,185.5599975585937,185.32351684570312,59144500,181.17999267578125,181.91000366210932,184.25,193.1499938964844,194.67999267578125,188.44499969482425,187.68700012207032,0.0241748816639506,187.39861695188557,187.98942850943135,24.905979679622945,5.18811000161402,4.100006103515597,0.024174881663950654
1011,183.9199981689453,185.1499938964844,182.72999572753903,185.13999938964844,184.904052734375,42841800,185.5599975585937,181.17999267578125,181.91000366210932,193.5800018310547,193.6000061035156,187.5989990234375,188.05200012207035,-0.0022634090023236,186.98795921329702,187.8776861910085,26.290265477195177,4.93783728055698,2.4199981689453693,-0.0022634090023235798
1012,184.3500061035156,186.3999938964844,183.9199981689453,186.19000244140625,185.9527130126953,46792900,185.13999938964844,185.5599975585937,181.17999267578125,192.52999877929688,193.0500030517578,186.9129989624024,188.4114001464844,0.0056714003198625,186.84287616386231,187.8115025145535,26.290265477195177,4.558337887838518,2.479995727539091,0.005671400319862574
1013,186.5399932861328,187.0500030517578,183.6199951171875,185.58999633789065,185.35348510742188,49128400,186.19000244140625,185.13999938964844,185.5599975585937,185.63999938964844,193.1499938964844,186.15699920654296,188.71740020751952,-0.0032225473744457,186.61507983186746,187.7243846252726,28.166358149995986,4.001956084570055,3.4300079345703125,-0.0032225473744457167
1014,186.0599975585937,186.7400054931641,185.19000244140625,185.9199981689453,185.6830596923828,40444700,185.58999633789065,186.19000244140625,185.13999938964844,184.25,193.5800018310547,185.39099884033203,189.0204000854492,0.001778122946098,186.48870134769976,187.6536243720833,29.47518803551405,3.0409886631271483,1.550003051757841,0.0017781229460980263
1015,182.16000366210932,184.259994506836,180.92999267578125,183.6300048828125,183.3959808349609,65603000,185.9199981689453,185.58999633789065,186.19000244140625,181.91000366210932,192.52999877929688,184.5009994506836,189.2136001586914,-0.0123170896551532,185.9689383540839,187.49583537250405,27.893585088487242,1.7462117377514637,3.3300018310547443,-0.012317089655153213
1016,181.2700042724609,182.92999267578125,180.3000030517578,182.67999267578125,182.4471893310547,47317400,183.6300048828125,185.9199981689453,185.58999633789065,181.17999267578125,185.63999938964844,184.2049987792969,189.31579986572265,-0.0051735129432551,185.3709482307561,187.30697879616199,27.407411839875152,1.7821921500162128,2.6299896240234375,-0.005173512943255187
1017,186.08999633789065,189.13999938964844,185.8300018310547,188.6300048828125,188.38961791992188,78005800,182.67999267578125,183.6300048828125,185.9199981689453,185.5599975585937,184.25,184.6429992675781,189.5554000854492,0.0325706834113534,185.96350398567543,187.35886217210907,42.15281015555451,2.266815910899206,3.30999755859375,0.032570683411353496
1018,189.3300018310547,191.9499969482422,188.82000732421875,191.5599975585937,191.3158721923828,68741000,188.6300048828125,182.67999267578125,183.6300048828125,185.13999938964844,181.91000366210932,185.60799865722657,189.80200012207035,0.0155330148965511,186.98104827166054,187.5236125794222,46.77315957507475,2.9308597813862938,3.1299896240234375,0.0155330148965509
1019,192.3000030517578,195.3300018310547,192.259994506836,193.88999938964844,193.6428985595703,60133900,191.5599975585937,188.6300048828125,182.67999267578125,186.19000244140625,181.17999267578125,186.87899932861328,190.0433999633789,0.0121633005885899,188.23722120220378,187.77327480727422,52.087168907320994,3.498242790900556,3.070007324218693,0.012163300588589943
1020,195.0200042724609,195.75,193.8300018310547,195.17999267578125,194.93125915527344,42355600,193.88999938964844,191.5599975585937,188.6300048828125,185.58999633789065,185.5599975585937,187.840998840332,190.2891998291016,0.0066532223951396,189.49954328830876,188.06373433152942,67.67973314677448,4.321157482431007,1.9199981689453125,0.006653222395139657
1021,195.4199981689453,196.3800048828125,194.33999633789065,194.5,194.2521209716797,53631300,195.17999267578125,193.88999938964844,191.5599975585937,185.9199981689453,185.13999938964844,188.7769989013672,190.53099975585937,-0.0034839261261312,190.408717235889,188.31613690676357,69.50893106076109,4.670683451785046,2.0400085449218466,-0.0034839261261312426
1022,195.22000122070312,196.2700042724609,193.1100006103516,194.1699981689453,193.92254638671875,54822100,194.5,195.17999267578125,193.88999938964844,183.6300048828125,186.19000244140625,189.5749984741211,190.6863998413086,-0.0016966675118492,191.09258649644465,188.5457000935158,75.26789336469824,4.857541815409851,3.160003662109318,-0.0016966675118492702
1023,194.2700042724609,194.759994506836,191.94000244140625,192.4199981689453,192.17477416992188,44594000,194.1699981689453,194.5,195.17999267578125,182.67999267578125,185.58999633789065,190.25799865722652,190.83879974365237,-0.0090127208966512,191.33393407326292,188.69763335137577,72.23101117790196,4.712987978067287,2.8199920654297443,-0.009012720896651283
1024,192.009994506836,192.1999969482422,189.5800018310547,191.72999572753903,191.48565673828125,47145600,192.4199981689453,194.1699981689453,194.5,188.6300048828125,185.9199981689453,190.83899841308596,190.924599609375,-0.0035859185530209,191.4059452831313,188.81654952299002,64.28901078009204,4.470685022184353,2.6199951171875,-0.003585918553020928
1025,190.94000244140625,191.8000030517578,187.47000122070312,188.0399932861328,187.80035400390625,55859400,191.72999572753903,192.4199981689453,194.1699981689453,191.5599975585937,183.6300048828125,191.279997253418,190.92519958496092,-0.0192458275889703,190.79395401094973,188.7860963372309,55.832646913319586,3.8557786836800467,4.3300018310546875,-0.01924582758897031
1026,187.0399932861328,187.1000061035156,184.3500061035156,184.3999938964844,184.1649932861328,55467800,188.0399932861328,191.72999572753903,192.4199981689453,193.88999938964844,182.67999267578125,191.45199737548828,190.81899932861327,-0.0193575809381655,189.63141580831967,188.61409231994674,46.739512297077695,3.4461216582931566,2.75,-0.01935758093816553
1027,183.9900054931641,186.9499969482422,183.82000732421875,186.8600006103516,186.6218719482422,64885400,184.3999938964844,188.0399932861328,191.72999572753903,195.17999267578125,188.6300048828125,191.27499694824215,190.76239929199215,0.0133406008421461,189.12752213596184,188.54530440976654,52.16650241740553,3.646783841866232,3.1299896240234375,0.013340600842146166
1028,179.86000061035156,187.3300018310547,179.25,185.8500061035156,185.6131591796875,102518000,186.8600006103516,184.3999938964844,188.0399932861328,194.5,191.5599975585937,190.7039978027344,190.6503994750977,-0.0054050867148506,188.53161013006252,188.4396064369724,49.88330768154465,4.024648936787078,8.080001831054688,-0.0054050867148506265
1029,188.1499938964844,189.25,185.83999633789065,187.67999267578125,187.44081115722656,69668800,185.8500061035156,186.8600006103516,184.3999938964844,194.1699981689453,193.88999938964844,190.08299713134767,190.5911993408203,0.0098465779508576,188.37677059292045,188.40981766202373,56.85741273346774,3.956959749561206,3.4100036621093466,0.009846577950857638
1030,186.8600006103516,189.3099975585937,186.7700042724609,189.3000030517578,189.0587615966797,43490800,187.67999267578125,185.8500061035156,186.8600006103516,192.4199981689453,195.17999267578125,189.4949981689453,190.5509994506836,0.0086317691773099,188.54463103998177,188.4447268929937,60.96028318698534,3.529149448799631,2.539993286132784,0.0086317691773099
1031,190.63999938964844,191.0500030517578,188.6100006103516,189.41000366210932,189.1686248779297,53439000,189.3000030517578,187.67999267578125,185.8500061035156,191.72999572753903,194.5,188.98599853515623,190.53979949951173,0.0005810914346444,188.70197151673221,188.48258088393942,51.600983678848536,3.063411985806107,2.4400024414062216,0.0005810914346442431
1032,189.38999938964844,189.5399932861328,187.3500061035156,188.32000732421875,188.0800170898437,40962000,189.41000366210932,189.3000030517578,187.67999267578125,188.0399932861328,194.1699981689453,188.4009994506836,190.51039978027345,-0.0057546925548612,188.63252348172978,188.4762054502249,42.806412488904975,2.463238377840794,2.189987182617216,-0.005754692554861163
1033,188.6499938964844,189.9900054931641,188.0,188.8500061035156,188.8500061035156,45155200,188.32000732421875,189.41000366210932,189.3000030517578,184.3999938964844,192.4199981689453,188.0440002441406,190.47940002441408,0.0028143519471321,188.6720657765999,188.49086429937356,37.83784579922737,2.038045406123401,1.990005493164091,0.0028143519471321987
1034,188.4199981689453,188.6699981689453,186.7899932861328,187.1499938964844,187.1499938964844,41781900,188.8500061035156,188.32000732421875,189.41000366210932,186.8600006103516,191.72999572753903,187.58600006103515,190.435,-0.0090019176705736,188.3953254347607,188.43828114631907,30.998587497183607,1.5810581781957898,1.8800048828125,-0.009001917670573678
1035,185.7700042724609,186.2100067138672,183.509994506836,185.0399932861328,185.0399932861328,56529500,187.1499938964844,188.8500061035156,188.32000732421875,185.8500061035156,188.0399932861328,187.2860000610352,190.3367999267578,-0.0112743824694895,187.7852650441011,188.30501495572352,29.03368497517394,1.7598530656775977,2.700012207031193,-0.01127438246948953
1036,185.32000732421875,185.52999877929688,182.44000244140625,184.1499938964844,184.1499938964844,54630500,185.0399932861328,187.1499938964844,188.8500061035156,187.67999267578125,184.3999938964844,187.2610000610352,190.19499969482425,-0.0048097677363843,187.12430665362535,188.14207295340043,28.330450312270372,1.80656206330788,3.089996337890625,-0.004809767736384307
1037,183.5500030517578,184.4900054931641,181.3500061035156,183.8600006103516,183.8600006103516,65434500,184.1499938964844,185.0399932861328,187.1499938964844,189.3000030517578,186.8600006103516,186.96100006103515,190.08359985351564,-0.0015747667431138,186.53079646393923,187.97414854779066,30.24008284548887,2.10499393246293,3.1399993896484943,-0.0015747667431138535
1038,183.4199981689453,184.8500061035156,181.6699981689453,182.3099975585937,182.3099975585937,49701400,183.8600006103516,184.1499938964844,185.0399932861328,189.41000366210932,185.8500061035156,186.60699920654295,189.86139984130855,-0.0084303439933232,185.76337848114912,187.75202497958688,29.085265582154392,2.56088842560574,3.180007934570284,-0.00843034399332332
1039,181.7899932861328,182.42999267578125,180.0,181.5599975585937,181.5599975585937,53665600,182.3099975585937,183.8600006103516,184.1499938964844,188.32000732421875,187.67999267578125,185.99499969482423,189.6461996459961,-0.004113872031395,184.99912740432086,187.50920037484207,33.45251501135817,2.9739390709881794,2.42999267578125,-0.004113872031395016
1040,181.94000244140625,182.88999938964844,180.66000366210932,182.32000732421875,182.32000732421875,41529700,181.5599975585937,182.3099975585937,183.8600006103516,188.8500061035156,189.3000030517578,185.2970001220703,189.40719970703125,0.0041859978841416,184.5120146624841,187.30570260815097,43.772499844671046,2.9308571002841273,2.2299957275391193,0.004185997884141868
1041,183.47999572753903,184.9600067138672,182.4600067138672,184.3699951171875,184.3699951171875,52292200,182.32000732421875,181.5599975585937,182.3099975585937,187.1499938964844,189.41000366210932,184.79299926757807,189.1803994750977,0.0112438992464676,184.4861929269756,187.19057682419162,42.35725439100164,2.554118278519159,2.5,0.011243899246467626
1042,185.009994506836,185.0399932861328,182.22999572753903,182.5200042724609,182.5200042724609,45119700,184.3699951171875,182.32000732421875,181.5599975585937,185.0399932861328,188.32000732421875,184.2129989624023,188.96719970703128,-0.0100341210268554,184.1287040807002,187.0074171162806,40.28019892555969,2.311190133583745,2.8099975585937784,-0.010034121026855414
1043,182.2400054931641,182.759994506836,180.6499938964844,181.16000366210932,181.16000366210932,40867400,182.5200042724609,184.3699951171875,182.32000732421875,184.1499938964844,188.8500061035156,183.44399871826167,188.6961996459961,-0.0074512413900746,183.58894036822912,186.7781067847445,30.432210142604447,1.825124952318168,2.110000610351591,-0.007451241390074803
1044,181.1000061035156,183.9199981689453,179.55999755859375,182.6300048828125,182.6300048828125,54318900,181.16000366210932,182.5200042724609,184.3699951171875,183.8600006103516,187.1499938964844,182.9919998168945,188.389599609375,0.0081143806082324,183.41458846178972,186.61543612192364,29.800119963142365,1.2851668918401846,4.3600006103515625,0.008114380608232663
1045,182.509994506836,183.1199951171875,180.1300048828125,181.4199981689453,181.4199981689453,48953900,182.6300048828125,181.16000366210932,182.5200042724609,182.3099975585937,185.0399932861328,182.63000030517577,188.0557995605469,-0.006625454095802,183.05193568127254,186.41169345710097,27.31401131108636,1.1465581792287498,2.989990234375,-0.006625454095802064
1046,181.2700042724609,182.57000732421875,179.52999877929688,180.75,180.75,136682600,181.4199981689453,182.6300048828125,181.16000366210932,181.5599975585937,184.1499938964844,182.2900009155273,187.7193994140625,-0.0036930778067882,182.63340192104116,186.18966626270486,27.98136634935986,1.1498495411447416,3.040008544921875,-0.003693077806788292
1047,179.5500030517578,180.52999877929688,177.3800048828125,179.66000366210938,179.66000366210938,73488000,180.75,181.4199981689453,182.6300048828125,182.32000732421875,183.8600006103516,181.8700012207031,187.3947994995117,-0.0060304085083852,182.09278405578084,185.9336010626815,24.112669179137697,1.2731140640244576,3.149993896484375,-0.00603040850838521
1048,176.14999389648438,176.89999389648438,173.7899932861328,175.10000610351562,175.10000610351562,81510100,179.66000366210938,180.75,181.4199981689453,184.3699951171875,182.3099975585937,181.14900207519528,186.95799957275392,-0.0253812616366736,180.8213698826417,185.50875420153776,20.766626983422185,2.472700148315374,3.1100006103515625,-0.025381261636673647
1049,170.75999450683594,172.0399932861328,169.6199951171875,170.1199951171875,170.1199951171875,95132400,175.10000610351562,179.66000366210938,180.75,182.5200042724609,181.5599975585937,180.0050018310547,186.46379943847657,-0.028440952671264,178.87566537983184,184.90527345313188,18.228277504654955,4.261076100624071,2.4199981689453125,-0.028440952671264008
1050,171.05999755859375,171.24000549316406,168.67999267578125,169.1199951171875,169.1199951171875,68587700,170.1199951171875,175.10000610351562,179.66000366210938,181.16000366210932,182.32000732421875,178.68500061035155,185.9525994873047,-0.0058782037896906,177.10190715026013,184.2862429301537,18.143278693190553,5.365641872328538,2.5600128173828125,-0.005878203789690617
1051,169.14999389648438,170.72999572753906,168.49000549316406,169.0,169.0,71765100,169.1199951171875,170.1199951171875,175.10000610351562,182.6300048828125,184.3699951171875,177.14800109863282,185.4605993652344,-0.0007095264939214,175.62883312294008,183.68678242308883,18.274974867300273,5.744247495521944,2.239990234375,-0.0007095264939214196
1052,169.0,173.6999969482422,168.94000244140625,170.72999572753906,170.72999572753906,76114600,169.0,169.1199951171875,170.1199951171875,181.4199981689453,182.5200042724609,175.96900024414063,185.01419921875,0.0102366611096986,174.73813541468533,183.1786731409104,25.466088297991632,5.729061958346241,4.7599945068359375,0.010236661109698675
1053,172.94000244140625,174.3800048828125,172.0500030517578,172.75,172.75,60139500,170.72999572753906,169.0,169.1199951171875,180.75,181.16000366210932,175.12799987792968,184.60619934082035,0.0118315722076429,174.3766562483789,182.76970556675707,32.287898495595,5.4948661719612675,2.3300018310546875,0.01183157220764297
